numer_zamowienia,data,kategoria,kanal_sprzedazy,kwota_zl
ZAM-2025-008688,2025-06-17,Uroda,Google Ads,100.38
ZAM-2025-006599,2025-08-02,Dom i ogród,Marketplace,188.99
ZAM-2025-002215,2025-12-08,Elektronika,Sklep internetowy,466.71
ZAM-2025-005995,2025-05-29,Dom i ogród,Google Ads,273.11
ZAM-2025-003533,2025-06-23,Odzież,Sklep internetowy,144.65
ZAM-2025-003386,2025-05-18,Odzież,Sklep internetowy,98.03
ZAM-2025-000356,2025-03-25,Elektronika,Google Ads,275.1
ZAM-2025-008326,2025-05-06,Uroda,Google Ads,64.53
ZAM-2025-004879,2025-12-28,Odzież,Google Ads,132.52
ZAM-2025-004269,2025-09-24,Odzież,Marketplace,104.62
ZAM-2025-009387,2025-10-18,Uroda,Sklep internetowy,121.21
ZAM-2025-006583,2025-07-16,Dom i ogród,Sklep internetowy,106.96
ZAM-2025-000441,2025-04-21,Elektronika,Facebook Ads,162.47
ZAM-2025-004829,2025-11-28,Odzież,Sklep internetowy,129.73
ZAM-2025-006070,2025-05-01,Dom i ogród,Sklep internetowy,149.34
ZAM-2025-008526,2025-05-08,Uroda,Google Ads,66.65
ZAM-2025-007664,2025-02-14,Uroda,Sklep internetowy,63.2
ZAM-2025-011381,2025-07-28,Sport,Google Ads,221.69
ZAM-2025-006479,2025-07-08,Dom i ogród,Sklep internetowy,185.08
ZAM-2025-006796,2025-09-15,Dom i ogród,Sklep internetowy,248.42
ZAM-2025-010871,2025-04-23,Sport,Marketplace,72.48
ZAM-2025-005382,2025-02-07,Dom i ogród,Sklep internetowy,84.96
ZAM-2025-009219,2025-09-20,Uroda,Facebook Ads,94.71
ZAM-2025-003092,2025-04-07,Odzież,Sklep internetowy,75.45
ZAM-2025-010816,2025-04-14,Sport,Sklep internetowy,73.19
ZAM-2025-000176,2025-02-10,Elektronika,Facebook Ads,138.22
ZAM-2025-008098,2025-04-15,Uroda,Marketplace,102.64
ZAM-2025-008648,2025-06-05,Uroda,Sklep internetowy,112.1
ZAM-2025-008846,2025-07-03,Uroda,Marketplace,103.28
ZAM-2025-001257,2025-09-26,Elektronika,Sklep internetowy,205.73
ZAM-2025-007707,2025-02-27,Uroda,Facebook Ads,102.63
ZAM-2025-004486,2025-10-13,Odzież,Marketplace,137.58
ZAM-2025-009546,2025-10-27,Uroda,Sklep internetowy,160.48
ZAM-2025-003581,2025-06-28,Odzież,Google Ads,108.57
ZAM-2025-002429,2025-02-11,Odzież,Google Ads,106.38
ZAM-2025-008127,2025-04-22,Uroda,Google Ads,120.62
ZAM-2025-010328,2025-01-19,Sport,Marketplace,116.91
ZAM-2025-001290,2025-09-24,Elektronika,Sklep internetowy,360.91
ZAM-2025-004975,2025-12-31,Odzież,Sklep internetowy,165.93
ZAM-2025-010715,2025-03-10,Sport,Sklep internetowy,117.35
ZAM-2025-002124,2025-12-29,Elektronika,Sklep internetowy,128.03
ZAM-2025-002195,2025-12-04,Elektronika,Marketplace,233.06
ZAM-2025-008249,2025-04-01,Uroda,Marketplace,74.72
ZAM-2025-003780,2025-07-10,Odzież,Sklep internetowy,19
ZAM-2025-013406,2025-11-09,Zabawki i prezenty,Facebook Ads,63.05
ZAM-2025-004054,2025-09-06,Odzież,Marketplace,73.63
ZAM-2025-013762,2025-12-11,Zabawki i prezenty,Marketplace,83.67
ZAM-2025-004126,2025-09-19,Odzież,Facebook Ads,127.81
ZAM-2025-001388,2025-09-29,Elektronika,Sklep internetowy,367.14
ZAM-2025-006695,2025-08-27,Dom i ogród,Sklep internetowy,74.96
ZAM-2025-010292,2025-01-03,Sport,Sklep internetowy,75.59
ZAM-2025-011091,2025-05-20,Sport,Facebook Ads,90.17
ZAM-2025-005572,2025-03-08,Dom i ogród,Sklep internetowy,186.38
ZAM-2025-007832,2025-02-23,Uroda,Sklep internetowy,84.18
ZAM-2025-006567,2025-07-11,Dom i ogród,Google Ads,158.22
ZAM-2025-011339,2025-06-11,Sport,Facebook Ads,214.17
ZAM-2025-006548,2025-07-31,Dom i ogród,Sklep internetowy,156.96
ZAM-2025-005411,2025-02-25,Dom i ogród,Marketplace,297.84
ZAM-2025-003992,2025-08-07,Odzież,Marketplace,142.51
ZAM-2025-003675,2025-06-30,Odzież,Marketplace,154.33
ZAM-2025-004782,2025-11-05,Odzież,Marketplace,92.72
ZAM-2025-001232,2025-08-11,Elektronika,Google Ads,237.48
ZAM-2025-012315,2025-12-24,Sport,Facebook Ads,262.78
ZAM-2025-005009,2025-12-02,Odzież,Sklep internetowy,110.39
ZAM-2025-001962,2025-12-20,Elektronika,Sklep internetowy,323.91
ZAM-2025-008264,2025-04-08,Uroda,Marketplace,99.91
ZAM-2025-004268,2025-09-03,Odzież,Google Ads,160.4
ZAM-2025-001448,2025-10-29,Elektronika,Sklep internetowy,200.95
ZAM-2025-012522,2025-02-12,Zabawki i prezenty,Sklep internetowy,31.79
ZAM-2025-002554,2025-02-01,Odzież,Marketplace,109.9
ZAM-2025-004534,2025-10-13,Odzież,Sklep internetowy,187.21
ZAM-2025-000188,2025-02-15,Elektronika,Facebook Ads,357.66
ZAM-2025-004334,2025-10-20,Odzież,Sklep internetowy,167.2
ZAM-2025-003561,2025-06-24,Odzież,Sklep internetowy,89.12
ZAM-2025-011241,2025-06-16,Sport,Marketplace,241.45
ZAM-2025-008653,2025-06-01,Uroda,Sklep internetowy,85.55
ZAM-2025-002091,2025-12-23,Elektronika,Marketplace,473.94
ZAM-2025-004030,2025-08-02,Odzież,Sklep internetowy,113.45
ZAM-2025-008315,2025-05-14,Uroda,Sklep internetowy,49.66
ZAM-2025-014028,2025-12-27,Zabawki i prezenty,Google Ads,96.02
ZAM-2025-008229,2025-04-23,Uroda,Google Ads,103.64
ZAM-2025-009259,2025-09-21,Uroda,Marketplace,55.53
ZAM-2025-001868,2025-11-28,Elektronika,Facebook Ads,230.8
ZAM-2025-008168,2025-04-17,Uroda,Marketplace,112.48
ZAM-2025-010365,2025-02-16,Sport,Sklep internetowy,208.66
ZAM-2025-010274,2025-01-06,Sport,Sklep internetowy,177.87
ZAM-2025-000748,2025-05-30,Elektronika,Sklep internetowy,207.94
ZAM-2025-002029,2025-12-04,Elektronika,Facebook Ads,627.19
ZAM-2025-004355,2025-10-18,Odzież,Sklep internetowy,95.08
ZAM-2025-008999,2025-08-13,Uroda,Sklep internetowy,75.52
ZAM-2025-009045,2025-08-23,Uroda,Facebook Ads,130.24
ZAM-2025-007231,2025-12-29,Dom i ogród,Marketplace,335.3
ZAM-2025-003636,2025-06-30,Odzież,Facebook Ads,60.85
ZAM-2025-001745,2025-11-11,Elektronika,Marketplace,512.07
ZAM-2025-010282,2025-01-21,Sport,Google Ads,114.68
ZAM-2025-010533,2025-02-08,Sport,Sklep internetowy,197.5
ZAM-2025-003752,2025-07-26,Odzież,Google Ads,153.25
ZAM-2025-008840,2025-07-28,Uroda,Facebook Ads,69.66
ZAM-2025-001544,2025-10-04,Elektronika,Marketplace,296.19
ZAM-2025-001460,2025-10-19,Elektronika,Marketplace,438.92
ZAM-2025-007612,2025-02-06,Uroda,Facebook Ads,89.14
ZAM-2025-007216,2025-11-29,Dom i ogród,Sklep internetowy,138.25
ZAM-2025-004582,2025-10-20,Odzież,Sklep internetowy,73.43
ZAM-2025-013001,2025-08-22,Zabawki i prezenty,Facebook Ads,71.41
ZAM-2025-000498,2025-04-18,Elektronika,Facebook Ads,204.52
ZAM-2025-013135,2025-09-17,Zabawki i prezenty,Sklep internetowy,79.74
ZAM-2025-006754,2025-08-06,Dom i ogród,Marketplace,219.77
ZAM-2025-003931,2025-08-23,Odzież,Marketplace,60.19
ZAM-2025-012037,2025-10-20,Sport,Sklep internetowy,192.97
ZAM-2025-006004,2025-05-31,Dom i ogród,Facebook Ads,239.28
ZAM-2025-012660,2025-04-19,Zabawki i prezenty,Sklep internetowy,72.49
ZAM-2025-012343,2025-12-20,Sport,Sklep internetowy,165.59
ZAM-2025-009715,2025-11-17,Uroda,Google Ads,51.39
ZAM-2025-006272,2025-06-29,Dom i ogród,Google Ads,261.03
ZAM-2025-013862,2025-12-24,Zabawki i prezenty,Marketplace,68.77
ZAM-2025-013494,2025-11-24,Zabawki i prezenty,Google Ads,70.05
ZAM-2025-006310,2025-06-18,Dom i ogród,Sklep internetowy,42.8
ZAM-2025-012370,2025-12-11,Sport,Marketplace,202.74
ZAM-2025-006658,2025-08-13,Dom i ogród,Marketplace,221.15
ZAM-2025-005061,2025-12-29,Odzież,Sklep internetowy,126.94
ZAM-2025-007294,2025-12-15,Dom i ogród,Google Ads,287.94
ZAM-2025-000418,2025-03-10,Elektronika,Marketplace,346.74
ZAM-2025-004336,2025-10-24,Odzież,Marketplace,47.15
ZAM-2025-009870,2025-12-20,Uroda,Sklep internetowy,124.35
ZAM-2025-000504,2025-04-21,Elektronika,Sklep internetowy,354.06
ZAM-2025-011363,2025-06-14,Sport,Sklep internetowy,166.52
ZAM-2025-005189,2025-01-28,Dom i ogród,Google Ads,130.72
ZAM-2025-008942,2025-07-15,Uroda,Sklep internetowy,85.2
ZAM-2025-002304,2025-01-21,Odzież,Sklep internetowy,186.7
ZAM-2025-009693,2025-11-24,Uroda,Google Ads,87.21
ZAM-2025-013500,2025-11-13,Zabawki i prezenty,Facebook Ads,39.39
ZAM-2025-013276,2025-11-17,Zabawki i prezenty,Google Ads,65.55
ZAM-2025-007457,2025-01-13,Uroda,Facebook Ads,113.39
ZAM-2025-004738,2025-11-15,Odzież,Sklep internetowy,127.85
ZAM-2025-001416,2025-09-20,Elektronika,Sklep internetowy,697.03
ZAM-2025-010101,2025-01-16,Sport,Google Ads,107.59
ZAM-2025-007381,2025-12-27,Dom i ogród,Sklep internetowy,98.81
ZAM-2025-007506,2025-01-27,Uroda,Sklep internetowy,102.6
ZAM-2025-012947,2025-08-11,Zabawki i prezenty,Marketplace,76.72
ZAM-2025-011362,2025-06-09,Sport,Google Ads,190.5
ZAM-2025-008250,2025-04-07,Uroda,Sklep internetowy,128.61
ZAM-2025-003845,2025-07-18,Odzież,Sklep internetowy,209.58
ZAM-2025-004775,2025-11-19,Odzież,Google Ads,136.24
ZAM-2025-002024,2025-12-03,Elektronika,Marketplace,432.25
ZAM-2025-005265,2025-01-24,Dom i ogród,Sklep internetowy,84.9
ZAM-2025-009732,2025-11-06,Uroda,Sklep internetowy,152.26
ZAM-2025-002949,2025-04-28,Odzież,Marketplace,156.34
ZAM-2025-002006,2025-12-21,Elektronika,Sklep internetowy,361.61
ZAM-2025-005718,2025-04-05,Dom i ogród,Sklep internetowy,232.7
ZAM-2025-011326,2025-06-25,Sport,Facebook Ads,167.53
ZAM-2025-012477,2025-02-28,Zabawki i prezenty,Sklep internetowy,83.81
ZAM-2025-011510,2025-07-08,Sport,Sklep internetowy,249.49
ZAM-2025-005976,2025-05-02,Dom i ogród,Sklep internetowy,233.34
ZAM-2025-012835,2025-06-01,Zabawki i prezenty,Sklep internetowy,76.63
ZAM-2025-004042,2025-09-09,Odzież,Sklep internetowy,167.86
ZAM-2025-001534,2025-10-29,Elektronika,Sklep internetowy,374.53
ZAM-2025-001777,2025-11-05,Elektronika,Sklep internetowy,587.78
ZAM-2025-013169,2025-10-23,Zabawki i prezenty,Marketplace,92.7
ZAM-2025-006399,2025-07-17,Dom i ogród,Sklep internetowy,207.21
ZAM-2025-009494,2025-10-21,Uroda,Google Ads,59.14
ZAM-2025-006208,2025-06-08,Dom i ogród,Sklep internetowy,165.83
ZAM-2025-006078,2025-05-23,Dom i ogród,Sklep internetowy,63.17
ZAM-2025-012052,2025-10-13,Sport,Sklep internetowy,118.76
ZAM-2025-012341,2025-12-24,Sport,Marketplace,179.96
ZAM-2025-006376,2025-07-11,Dom i ogród,Marketplace,204.06
ZAM-2025-005434,2025-03-23,Dom i ogród,Facebook Ads,150.7
ZAM-2025-004471,2025-10-30,Odzież,Google Ads,126.14
ZAM-2025-006107,2025-06-12,Dom i ogród,Sklep internetowy,129.4
ZAM-2025-003334,2025-05-07,Odzież,Facebook Ads,136.74
ZAM-2025-012722,2025-05-09,Zabawki i prezenty,Google Ads,51.52
ZAM-2025-010486,2025-02-25,Sport,Sklep internetowy,144.6
ZAM-2025-000754,2025-05-23,Elektronika,Sklep internetowy,208.83
ZAM-2025-003141,2025-04-17,Odzież,Sklep internetowy,24.36
ZAM-2025-007641,2025-02-10,Uroda,Sklep internetowy,101.76
ZAM-2025-004853,2025-11-24,Odzież,Sklep internetowy,57.56
ZAM-2025-001689,2025-11-05,Elektronika,Facebook Ads,469.5
ZAM-2025-012894,2025-07-21,Zabawki i prezenty,Marketplace,79.88
ZAM-2025-007224,2025-11-19,Dom i ogród,Sklep internetowy,177.26
ZAM-2025-010622,2025-03-29,Sport,Marketplace,215.62
ZAM-2025-006398,2025-07-02,Dom i ogród,Google Ads,195.08
ZAM-2025-010368,2025-02-21,Sport,Marketplace,181.59
ZAM-2025-011167,2025-06-11,Sport,Marketplace,184.54
ZAM-2025-011224,2025-06-10,Sport,Sklep internetowy,249.65
ZAM-2025-002970,2025-04-05,Odzież,Sklep internetowy,121.18
ZAM-2025-010928,2025-04-20,Sport,Sklep internetowy,145.74
ZAM-2025-013575,2025-11-05,Zabawki i prezenty,Sklep internetowy,29.25
ZAM-2025-009035,2025-08-17,Uroda,Facebook Ads,78.89
ZAM-2025-001070,2025-07-25,Elektronika,Sklep internetowy,378.03
ZAM-2025-009924,2025-12-26,Uroda,Sklep internetowy,123.5
ZAM-2025-011754,2025-08-10,Sport,Facebook Ads,141.38
ZAM-2025-003485,2025-06-20,Odzież,Marketplace,98.19
ZAM-2025-003916,2025-08-11,Odzież,Google Ads,153.83
ZAM-2025-007787,2025-02-27,Uroda,Sklep internetowy,110.98
ZAM-2025-012295,2025-12-09,Sport,Google Ads,102.34
ZAM-2025-004620,2025-10-24,Odzież,Facebook Ads,92.74
ZAM-2025-003977,2025-08-02,Odzież,Facebook Ads,142.22
ZAM-2025-006819,2025-09-28,Dom i ogród,Facebook Ads,115.54
ZAM-2025-003700,2025-07-12,Odzież,Google Ads,79.71
ZAM-2025-009568,2025-10-12,Uroda,Marketplace,43.87
ZAM-2025-010293,2025-01-29,Sport,Marketplace,161.71
ZAM-2025-008147,2025-04-02,Uroda,Sklep internetowy,93.83
ZAM-2025-008428,2025-05-21,Uroda,Google Ads,111.53
ZAM-2025-011190,2025-06-19,Sport,Google Ads,130.07
ZAM-2025-012243,2025-12-19,Sport,Google Ads,67.84
ZAM-2025-002603,2025-02-02,Odzież,Facebook Ads,105.69
ZAM-2025-009728,2025-11-13,Uroda,Marketplace,121.2
ZAM-2025-002228,2025-12-08,Elektronika,Sklep internetowy,432.16
ZAM-2025-003945,2025-08-20,Odzież,Marketplace,136.48
ZAM-2025-009863,2025-12-01,Uroda,Google Ads,77.32
ZAM-2025-007332,2025-12-20,Dom i ogród,Facebook Ads,92.5
ZAM-2025-011524,2025-07-09,Sport,Facebook Ads,170.77
ZAM-2025-000088,2025-01-27,Elektronika,Marketplace,224.94
ZAM-2025-000222,2025-02-09,Elektronika,Sklep internetowy,264.75
ZAM-2025-003691,2025-07-18,Odzież,Google Ads,130.49
ZAM-2025-011685,2025-08-06,Sport,Google Ads,196.93
ZAM-2025-000669,2025-05-07,Elektronika,Google Ads,437.07
ZAM-2025-011508,2025-07-17,Sport,Marketplace,127.72
ZAM-2025-003407,2025-05-26,Odzież,Sklep internetowy,129.21
ZAM-2025-004082,2025-09-22,Odzież,Marketplace,99.85
ZAM-2025-005269,2025-01-18,Dom i ogród,Sklep internetowy,138.5
ZAM-2025-003038,2025-04-25,Odzież,Marketplace,259.94
ZAM-2025-010824,2025-04-12,Sport,Marketplace,116.83
ZAM-2025-004750,2025-11-22,Odzież,Sklep internetowy,131.35
ZAM-2025-004987,2025-12-15,Odzież,Sklep internetowy,110.1
ZAM-2025-011117,2025-05-01,Sport,Marketplace,95.01
ZAM-2025-013312,2025-11-02,Zabawki i prezenty,Marketplace,79.76
ZAM-2025-013425,2025-11-14,Zabawki i prezenty,Sklep internetowy,102.95
ZAM-2025-010246,2025-01-20,Sport,Sklep internetowy,107.47
ZAM-2025-004058,2025-09-16,Odzież,Sklep internetowy,142.49
ZAM-2025-002080,2025-12-12,Elektronika,Facebook Ads,217.98
ZAM-2025-013243,2025-10-16,Zabawki i prezenty,Google Ads,76.23
ZAM-2025-006809,2025-09-30,Dom i ogród,Facebook Ads,259.36
ZAM-2025-004155,2025-09-22,Odzież,Sklep internetowy,98.58
ZAM-2025-008126,2025-04-10,Uroda,Facebook Ads,85.95
ZAM-2025-001852,2025-11-21,Elektronika,Sklep internetowy,304.39
ZAM-2025-005527,2025-03-31,Dom i ogród,Sklep internetowy,155.06
ZAM-2025-012025,2025-10-22,Sport,Marketplace,206.11
ZAM-2025-007818,2025-02-20,Uroda,Marketplace,68.46
ZAM-2025-008081,2025-03-08,Uroda,Marketplace,118.57
ZAM-2025-005552,2025-03-13,Dom i ogród,Sklep internetowy,295.78
ZAM-2025-010823,2025-04-23,Sport,Sklep internetowy,117.41
ZAM-2025-012097,2025-11-19,Sport,Google Ads,140.24
ZAM-2025-012199,2025-11-30,Sport,Google Ads,255.58
ZAM-2025-000911,2025-06-01,Elektronika,Sklep internetowy,330.34
ZAM-2025-000707,2025-05-31,Elektronika,Marketplace,459.59
ZAM-2025-007288,2025-12-03,Dom i ogród,Marketplace,24.9
ZAM-2025-003236,2025-05-25,Odzież,Sklep internetowy,137.85
ZAM-2025-008187,2025-04-28,Uroda,Sklep internetowy,95.42
ZAM-2025-007790,2025-02-08,Uroda,Sklep internetowy,113.51
ZAM-2025-003515,2025-06-16,Odzież,Facebook Ads,75.34
ZAM-2025-009102,2025-08-09,Uroda,Google Ads,125.5
ZAM-2025-012572,2025-03-03,Zabawki i prezenty,Marketplace,64.24
ZAM-2025-000425,2025-03-19,Elektronika,Sklep internetowy,335.83
ZAM-2025-006687,2025-08-30,Dom i ogród,Sklep internetowy,281.62
ZAM-2025-011769,2025-08-25,Sport,Facebook Ads,222.01
ZAM-2025-002178,2025-12-05,Elektronika,Sklep internetowy,312.64
ZAM-2025-007638,2025-02-15,Uroda,Facebook Ads,75.06
ZAM-2025-004235,2025-09-27,Odzież,Sklep internetowy,175.4
ZAM-2025-008019,2025-03-10,Uroda,Sklep internetowy,99.72
ZAM-2025-002990,2025-04-21,Odzież,Sklep internetowy,83.94
ZAM-2025-013585,2025-11-28,Zabawki i prezenty,Sklep internetowy,88.45
ZAM-2025-011439,2025-07-27,Sport,Sklep internetowy,247.92
ZAM-2025-005949,2025-05-20,Dom i ogród,Sklep internetowy,125.87
ZAM-2025-002361,2025-01-16,Odzież,Marketplace,222.96
ZAM-2025-006702,2025-08-07,Dom i ogród,Sklep internetowy,237.86
ZAM-2025-012844,2025-06-01,Zabawki i prezenty,Marketplace,53.46
ZAM-2025-013223,2025-10-22,Zabawki i prezenty,Sklep internetowy,75.94
ZAM-2025-002362,2025-01-19,Odzież,Sklep internetowy,115.98
ZAM-2025-007339,2025-12-18,Dom i ogród,Sklep internetowy,157.85
ZAM-2025-000263,2025-02-05,Elektronika,Marketplace,249.47
ZAM-2025-005209,2025-01-25,Dom i ogród,Sklep internetowy,206.11
ZAM-2025-010320,2025-01-30,Sport,Google Ads,164.72
ZAM-2025-003869,2025-08-01,Odzież,Google Ads,117.64
ZAM-2025-011606,2025-08-27,Sport,Google Ads,212.39
ZAM-2025-010039,2025-12-02,Uroda,Marketplace,116.09
ZAM-2025-010309,2025-01-24,Sport,Marketplace,95.35
ZAM-2025-004096,2025-09-17,Odzież,Marketplace,199.03
ZAM-2025-010048,2025-12-08,Uroda,Sklep internetowy,95.2
ZAM-2025-012630,2025-04-29,Zabawki i prezenty,Sklep internetowy,62.82
ZAM-2025-005147,2025-12-28,Odzież,Facebook Ads,130.86
ZAM-2025-007162,2025-11-01,Dom i ogród,Sklep internetowy,55.35
ZAM-2025-009072,2025-08-08,Uroda,Sklep internetowy,132.61
ZAM-2025-005532,2025-03-04,Dom i ogród,Sklep internetowy,242.9
ZAM-2025-011050,2025-05-19,Sport,Marketplace,146.17
ZAM-2025-003094,2025-04-14,Odzież,Google Ads,159.65
ZAM-2025-005756,2025-04-15,Dom i ogród,Marketplace,278.48
ZAM-2025-003952,2025-08-05,Odzież,Sklep internetowy,107.28
ZAM-2025-006230,2025-06-25,Dom i ogród,Marketplace,173.54
ZAM-2025-008686,2025-06-23,Uroda,Sklep internetowy,109.91
ZAM-2025-012228,2025-12-15,Sport,Marketplace,88.59
ZAM-2025-004279,2025-09-08,Odzież,Marketplace,120.42
ZAM-2025-013931,2025-12-17,Zabawki i prezenty,Sklep internetowy,78.51
ZAM-2025-000681,2025-05-05,Elektronika,Marketplace,387.98
ZAM-2025-004392,2025-10-02,Odzież,Sklep internetowy,153.5
ZAM-2025-010454,2025-02-25,Sport,Google Ads,19
ZAM-2025-013403,2025-11-29,Zabawki i prezenty,Sklep internetowy,55.33
ZAM-2025-013526,2025-11-27,Zabawki i prezenty,Sklep internetowy,29.19
ZAM-2025-009754,2025-11-22,Uroda,Facebook Ads,108.44
ZAM-2025-012973,2025-08-13,Zabawki i prezenty,Marketplace,104.71
ZAM-2025-004823,2025-11-21,Odzież,Sklep internetowy,157.37
ZAM-2025-005330,2025-02-22,Dom i ogród,Google Ads,240.52
ZAM-2025-012612,2025-03-01,Zabawki i prezenty,Sklep internetowy,71.59
ZAM-2025-010180,2025-01-12,Sport,Google Ads,47.5
ZAM-2025-002713,2025-03-01,Odzież,Facebook Ads,95.88
ZAM-2025-007359,2025-12-12,Dom i ogród,Sklep internetowy,134.3
ZAM-2025-002862,2025-03-05,Odzież,Marketplace,68.93
ZAM-2025-003471,2025-05-17,Odzież,Google Ads,240.42
ZAM-2025-000935,2025-07-29,Elektronika,Marketplace,667.46
ZAM-2025-007367,2025-12-30,Dom i ogród,Facebook Ads,162.91
ZAM-2025-012398,2025-01-01,Zabawki i prezenty,Marketplace,102.91
ZAM-2025-006251,2025-06-18,Dom i ogród,Sklep internetowy,197.79
ZAM-2025-011278,2025-06-24,Sport,Marketplace,159.87
ZAM-2025-007065,2025-10-10,Dom i ogród,Facebook Ads,89.3
ZAM-2025-001349,2025-09-26,Elektronika,Facebook Ads,601.94
ZAM-2025-006182,2025-06-08,Dom i ogród,Google Ads,91.83
ZAM-2025-013462,2025-11-03,Zabawki i prezenty,Sklep internetowy,80.55
ZAM-2025-009124,2025-08-31,Uroda,Facebook Ads,96.31
ZAM-2025-000388,2025-03-13,Elektronika,Sklep internetowy,117.44
ZAM-2025-002858,2025-03-28,Odzież,Sklep internetowy,131.41
ZAM-2025-013353,2025-11-21,Zabawki i prezenty,Sklep internetowy,38.31
ZAM-2025-002241,2025-01-21,Odzież,Facebook Ads,151.92
ZAM-2025-002524,2025-02-18,Odzież,Facebook Ads,150.38
ZAM-2025-007875,2025-03-19,Uroda,Sklep internetowy,76.84
ZAM-2025-012036,2025-10-01,Sport,Sklep internetowy,161.68
ZAM-2025-007403,2025-01-14,Uroda,Sklep internetowy,124.52
ZAM-2025-005960,2025-05-08,Dom i ogród,Facebook Ads,157.03
ZAM-2025-008664,2025-06-17,Uroda,Google Ads,90.96
ZAM-2025-002345,2025-01-22,Odzież,Sklep internetowy,154.28
ZAM-2025-011885,2025-09-27,Sport,Sklep internetowy,191.36
ZAM-2025-004329,2025-10-24,Odzież,Sklep internetowy,200.06
ZAM-2025-007025,2025-10-05,Dom i ogród,Google Ads,100.91
ZAM-2025-013104,2025-09-03,Zabawki i prezenty,Google Ads,67.25
ZAM-2025-014021,2025-12-01,Zabawki i prezenty,Google Ads,112.02
ZAM-2025-005512,2025-03-12,Dom i ogród,Facebook Ads,134.83
ZAM-2025-005813,2025-04-07,Dom i ogród,Sklep internetowy,186.35
ZAM-2025-012966,2025-08-28,Zabawki i prezenty,Sklep internetowy,62.62
ZAM-2025-008767,2025-06-01,Uroda,Marketplace,100.62
ZAM-2025-005455,2025-03-07,Dom i ogród,Google Ads,133.49
ZAM-2025-003849,2025-07-10,Odzież,Facebook Ads,103.48
ZAM-2025-001044,2025-07-01,Elektronika,Facebook Ads,522.02
ZAM-2025-011046,2025-05-05,Sport,Sklep internetowy,238.48
ZAM-2025-010771,2025-04-19,Sport,Sklep internetowy,104.51
ZAM-2025-000958,2025-07-19,Elektronika,Sklep internetowy,680.85
ZAM-2025-013808,2025-12-04,Zabawki i prezenty,Google Ads,53.16
ZAM-2025-005333,2025-02-20,Dom i ogród,Marketplace,229.21
ZAM-2025-001278,2025-09-02,Elektronika,Marketplace,401.84
ZAM-2025-013856,2025-12-18,Zabawki i prezenty,Facebook Ads,57.69
ZAM-2025-006157,2025-06-16,Dom i ogród,Facebook Ads,176.53
ZAM-2025-004158,2025-09-17,Odzież,Facebook Ads,146.59
ZAM-2025-000639,2025-05-28,Elektronika,Sklep internetowy,537.5
ZAM-2025-001136,2025-08-26,Elektronika,Marketplace,416.97
ZAM-2025-008714,2025-06-12,Uroda,Google Ads,105.75
ZAM-2025-010045,2025-12-27,Uroda,Google Ads,83.18
ZAM-2025-006828,2025-09-17,Dom i ogród,Sklep internetowy,193.98
ZAM-2025-009601,2025-11-03,Uroda,Sklep internetowy,65.3
ZAM-2025-008722,2025-06-14,Uroda,Sklep internetowy,116.79
ZAM-2025-001269,2025-09-02,Elektronika,Sklep internetowy,507.67
ZAM-2025-005740,2025-04-17,Dom i ogród,Marketplace,19
ZAM-2025-001198,2025-08-08,Elektronika,Google Ads,572.41
ZAM-2025-007824,2025-02-08,Uroda,Facebook Ads,59.67
ZAM-2025-012644,2025-04-25,Zabawki i prezenty,Marketplace,94.59
ZAM-2025-004897,2025-12-16,Odzież,Marketplace,125.27
ZAM-2025-008285,2025-04-26,Uroda,Sklep internetowy,100.66
ZAM-2025-001176,2025-08-12,Elektronika,Sklep internetowy,371.44
ZAM-2025-006998,2025-10-30,Dom i ogród,Marketplace,32.35
ZAM-2025-012565,2025-03-23,Zabawki i prezenty,Sklep internetowy,67.07
ZAM-2025-010694,2025-03-09,Sport,Sklep internetowy,119.4
ZAM-2025-001932,2025-11-14,Elektronika,Facebook Ads,394.27
ZAM-2025-000831,2025-06-20,Elektronika,Facebook Ads,279.76
ZAM-2025-012544,2025-03-15,Zabawki i prezenty,Marketplace,62.37
ZAM-2025-013281,2025-11-09,Zabawki i prezenty,Google Ads,90.66
ZAM-2025-012963,2025-08-14,Zabawki i prezenty,Google Ads,59.5
ZAM-2025-010195,2025-01-09,Sport,Marketplace,187.96
ZAM-2025-014030,2025-12-12,Zabawki i prezenty,Facebook Ads,80.55
ZAM-2025-005659,2025-04-17,Dom i ogród,Marketplace,197.93
ZAM-2025-008499,2025-05-09,Uroda,Google Ads,66.8
ZAM-2025-006113,2025-06-27,Dom i ogród,Sklep internetowy,139.9
ZAM-2025-010568,2025-03-01,Sport,Sklep internetowy,238.49
ZAM-2025-011745,2025-08-14,Sport,Facebook Ads,99.85
ZAM-2025-003532,2025-06-04,Odzież,Sklep internetowy,95.46
ZAM-2025-003005,2025-04-01,Odzież,Marketplace,96.83
ZAM-2025-001373,2025-09-09,Elektronika,Marketplace,502.49
ZAM-2025-000282,2025-03-16,Elektronika,Marketplace,233.79
ZAM-2025-004712,2025-11-17,Odzież,Marketplace,122.46
ZAM-2025-007708,2025-02-10,Uroda,Sklep internetowy,112.77
ZAM-2025-008047,2025-03-19,Uroda,Sklep internetowy,128.03
ZAM-2025-012491,2025-02-19,Zabawki i prezenty,Marketplace,26.86
ZAM-2025-001315,2025-09-21,Elektronika,Sklep internetowy,501.74
ZAM-2025-004743,2025-11-20,Odzież,Sklep internetowy,220.11
ZAM-2025-011656,2025-08-16,Sport,Sklep internetowy,180.12
ZAM-2025-009911,2025-12-29,Uroda,Marketplace,79.98
ZAM-2025-009424,2025-10-17,Uroda,Sklep internetowy,98.7
ZAM-2025-013325,2025-11-22,Zabawki i prezenty,Sklep internetowy,90.38
ZAM-2025-008460,2025-05-18,Uroda,Google Ads,99.38
ZAM-2025-006602,2025-08-09,Dom i ogród,Sklep internetowy,252.45
ZAM-2025-002395,2025-01-04,Odzież,Sklep internetowy,182.0
ZAM-2025-012258,2025-12-23,Sport,Facebook Ads,76.68
ZAM-2025-011256,2025-06-06,Sport,Sklep internetowy,175.17
ZAM-2025-004692,2025-11-20,Odzież,Sklep internetowy,37.03
ZAM-2025-009687,2025-11-18,Uroda,Google Ads,88.5
ZAM-2025-009851,2025-12-04,Uroda,Facebook Ads,122.26
ZAM-2025-006049,2025-05-30,Dom i ogród,Sklep internetowy,83.58
ZAM-2025-013085,2025-09-22,Zabawki i prezenty,Facebook Ads,95.91
ZAM-2025-011457,2025-07-22,Sport,Sklep internetowy,142.96
ZAM-2025-012372,2025-12-01,Sport,Sklep internetowy,130.12
ZAM-2025-009655,2025-11-02,Uroda,Google Ads,121.29
ZAM-2025-002012,2025-12-18,Elektronika,Marketplace,531.74
ZAM-2025-002960,2025-04-23,Odzież,Sklep internetowy,122.45
ZAM-2025-005404,2025-02-23,Dom i ogród,Sklep internetowy,236.82
ZAM-2025-006450,2025-07-18,Dom i ogród,Google Ads,235.25
ZAM-2025-006615,2025-08-20,Dom i ogród,Facebook Ads,224.9
ZAM-2025-001800,2025-11-15,Elektronika,Facebook Ads,332.07
ZAM-2025-003905,2025-08-31,Odzież,Google Ads,143.08
ZAM-2025-008674,2025-06-16,Uroda,Sklep internetowy,97.02
ZAM-2025-013798,2025-12-03,Zabawki i prezenty,Facebook Ads,104.93
ZAM-2025-000284,2025-03-02,Elektronika,Sklep internetowy,450.92
ZAM-2025-005261,2025-01-25,Dom i ogród,Marketplace,155.56
ZAM-2025-006319,2025-06-03,Dom i ogród,Sklep internetowy,19
ZAM-2025-005386,2025-02-10,Dom i ogród,Sklep internetowy,369.7
ZAM-2025-009752,2025-11-10,Uroda,Google Ads,94.75
ZAM-2025-001294,2025-09-10,Elektronika,Marketplace,371.25
ZAM-2025-003598,2025-06-06,Odzież,Google Ads,161.3
ZAM-2025-009388,2025-10-28,Uroda,Sklep internetowy,92.85
ZAM-2025-009555,2025-10-19,Uroda,Sklep internetowy,70.57
ZAM-2025-008357,2025-05-31,Uroda,Marketplace,118.02
ZAM-2025-005790,2025-04-21,Dom i ogród,Facebook Ads,193.72
ZAM-2025-004520,2025-10-25,Odzież,Sklep internetowy,180.39
ZAM-2025-009903,2025-12-16,Uroda,Sklep internetowy,72.54
ZAM-2025-012179,2025-11-30,Sport,Marketplace,194.54
ZAM-2025-013546,2025-11-27,Zabawki i prezenty,Marketplace,120.16
ZAM-2025-011370,2025-06-03,Sport,Marketplace,250.04
ZAM-2025-013966,2025-12-18,Zabawki i prezenty,Sklep internetowy,94.65
ZAM-2025-009066,2025-08-24,Uroda,Facebook Ads,103.18
ZAM-2025-011118,2025-05-18,Sport,Sklep internetowy,34.21
ZAM-2025-005441,2025-03-08,Dom i ogród,Marketplace,329.11
ZAM-2025-002191,2025-12-06,Elektronika,Facebook Ads,202.09
ZAM-2025-014064,2025-12-10,Zabawki i prezenty,Sklep internetowy,118.7
ZAM-2025-013384,2025-11-16,Zabawki i prezenty,Google Ads,82.92
ZAM-2025-005931,2025-05-18,Dom i ogród,Google Ads,188.52
ZAM-2025-007213,2025-11-05,Dom i ogród,Google Ads,192.47
ZAM-2025-009974,2025-12-21,Uroda,Google Ads,113.07
ZAM-2025-003915,2025-08-08,Odzież,Facebook Ads,178.37
ZAM-2025-003298,2025-05-16,Odzież,Facebook Ads,94.39
ZAM-2025-001734,2025-11-23,Elektronika,Facebook Ads,406.82
ZAM-2025-010991,2025-05-14,Sport,Sklep internetowy,173.44
ZAM-2025-001556,2025-10-27,Elektronika,Sklep internetowy,110.35
ZAM-2025-010683,2025-03-07,Sport,Marketplace,84.39
ZAM-2025-008757,2025-06-06,Uroda,Facebook Ads,94.09
ZAM-2025-003999,2025-08-03,Odzież,Sklep internetowy,97.6
ZAM-2025-005039,2025-12-06,Odzież,Sklep internetowy,96.97
ZAM-2025-002828,2025-03-20,Odzież,Sklep internetowy,155.38
ZAM-2025-004904,2025-12-08,Odzież,Google Ads,92.1
ZAM-2025-011774,2025-08-23,Sport,Sklep internetowy,182.55
ZAM-2025-009074,2025-08-25,Uroda,Sklep internetowy,121.91
ZAM-2025-000020,2025-01-20,Elektronika,Google Ads,384.28
ZAM-2025-010801,2025-04-08,Sport,Sklep internetowy,147.66
ZAM-2025-009447,2025-10-31,Uroda,Facebook Ads,142.73
ZAM-2025-009516,2025-10-03,Uroda,Facebook Ads,88.94
ZAM-2025-006029,2025-05-11,Dom i ogród,Sklep internetowy,224.91
ZAM-2025-001255,2025-09-17,Elektronika,Sklep internetowy,553.13
ZAM-2025-008981,2025-08-09,Uroda,Google Ads,145.58
ZAM-2025-001484,2025-10-24,Elektronika,Marketplace,19
ZAM-2025-011988,2025-10-23,Sport,Marketplace,207.4
ZAM-2025-012418,2025-01-05,Zabawki i prezenty,Sklep internetowy,131.83
ZAM-2025-003937,2025-08-24,Odzież,Sklep internetowy,23.55
ZAM-2025-005031,2025-12-07,Odzież,Marketplace,23.43
ZAM-2025-001334,2025-09-25,Elektronika,Facebook Ads,438.93
ZAM-2025-010705,2025-03-17,Sport,Google Ads,172.29
ZAM-2025-003303,2025-05-04,Odzież,Facebook Ads,60.39
ZAM-2025-006843,2025-09-30,Dom i ogród,Facebook Ads,149.01
ZAM-2025-007923,2025-03-19,Uroda,Sklep internetowy,102.87
ZAM-2025-011981,2025-10-05,Sport,Marketplace,126.65
ZAM-2025-006661,2025-08-14,Dom i ogród,Marketplace,126.17
ZAM-2025-007783,2025-02-03,Uroda,Marketplace,91.25
ZAM-2025-003187,2025-04-29,Odzież,Sklep internetowy,61.47
ZAM-2025-001335,2025-09-27,Elektronika,Facebook Ads,358.96
ZAM-2025-003496,2025-06-02,Odzież,Facebook Ads,124.68
ZAM-2025-011093,2025-05-15,Sport,Facebook Ads,162.73
ZAM-2025-000201,2025-02-07,Elektronika,Marketplace,323.29
ZAM-2025-009775,2025-11-14,Uroda,Marketplace,111.05
ZAM-2025-002535,2025-02-13,Odzież,Sklep internetowy,156.63
ZAM-2025-012651,2025-04-04,Zabawki i prezenty,Sklep internetowy,122.45
ZAM-2025-011947,2025-09-15,Sport,Facebook Ads,220.54
ZAM-2025-001553,2025-10-13,Elektronika,Marketplace,230.52
ZAM-2025-004272,2025-09-03,Odzież,Sklep internetowy,217.05
ZAM-2025-012041,2025-10-31,Sport,Marketplace,130.39
ZAM-2025-004099,2025-09-25,Odzież,Sklep internetowy,113.13
ZAM-2025-005146,2025-12-21,Odzież,Sklep internetowy,193.88
ZAM-2025-009391,2025-10-03,Uroda,Marketplace,40.17
ZAM-2025-000715,2025-05-30,Elektronika,Facebook Ads,272.07
ZAM-2025-002830,2025-03-19,Odzież,Sklep internetowy,176.3
ZAM-2025-003275,2025-05-02,Odzież,Google Ads,100.34
ZAM-2025-003567,2025-06-26,Odzież,Facebook Ads,209.87
ZAM-2025-001359,2025-09-19,Elektronika,Marketplace,272.18
ZAM-2025-004109,2025-09-18,Odzież,Facebook Ads,115.39
ZAM-2025-005525,2025-03-22,Dom i ogród,Sklep internetowy,193.66
ZAM-2025-008436,2025-05-30,Uroda,Facebook Ads,125.39
ZAM-2025-013905,2025-12-27,Zabawki i prezenty,Facebook Ads,95.32
ZAM-2025-002357,2025-01-02,Odzież,Sklep internetowy,19
ZAM-2025-007286,2025-12-31,Dom i ogród,Marketplace,156.3
ZAM-2025-003850,2025-07-12,Odzież,Google Ads,148.84
ZAM-2025-012876,2025-07-08,Zabawki i prezenty,Facebook Ads,62.61
ZAM-2025-013484,2025-11-23,Zabawki i prezenty,Sklep internetowy,66.72
ZAM-2025-005570,2025-03-13,Dom i ogród,Marketplace,63.87
ZAM-2025-010476,2025-02-20,Sport,Sklep internetowy,213.89
ZAM-2025-004308,2025-09-21,Odzież,Sklep internetowy,180.52
ZAM-2025-004108,2025-09-09,Odzież,Facebook Ads,160.11
ZAM-2025-007710,2025-02-11,Uroda,Facebook Ads,65.9
ZAM-2025-002239,2025-01-12,Odzież,Sklep internetowy,175.44
ZAM-2025-012545,2025-03-10,Zabawki i prezenty,Marketplace,70.1
ZAM-2025-004448,2025-10-31,Odzież,Sklep internetowy,134.12
ZAM-2025-012226,2025-12-22,Sport,Marketplace,105.9
ZAM-2025-005561,2025-03-01,Dom i ogród,Sklep internetowy,248.01
ZAM-2025-001605,2025-10-19,Elektronika,Sklep internetowy,389.3
ZAM-2025-012845,2025-06-21,Zabawki i prezenty,Facebook Ads,84.47
ZAM-2025-012781,2025-05-19,Zabawki i prezenty,Sklep internetowy,104.68
ZAM-2025-001497,2025-10-19,Elektronika,Sklep internetowy,378.83
ZAM-2025-010866,2025-04-04,Sport,Google Ads,85.72
ZAM-2025-005360,2025-02-02,Dom i ogród,Google Ads,403.62
ZAM-2025-013249,2025-10-19,Zabawki i prezenty,Marketplace,96.55
ZAM-2025-012230,2025-12-12,Sport,Sklep internetowy,211.77
ZAM-2025-001499,2025-10-30,Elektronika,Facebook Ads,422.97
ZAM-2025-002964,2025-04-13,Odzież,Sklep internetowy,158.39
ZAM-2025-003018,2025-04-09,Odzież,Marketplace,72.07
ZAM-2025-003972,2025-08-12,Odzież,Sklep internetowy,184.99
ZAM-2025-012143,2025-11-23,Sport,Sklep internetowy,125.19
ZAM-2025-010631,2025-03-28,Sport,Marketplace,239.99
ZAM-2025-002053,2025-12-19,Elektronika,Sklep internetowy,493.88
ZAM-2025-000618,2025-05-22,Elektronika,Sklep internetowy,221.5
ZAM-2025-000491,2025-04-02,Elektronika,Marketplace,556.54
ZAM-2025-007849,2025-02-23,Uroda,Sklep internetowy,94.38
ZAM-2025-008537,2025-05-04,Uroda,Facebook Ads,104.75
ZAM-2025-003877,2025-08-21,Odzież,Marketplace,163.9
ZAM-2025-013918,2025-12-18,Zabawki i prezenty,Google Ads,80.17
ZAM-2025-010277,2025-01-10,Sport,Marketplace,144.13
ZAM-2025-011877,2025-09-05,Sport,Facebook Ads,177.45
ZAM-2025-009173,2025-09-01,Uroda,Facebook Ads,100.28
ZAM-2025-006740,2025-08-06,Dom i ogród,Google Ads,257.25
ZAM-2025-006902,2025-09-13,Dom i ogród,Sklep internetowy,203.6
ZAM-2025-009501,2025-10-03,Uroda,Sklep internetowy,91.47
ZAM-2025-009177,2025-09-14,Uroda,Facebook Ads,68.04
ZAM-2025-010225,2025-01-31,Sport,Sklep internetowy,140.84
ZAM-2025-013242,2025-10-04,Zabawki i prezenty,Sklep internetowy,131.62
ZAM-2025-001140,2025-08-01,Elektronika,Sklep internetowy,536.68
ZAM-2025-012342,2025-12-24,Sport,Facebook Ads,167.77
ZAM-2025-007446,2025-01-17,Uroda,Sklep internetowy,130.39
ZAM-2025-004498,2025-10-15,Odzież,Google Ads,181.47
ZAM-2025-010021,2025-12-02,Uroda,Facebook Ads,138.44
ZAM-2025-012457,2025-01-18,Zabawki i prezenty,Marketplace,107.83
ZAM-2025-009171,2025-09-17,Uroda,Sklep internetowy,131.33
ZAM-2025-011469,2025-07-16,Sport,Sklep internetowy,63.26
ZAM-2025-003467,2025-05-16,Odzież,Marketplace,161.81
ZAM-2025-009465,2025-10-25,Uroda,Sklep internetowy,39.24
ZAM-2025-003127,2025-04-12,Odzież,Marketplace,180.86
ZAM-2025-005684,2025-04-01,Dom i ogród,Marketplace,78.0
ZAM-2025-007683,2025-02-11,Uroda,Marketplace,104.94
ZAM-2025-005916,2025-05-07,Dom i ogród,Sklep internetowy,127.07
ZAM-2025-011170,2025-06-29,Sport,Facebook Ads,164.92
ZAM-2025-001937,2025-11-28,Elektronika,Facebook Ads,90.97
ZAM-2025-003613,2025-06-14,Odzież,Google Ads,99.01
ZAM-2025-009646,2025-11-23,Uroda,Sklep internetowy,109.31
ZAM-2025-008455,2025-05-20,Uroda,Marketplace,130.02
ZAM-2025-001466,2025-10-19,Elektronika,Marketplace,268.28
ZAM-2025-003790,2025-07-29,Odzież,Facebook Ads,185.13
ZAM-2025-007977,2025-03-13,Uroda,Marketplace,40.33
ZAM-2025-003736,2025-07-17,Odzież,Google Ads,124.26
ZAM-2025-005991,2025-05-18,Dom i ogród,Marketplace,113.52
ZAM-2025-011029,2025-05-08,Sport,Marketplace,141.85
ZAM-2025-007388,2025-12-04,Dom i ogród,Sklep internetowy,143.85
ZAM-2025-000881,2025-06-19,Elektronika,Google Ads,460.82
ZAM-2025-010822,2025-04-11,Sport,Facebook Ads,287.37
ZAM-2025-000939,2025-07-30,Elektronika,Sklep internetowy,580.68
ZAM-2025-004613,2025-10-05,Odzież,Sklep internetowy,120.16
ZAM-2025-003537,2025-06-13,Odzież,Sklep internetowy,158.23
ZAM-2025-005759,2025-04-29,Dom i ogród,Google Ads,186.65
ZAM-2025-001177,2025-08-11,Elektronika,Marketplace,296.18
ZAM-2025-012570,2025-03-13,Zabawki i prezenty,Sklep internetowy,91.66
ZAM-2025-003996,2025-08-04,Odzież,Sklep internetowy,179.86
ZAM-2025-011376,2025-06-06,Sport,Marketplace,155.15
ZAM-2025-011751,2025-08-18,Sport,Google Ads,213.48
ZAM-2025-012699,2025-04-08,Zabawki i prezenty,Facebook Ads,84.47
ZAM-2025-004085,2025-09-12,Odzież,Sklep internetowy,270.0
ZAM-2025-011906,2025-09-24,Sport,Marketplace,26.63
ZAM-2025-003580,2025-06-20,Odzież,Sklep internetowy,143.02
ZAM-2025-000131,2025-01-29,Elektronika,Sklep internetowy,474.47
ZAM-2025-009895,2025-12-10,Uroda,Marketplace,83.02
ZAM-2025-008505,2025-05-06,Uroda,Marketplace,86.4
ZAM-2025-007685,2025-02-12,Uroda,Sklep internetowy,111.43
ZAM-2025-005596,2025-04-08,Dom i ogród,Sklep internetowy,175.8
ZAM-2025-000297,2025-03-03,Elektronika,Sklep internetowy,543.98
ZAM-2025-002697,2025-03-31,Odzież,Facebook Ads,103.37
ZAM-2025-001486,2025-10-28,Elektronika,Marketplace,419.61
ZAM-2025-002453,2025-02-14,Odzież,Facebook Ads,86.85
ZAM-2025-010085,2025-12-04,Uroda,Google Ads,24.9
ZAM-2025-005365,2025-02-08,Dom i ogród,Sklep internetowy,146.44
ZAM-2025-002987,2025-04-19,Odzież,Sklep internetowy,61.39
ZAM-2025-008328,2025-05-03,Uroda,Sklep internetowy,125.64
ZAM-2025-006892,2025-09-17,Dom i ogród,Google Ads,108.1
ZAM-2025-011620,2025-08-08,Sport,Facebook Ads,157.72
ZAM-2025-001651,2025-11-07,Elektronika,Facebook Ads,303.18
ZAM-2025-012017,2025-10-20,Sport,Marketplace,119.64
ZAM-2025-001817,2025-11-30,Elektronika,Marketplace,226.24
ZAM-2025-007541,2025-01-28,Uroda,Google Ads,87.73
ZAM-2025-006812,2025-09-05,Dom i ogród,Google Ads,177.54
ZAM-2025-009762,2025-11-22,Uroda,Sklep internetowy,67.47
ZAM-2025-010158,2025-01-20,Sport,Sklep internetowy,286.74
ZAM-2025-005339,2025-02-07,Dom i ogród,Facebook Ads,162.02
ZAM-2025-010119,2025-01-20,Sport,Sklep internetowy,179.6
ZAM-2025-001620,2025-11-06,Elektronika,Google Ads,422.27
ZAM-2025-001704,2025-11-03,Elektronika,Marketplace,202.35
ZAM-2025-012940,2025-07-20,Zabawki i prezenty,Facebook Ads,41.14
ZAM-2025-000874,2025-06-06,Elektronika,Sklep internetowy,596.2
ZAM-2025-013408,2025-11-20,Zabawki i prezenty,Sklep internetowy,84.61
ZAM-2025-013139,2025-10-28,Zabawki i prezenty,Facebook Ads,82.32
ZAM-2025-006276,2025-06-29,Dom i ogród,Sklep internetowy,206.19
ZAM-2025-002851,2025-03-17,Odzież,Sklep internetowy,44.02
ZAM-2025-009345,2025-09-02,Uroda,Marketplace,109.12
ZAM-2025-006588,2025-07-12,Dom i ogród,Sklep internetowy,44.33
ZAM-2025-002496,2025-02-10,Odzież,Facebook Ads,207.71
ZAM-2025-002133,2025-12-11,Elektronika,Sklep internetowy,224.01
ZAM-2025-004133,2025-09-05,Odzież,Facebook Ads,159.04
ZAM-2025-003689,2025-07-20,Odzież,Facebook Ads,177.4
ZAM-2025-008640,2025-06-21,Uroda,Facebook Ads,122.92
ZAM-2025-013416,2025-11-19,Zabawki i prezenty,Sklep internetowy,71.71
ZAM-2025-005810,2025-04-18,Dom i ogród,Sklep internetowy,246.45
ZAM-2025-010018,2025-12-12,Uroda,Sklep internetowy,92.65
ZAM-2025-010073,2025-12-01,Uroda,Sklep internetowy,137.72
ZAM-2025-012930,2025-07-16,Zabawki i prezenty,Google Ads,96.47
ZAM-2025-012762,2025-05-31,Zabawki i prezenty,Sklep internetowy,63.9
ZAM-2025-012144,2025-11-02,Sport,Marketplace,146.83
ZAM-2025-002064,2025-12-30,Elektronika,Marketplace,172.55
ZAM-2025-009992,2025-12-19,Uroda,Sklep internetowy,85.42
ZAM-2025-002246,2025-01-17,Odzież,Marketplace,179.41
ZAM-2025-000596,2025-04-04,Elektronika,Marketplace,59.14
ZAM-2025-005103,2025-12-08,Odzież,Marketplace,149.38
ZAM-2025-008616,2025-06-08,Uroda,Sklep internetowy,81.72
ZAM-2025-008758,2025-06-24,Uroda,Sklep internetowy,29.94
ZAM-2025-010727,2025-03-22,Sport,Facebook Ads,171.27
ZAM-2025-005650,2025-04-18,Dom i ogród,Sklep internetowy,308.93
ZAM-2025-009353,2025-09-11,Uroda,Facebook Ads,53.18
ZAM-2025-006131,2025-06-27,Dom i ogród,Facebook Ads,206.62
ZAM-2025-010197,2025-01-16,Sport,Sklep internetowy,140.27
ZAM-2025-001681,2025-11-09,Elektronika,Facebook Ads,353.85
ZAM-2025-005268,2025-01-11,Dom i ogród,Sklep internetowy,255.85
ZAM-2025-011468,2025-07-24,Sport,Google Ads,136.57
ZAM-2025-007492,2025-01-23,Uroda,Sklep internetowy,33.23
ZAM-2025-004540,2025-10-07,Odzież,Sklep internetowy,191.59
ZAM-2025-003522,2025-06-08,Odzież,Facebook Ads,107.75
ZAM-2025-013097,2025-09-16,Zabawki i prezenty,Sklep internetowy,97.86
ZAM-2025-006391,2025-07-27,Dom i ogród,Sklep internetowy,97.42
ZAM-2025-000107,2025-01-08,Elektronika,Sklep internetowy,396.09
ZAM-2025-005723,2025-04-12,Dom i ogród,Marketplace,121.75
ZAM-2025-001546,2025-10-24,Elektronika,Sklep internetowy,339.51
ZAM-2025-009359,2025-09-18,Uroda,Marketplace,122.8
ZAM-2025-005354,2025-02-01,Dom i ogród,Sklep internetowy,156.82
ZAM-2025-012727,2025-05-07,Zabawki i prezenty,Sklep internetowy,53.55
ZAM-2025-008701,2025-06-23,Uroda,Facebook Ads,119.9
ZAM-2025-000882,2025-06-27,Elektronika,Marketplace,275.42
ZAM-2025-000953,2025-07-21,Elektronika,Facebook Ads,349.41
ZAM-2025-004168,2025-09-20,Odzież,Sklep internetowy,74.06
ZAM-2025-004459,2025-10-04,Odzież,Sklep internetowy,162.72
ZAM-2025-010395,2025-02-12,Sport,Marketplace,177.25
ZAM-2025-012877,2025-07-05,Zabawki i prezenty,Sklep internetowy,81.83
ZAM-2025-010585,2025-03-11,Sport,Facebook Ads,52.54
ZAM-2025-008992,2025-08-21,Uroda,Google Ads,91.38
ZAM-2025-000496,2025-04-06,Elektronika,Sklep internetowy,50.97
ZAM-2025-005533,2025-03-28,Dom i ogród,Google Ads,239.98
ZAM-2025-013449,2025-11-10,Zabawki i prezenty,Google Ads,75.13
ZAM-2025-004375,2025-10-11,Odzież,Sklep internetowy,179.02
ZAM-2025-008330,2025-05-08,Uroda,Sklep internetowy,120.39
ZAM-2025-003950,2025-08-05,Odzież,Marketplace,90.22
ZAM-2025-009038,2025-08-27,Uroda,Marketplace,47.64
ZAM-2025-011417,2025-07-06,Sport,Sklep internetowy,101.14
ZAM-2025-007556,2025-01-15,Uroda,Sklep internetowy,100.98
ZAM-2025-013316,2025-11-11,Zabawki i prezenty,Google Ads,52.64
ZAM-2025-012040,2025-10-31,Sport,Marketplace,247.06
ZAM-2025-005378,2025-02-22,Dom i ogród,Marketplace,117.21
ZAM-2025-005982,2025-05-29,Dom i ogród,Facebook Ads,46.54
ZAM-2025-006057,2025-05-04,Dom i ogród,Sklep internetowy,206.33
ZAM-2025-006539,2025-07-01,Dom i ogród,Google Ads,202.64
ZAM-2025-002039,2025-12-11,Elektronika,Sklep internetowy,382.58
ZAM-2025-009279,2025-09-14,Uroda,Facebook Ads,80.51
ZAM-2025-009230,2025-09-18,Uroda,Sklep internetowy,95.59
ZAM-2025-011796,2025-09-12,Sport,Marketplace,252.74
ZAM-2025-002517,2025-02-16,Odzież,Facebook Ads,115.44
ZAM-2025-011533,2025-07-11,Sport,Sklep internetowy,139.99
ZAM-2025-001476,2025-10-29,Elektronika,Facebook Ads,306.14
ZAM-2025-006950,2025-09-09,Dom i ogród,Sklep internetowy,150.87
ZAM-2025-011734,2025-08-06,Sport,Facebook Ads,179.2
ZAM-2025-004673,2025-11-11,Odzież,Facebook Ads,102.84
ZAM-2025-001209,2025-08-14,Elektronika,Sklep internetowy,442.89
ZAM-2025-014092,2025-12-31,Zabawki i prezenty,Sklep internetowy,58.59
ZAM-2025-006532,2025-07-18,Dom i ogród,Sklep internetowy,179.41
ZAM-2025-007491,2025-01-23,Uroda,Marketplace,98.09
ZAM-2025-011206,2025-06-17,Sport,Marketplace,155.0
ZAM-2025-012215,2025-11-23,Sport,Facebook Ads,178.03
ZAM-2025-010127,2025-01-18,Sport,Sklep internetowy,168.26
ZAM-2025-000594,2025-04-01,Elektronika,Sklep internetowy,478.72
ZAM-2025-002154,2025-12-18,Elektronika,Google Ads,477.83
ZAM-2025-007930,2025-03-14,Uroda,Sklep internetowy,96.07
ZAM-2025-008294,2025-04-23,Uroda,Marketplace,87.21
ZAM-2025-012998,2025-08-23,Zabawki i prezenty,Marketplace,67.22
ZAM-2025-007496,2025-01-13,Uroda,Google Ads,101.34
ZAM-2025-014002,2025-12-25,Zabawki i prezenty,Marketplace,81.39
ZAM-2025-005296,2025-02-07,Dom i ogród,Sklep internetowy,227.84
ZAM-2025-006874,2025-09-26,Dom i ogród,Google Ads,98.81
ZAM-2025-010057,2025-12-19,Uroda,Facebook Ads,97.16
ZAM-2025-007390,2025-12-30,Dom i ogród,Google Ads,168.49
ZAM-2025-013092,2025-09-13,Zabawki i prezenty,Sklep internetowy,94.96
ZAM-2025-007877,2025-03-29,Uroda,Sklep internetowy,79.69
ZAM-2025-010642,2025-03-23,Sport,Marketplace,162.3
ZAM-2025-007551,2025-01-20,Uroda,Sklep internetowy,83.15
ZAM-2025-005451,2025-03-16,Dom i ogród,Facebook Ads,95.72
ZAM-2025-002280,2025-01-04,Odzież,Marketplace,169.76
ZAM-2025-000519,2025-04-04,Elektronika,Sklep internetowy,409.23
ZAM-2025-007432,2025-01-21,Uroda,Sklep internetowy,82.85
ZAM-2025-004496,2025-10-06,Odzież,Sklep internetowy,194.22
ZAM-2025-002423,2025-02-21,Odzież,Sklep internetowy,123.72
ZAM-2025-004679,2025-11-04,Odzież,Google Ads,113.17
ZAM-2025-011523,2025-07-19,Sport,Marketplace,137.52
ZAM-2025-003368,2025-05-07,Odzież,Facebook Ads,191.01
ZAM-2025-004426,2025-10-27,Odzież,Sklep internetowy,159.71
ZAM-2025-006229,2025-06-25,Dom i ogród,Sklep internetowy,232.64
ZAM-2025-010394,2025-02-16,Sport,Sklep internetowy,219.45
ZAM-2025-013841,2025-12-06,Zabawki i prezenty,Marketplace,70.84
ZAM-2025-004041,2025-09-09,Odzież,Google Ads,153.77
ZAM-2025-000663,2025-05-29,Elektronika,Sklep internetowy,405.89
ZAM-2025-005539,2025-03-27,Dom i ogród,Marketplace,201.89
ZAM-2025-014040,2025-12-16,Zabawki i prezenty,Sklep internetowy,57.95
ZAM-2025-003838,2025-07-30,Odzież,Marketplace,119.72
ZAM-2025-002855,2025-03-12,Odzież,Marketplace,89.64
ZAM-2025-008464,2025-05-09,Uroda,Facebook Ads,148.55
ZAM-2025-006052,2025-05-14,Dom i ogród,Sklep internetowy,294.33
ZAM-2025-001762,2025-11-25,Elektronika,Facebook Ads,368.8
ZAM-2025-007744,2025-02-01,Uroda,Sklep internetowy,121.22
ZAM-2025-012583,2025-03-10,Zabawki i prezenty,Marketplace,91.35
ZAM-2025-004864,2025-12-16,Odzież,Sklep internetowy,132.45
ZAM-2025-010299,2025-01-31,Sport,Google Ads,146.87
ZAM-2025-012604,2025-03-27,Zabawki i prezenty,Facebook Ads,87.42
ZAM-2025-007976,2025-03-10,Uroda,Google Ads,63.05
ZAM-2025-012277,2025-12-13,Sport,Marketplace,256.18
ZAM-2025-006962,2025-10-26,Dom i ogród,Facebook Ads,292.45
ZAM-2025-008540,2025-05-22,Uroda,Marketplace,106.58
ZAM-2025-003867,2025-08-03,Odzież,Marketplace,212.94
ZAM-2025-010624,2025-03-08,Sport,Sklep internetowy,118.52
ZAM-2025-006570,2025-07-28,Dom i ogród,Sklep internetowy,326.43
ZAM-2025-000013,2025-01-12,Elektronika,Marketplace,576.31
ZAM-2025-013164,2025-10-14,Zabawki i prezenty,Sklep internetowy,92.14
ZAM-2025-001761,2025-11-23,Elektronika,Sklep internetowy,428.0
ZAM-2025-000476,2025-04-30,Elektronika,Facebook Ads,418.18
ZAM-2025-006612,2025-08-12,Dom i ogród,Sklep internetowy,301.37
ZAM-2025-011816,2025-09-23,Sport,Sklep internetowy,110.6
ZAM-2025-009260,2025-09-28,Uroda,Facebook Ads,75.22
ZAM-2025-007503,2025-01-17,Uroda,Facebook Ads,83.98
ZAM-2025-003906,2025-08-07,Odzież,Sklep internetowy,100.08
ZAM-2025-001859,2025-11-14,Elektronika,Google Ads,217.69
ZAM-2025-002619,2025-03-30,Odzież,Facebook Ads,102.45
ZAM-2025-008842,2025-07-28,Uroda,Facebook Ads,104.85
ZAM-2025-000247,2025-02-12,Elektronika,Marketplace,506.47
ZAM-2025-010364,2025-02-21,Sport,Sklep internetowy,139.92
ZAM-2025-004976,2025-12-21,Odzież,Sklep internetowy,216.17
ZAM-2025-006216,2025-06-15,Dom i ogród,Facebook Ads,236.87
ZAM-2025-009633,2025-11-15,Uroda,Marketplace,89.17
ZAM-2025-010380,2025-02-25,Sport,Sklep internetowy,168.72
ZAM-2025-001162,2025-08-23,Elektronika,Sklep internetowy,402.82
ZAM-2025-002321,2025-01-14,Odzież,Marketplace,144.95
ZAM-2025-008681,2025-06-11,Uroda,Sklep internetowy,72.87
ZAM-2025-011686,2025-08-02,Sport,Facebook Ads,212.39
ZAM-2025-006015,2025-05-15,Dom i ogród,Sklep internetowy,237.32
ZAM-2025-011038,2025-05-29,Sport,Marketplace,88.88
ZAM-2025-011651,2025-08-01,Sport,Google Ads,146.24
ZAM-2025-009328,2025-09-07,Uroda,Facebook Ads,94.5
ZAM-2025-010367,2025-02-19,Sport,Sklep internetowy,148.34
ZAM-2025-012593,2025-03-10,Zabawki i prezenty,Google Ads,45.64
ZAM-2025-013161,2025-10-03,Zabawki i prezenty,Marketplace,82.76
ZAM-2025-007627,2025-02-06,Uroda,Facebook Ads,105.79
ZAM-2025-005559,2025-03-21,Dom i ogród,Sklep internetowy,281.44
ZAM-2025-001884,2025-11-26,Elektronika,Google Ads,510.59
ZAM-2025-008418,2025-05-12,Uroda,Google Ads,42.33
ZAM-2025-006169,2025-06-18,Dom i ogród,Facebook Ads,360.54
ZAM-2025-005940,2025-05-23,Dom i ogród,Marketplace,79.99
ZAM-2025-000305,2025-03-11,Elektronika,Sklep internetowy,583.18
ZAM-2025-009976,2025-12-21,Uroda,Marketplace,162.05
ZAM-2025-003963,2025-08-07,Odzież,Sklep internetowy,72.75
ZAM-2025-007096,2025-11-19,Dom i ogród,Facebook Ads,67.14
ZAM-2025-010992,2025-05-29,Sport,Marketplace,175.17
ZAM-2025-013453,2025-11-23,Zabawki i prezenty,Sklep internetowy,85.18
ZAM-2025-008517,2025-05-17,Uroda,Facebook Ads,72.45
ZAM-2025-009869,2025-12-10,Uroda,Sklep internetowy,48.42
ZAM-2025-010800,2025-04-10,Sport,Marketplace,125.69
ZAM-2025-001616,2025-10-22,Elektronika,Sklep internetowy,434.1
ZAM-2025-007225,2025-11-09,Dom i ogród,Google Ads,124.48
ZAM-2025-002649,2025-03-10,Odzież,Google Ads,115.17
ZAM-2025-006312,2025-06-07,Dom i ogród,Marketplace,303.12
ZAM-2025-003335,2025-05-29,Odzież,Sklep internetowy,137.76
ZAM-2025-002598,2025-02-16,Odzież,Marketplace,163.17
ZAM-2025-012740,2025-05-15,Zabawki i prezenty,Google Ads,93.72
ZAM-2025-011445,2025-07-19,Sport,Marketplace,114.63
ZAM-2025-013565,2025-11-17,Zabawki i prezenty,Facebook Ads,68.59
ZAM-2025-006305,2025-06-29,Dom i ogród,Sklep internetowy,140.27
ZAM-2025-002005,2025-12-01,Elektronika,Marketplace,862.64
ZAM-2025-004212,2025-09-18,Odzież,Sklep internetowy,209.52
ZAM-2025-006763,2025-08-11,Dom i ogród,Sklep internetowy,237.48
ZAM-2025-003863,2025-08-01,Odzież,Marketplace,56.1
ZAM-2025-008825,2025-07-19,Uroda,Google Ads,60.3
ZAM-2025-001283,2025-09-08,Elektronika,Facebook Ads,571.66
ZAM-2025-000821,2025-06-28,Elektronika,Marketplace,369.16
ZAM-2025-009007,2025-08-25,Uroda,Sklep internetowy,97.44
ZAM-2025-010266,2025-01-11,Sport,Sklep internetowy,115.85
ZAM-2025-012776,2025-05-04,Zabawki i prezenty,Marketplace,58.89
ZAM-2025-013842,2025-12-29,Zabawki i prezenty,Google Ads,75.15
ZAM-2025-010149,2025-01-30,Sport,Sklep internetowy,154.56
ZAM-2025-004367,2025-10-06,Odzież,Google Ads,83.86
ZAM-2025-007639,2025-02-17,Uroda,Marketplace,57.35
ZAM-2025-012637,2025-04-20,Zabawki i prezenty,Facebook Ads,78.94
ZAM-2025-002848,2025-03-12,Odzież,Sklep internetowy,101.01
ZAM-2025-004160,2025-09-29,Odzież,Sklep internetowy,141.38
ZAM-2025-005709,2025-04-11,Dom i ogród,Facebook Ads,85.69
ZAM-2025-003361,2025-05-21,Odzież,Facebook Ads,20.0
ZAM-2025-002381,2025-01-29,Odzież,Google Ads,62.79
ZAM-2025-010845,2025-04-29,Sport,Marketplace,70.96
ZAM-2025-009537,2025-10-13,Uroda,Google Ads,83.52
ZAM-2025-000487,2025-04-23,Elektronika,Facebook Ads,567.51
ZAM-2025-002115,2025-12-14,Elektronika,Sklep internetowy,388.16
ZAM-2025-014172,2025-12-10,Zabawki i prezenty,Sklep internetowy,44.75
ZAM-2025-010068,2025-12-31,Uroda,Google Ads,50.46
ZAM-2025-000095,2025-01-08,Elektronika,Marketplace,391.59
ZAM-2025-007911,2025-03-26,Uroda,Sklep internetowy,59.8
ZAM-2025-012050,2025-10-10,Sport,Sklep internetowy,266.85
ZAM-2025-009644,2025-11-17,Uroda,Facebook Ads,89.87
ZAM-2025-000537,2025-04-15,Elektronika,Marketplace,678.33
ZAM-2025-000774,2025-06-15,Elektronika,Facebook Ads,487.99
ZAM-2025-004418,2025-10-22,Odzież,Marketplace,160.55
ZAM-2025-004770,2025-11-10,Odzież,Google Ads,198.22
ZAM-2025-011166,2025-06-15,Sport,Marketplace,280.06
ZAM-2025-007067,2025-10-04,Dom i ogród,Google Ads,193.98
ZAM-2025-000099,2025-01-14,Elektronika,Sklep internetowy,525.32
ZAM-2025-009282,2025-09-07,Uroda,Facebook Ads,127.96
ZAM-2025-013819,2025-12-09,Zabawki i prezenty,Facebook Ads,85.31
ZAM-2025-009626,2025-11-12,Uroda,Marketplace,112.11
ZAM-2025-010753,2025-03-27,Sport,Facebook Ads,134.13
ZAM-2025-013068,2025-09-16,Zabawki i prezenty,Sklep internetowy,58.78
ZAM-2025-001328,2025-09-20,Elektronika,Marketplace,19
ZAM-2025-012181,2025-11-07,Sport,Sklep internetowy,185.17
ZAM-2025-009707,2025-11-30,Uroda,Facebook Ads,75.53
ZAM-2025-006915,2025-09-10,Dom i ogród,Google Ads,214.69
ZAM-2025-010609,2025-03-16,Sport,Marketplace,70.45
ZAM-2025-009275,2025-09-23,Uroda,Sklep internetowy,100.14
ZAM-2025-001142,2025-08-11,Elektronika,Facebook Ads,270.58
ZAM-2025-001623,2025-11-08,Elektronika,Sklep internetowy,558.22
ZAM-2025-000509,2025-04-24,Elektronika,Facebook Ads,304.62
ZAM-2025-008925,2025-07-23,Uroda,Marketplace,40.46
ZAM-2025-002912,2025-04-05,Odzież,Sklep internetowy,120.74
ZAM-2025-013298,2025-11-16,Zabawki i prezenty,Google Ads,61.6
ZAM-2025-008907,2025-07-10,Uroda,Marketplace,155.07
ZAM-2025-000625,2025-05-02,Elektronika,Facebook Ads,195.29
ZAM-2025-002931,2025-04-27,Odzież,Google Ads,138.06
ZAM-2025-007505,2025-01-03,Uroda,Sklep internetowy,122.66
ZAM-2025-010742,2025-03-01,Sport,Google Ads,216.97
ZAM-2025-003102,2025-04-12,Odzież,Sklep internetowy,30.05
ZAM-2025-013297,2025-11-09,Zabawki i prezenty,Facebook Ads,52.52
ZAM-2025-013815,2025-12-24,Zabawki i prezenty,Google Ads,83.78
ZAM-2025-013234,2025-10-16,Zabawki i prezenty,Sklep internetowy,73.84
ZAM-2025-012550,2025-03-15,Zabawki i prezenty,Marketplace,27.92
ZAM-2025-009025,2025-08-17,Uroda,Google Ads,117.9
ZAM-2025-006481,2025-07-02,Dom i ogród,Marketplace,121.07
ZAM-2025-000151,2025-02-08,Elektronika,Facebook Ads,446.07
ZAM-2025-001788,2025-11-25,Elektronika,Google Ads,495.1
ZAM-2025-009184,2025-09-07,Uroda,Sklep internetowy,91.48
ZAM-2025-003954,2025-08-07,Odzież,Sklep internetowy,103.4
ZAM-2025-012088,2025-10-29,Sport,Marketplace,179.49
ZAM-2025-005985,2025-05-30,Dom i ogród,Sklep internetowy,184.43
ZAM-2025-008960,2025-07-23,Uroda,Marketplace,134.72
ZAM-2025-003463,2025-05-07,Odzież,Marketplace,156.37
ZAM-2025-009898,2025-12-23,Uroda,Sklep internetowy,100.11
ZAM-2025-004281,2025-09-12,Odzież,Marketplace,206.39
ZAM-2025-005321,2025-02-19,Dom i ogród,Sklep internetowy,217.23
ZAM-2025-010152,2025-01-15,Sport,Facebook Ads,227.37
ZAM-2025-001956,2025-12-06,Elektronika,Google Ads,139.06
ZAM-2025-013528,2025-11-04,Zabawki i prezenty,Marketplace,65.83
ZAM-2025-012412,2025-01-08,Zabawki i prezenty,Facebook Ads,80.68
ZAM-2025-013670,2025-12-08,Zabawki i prezenty,Google Ads,38.44
ZAM-2025-001819,2025-11-14,Elektronika,Sklep internetowy,476.87
ZAM-2025-003865,2025-08-19,Odzież,Sklep internetowy,57.42
ZAM-2025-002173,2025-12-07,Elektronika,Facebook Ads,543.4
ZAM-2025-010072,2025-12-28,Uroda,Sklep internetowy,82.55
ZAM-2025-001833,2025-11-02,Elektronika,Marketplace,388.75
ZAM-2025-009106,2025-08-30,Uroda,Sklep internetowy,41.96
ZAM-2025-010020,2025-12-19,Uroda,Facebook Ads,85.8
ZAM-2025-006765,2025-08-14,Dom i ogród,Marketplace,38.88
ZAM-2025-009051,2025-08-23,Uroda,Facebook Ads,96.32
ZAM-2025-001054,2025-07-20,Elektronika,Facebook Ads,437.19
ZAM-2025-007907,2025-03-05,Uroda,Sklep internetowy,113.97
ZAM-2025-004569,2025-10-03,Odzież,Sklep internetowy,100.43
ZAM-2025-007599,2025-02-20,Uroda,Sklep internetowy,80.06
ZAM-2025-009098,2025-08-25,Uroda,Marketplace,88.53
ZAM-2025-009660,2025-11-27,Uroda,Facebook Ads,72.05
ZAM-2025-013787,2025-12-03,Zabawki i prezenty,Marketplace,47.31
ZAM-2025-013332,2025-11-27,Zabawki i prezenty,Facebook Ads,84.45
ZAM-2025-009392,2025-10-05,Uroda,Sklep internetowy,94.86
ZAM-2025-012034,2025-10-16,Sport,Marketplace,113.42
ZAM-2025-006379,2025-07-28,Dom i ogród,Facebook Ads,235.79
ZAM-2025-009449,2025-10-07,Uroda,Facebook Ads,118.24
ZAM-2025-004954,2025-12-06,Odzież,Marketplace,55.57
ZAM-2025-003247,2025-05-31,Odzież,Marketplace,122.19
ZAM-2025-006469,2025-07-13,Dom i ogród,Sklep internetowy,195.46
ZAM-2025-012782,2025-05-05,Zabawki i prezenty,Sklep internetowy,102.36
ZAM-2025-006447,2025-07-24,Dom i ogród,Sklep internetowy,189.25
ZAM-2025-002146,2025-12-16,Elektronika,Marketplace,323.59
ZAM-2025-007027,2025-10-19,Dom i ogród,Facebook Ads,60.11
ZAM-2025-006704,2025-08-29,Dom i ogród,Sklep internetowy,175.55
ZAM-2025-012395,2025-01-04,Zabawki i prezenty,Marketplace,35.53
ZAM-2025-013977,2025-12-26,Zabawki i prezenty,Google Ads,66.78
ZAM-2025-005320,2025-02-05,Dom i ogród,Sklep internetowy,249.54
ZAM-2025-007655,2025-02-19,Uroda,Facebook Ads,87.35
ZAM-2025-006258,2025-06-03,Dom i ogród,Marketplace,214.36
ZAM-2025-013137,2025-09-13,Zabawki i prezenty,Facebook Ads,69.92
ZAM-2025-000832,2025-06-28,Elektronika,Google Ads,468.93
ZAM-2025-009509,2025-10-24,Uroda,Marketplace,62.63
ZAM-2025-008218,2025-04-21,Uroda,Facebook Ads,115.85
ZAM-2025-008729,2025-06-22,Uroda,Marketplace,47.64
ZAM-2025-011366,2025-06-16,Sport,Sklep internetowy,156.83
ZAM-2025-006275,2025-06-25,Dom i ogród,Google Ads,193.83
ZAM-2025-003300,2025-05-16,Odzież,Sklep internetowy,120.28
ZAM-2025-009316,2025-09-02,Uroda,Marketplace,97.65
ZAM-2025-000767,2025-06-20,Elektronika,Sklep internetowy,269.23
ZAM-2025-012671,2025-04-29,Zabawki i prezenty,Sklep internetowy,60.97
ZAM-2025-000047,2025-01-29,Elektronika,Facebook Ads,638.0
ZAM-2025-007349,2025-12-31,Dom i ogród,Sklep internetowy,282.44
ZAM-2025-012803,2025-06-04,Zabawki i prezenty,Facebook Ads,87.06
ZAM-2025-005633,2025-04-12,Dom i ogród,Sklep internetowy,184.19
ZAM-2025-005906,2025-05-05,Dom i ogród,Google Ads,195.54
ZAM-2025-010478,2025-02-07,Sport,Facebook Ads,187.26
ZAM-2025-003984,2025-08-30,Odzież,Facebook Ads,105.03
ZAM-2025-005224,2025-01-02,Dom i ogród,Sklep internetowy,97.65
ZAM-2025-003023,2025-04-29,Odzież,Sklep internetowy,195.22
ZAM-2025-012137,2025-11-30,Sport,Facebook Ads,182.27
ZAM-2025-011681,2025-08-03,Sport,Sklep internetowy,112.78
ZAM-2025-012535,2025-02-11,Zabawki i prezenty,Marketplace,90.69
ZAM-2025-013379,2025-11-13,Zabawki i prezenty,Facebook Ads,63.28
ZAM-2025-001581,2025-10-15,Elektronika,Google Ads,310.93
ZAM-2025-003332,2025-05-08,Odzież,Sklep internetowy,138.28
ZAM-2025-006405,2025-07-30,Dom i ogród,Sklep internetowy,216.8
ZAM-2025-000262,2025-02-23,Elektronika,Sklep internetowy,520.09
ZAM-2025-010605,2025-03-01,Sport,Sklep internetowy,160.97
ZAM-2025-013193,2025-10-28,Zabawki i prezenty,Sklep internetowy,73.03
ZAM-2025-011072,2025-05-30,Sport,Facebook Ads,227.26
ZAM-2025-009596,2025-11-07,Uroda,Marketplace,31.71
ZAM-2025-001836,2025-11-18,Elektronika,Sklep internetowy,329.25
ZAM-2025-001346,2025-09-21,Elektronika,Sklep internetowy,163.8
ZAM-2025-001795,2025-11-29,Elektronika,Google Ads,544.06
ZAM-2025-012103,2025-11-18,Sport,Sklep internetowy,135.81
ZAM-2025-003688,2025-07-22,Odzież,Facebook Ads,97.17
ZAM-2025-013429,2025-11-19,Zabawki i prezenty,Marketplace,88.98
ZAM-2025-007487,2025-01-19,Uroda,Sklep internetowy,119.48
ZAM-2025-004000,2025-08-15,Odzież,Google Ads,185.33
ZAM-2025-005042,2025-12-09,Odzież,Sklep internetowy,71.96
ZAM-2025-005727,2025-04-10,Dom i ogród,Marketplace,134.63
ZAM-2025-009203,2025-09-24,Uroda,Sklep internetowy,105.6
ZAM-2025-000642,2025-05-02,Elektronika,Facebook Ads,100.58
ZAM-2025-013775,2025-12-31,Zabawki i prezenty,Sklep internetowy,101.85
ZAM-2025-005826,2025-04-29,Dom i ogród,Google Ads,233.01
ZAM-2025-006436,2025-07-03,Dom i ogród,Facebook Ads,260.54
ZAM-2025-009090,2025-08-16,Uroda,Marketplace,107.43
ZAM-2025-012871,2025-07-04,Zabawki i prezenty,Marketplace,83.4
ZAM-2025-010984,2025-05-24,Sport,Google Ads,138.92
ZAM-2025-011770,2025-08-01,Sport,Facebook Ads,199.0
ZAM-2025-008277,2025-04-10,Uroda,Marketplace,88.35
ZAM-2025-004507,2025-10-19,Odzież,Marketplace,125.71
ZAM-2025-013206,2025-10-26,Zabawki i prezenty,Marketplace,75.77
ZAM-2025-000138,2025-01-03,Elektronika,Sklep internetowy,462.06
ZAM-2025-008700,2025-06-09,Uroda,Facebook Ads,125.31
ZAM-2025-007423,2025-01-28,Uroda,Marketplace,82.52
ZAM-2025-003176,2025-04-06,Odzież,Facebook Ads,166.44
ZAM-2025-013600,2025-11-07,Zabawki i prezenty,Marketplace,71.33
ZAM-2025-010063,2025-12-31,Uroda,Google Ads,99.17
ZAM-2025-005463,2025-03-23,Dom i ogród,Sklep internetowy,121.98
ZAM-2025-008678,2025-06-04,Uroda,Google Ads,125.06
ZAM-2025-005792,2025-04-18,Dom i ogród,Facebook Ads,144.77
ZAM-2025-005358,2025-02-08,Dom i ogród,Sklep internetowy,163.46
ZAM-2025-010901,2025-04-06,Sport,Sklep internetowy,119.27
ZAM-2025-011814,2025-09-27,Sport,Marketplace,252.12
ZAM-2025-009445,2025-10-11,Uroda,Sklep internetowy,106.51
ZAM-2025-002061,2025-12-01,Elektronika,Sklep internetowy,557.13
ZAM-2025-010808,2025-04-05,Sport,Sklep internetowy,217.26
ZAM-2025-001732,2025-11-02,Elektronika,Sklep internetowy,378.49
ZAM-2025-013623,2025-11-02,Zabawki i prezenty,Facebook Ads,67.06
ZAM-2025-001621,2025-11-14,Elektronika,Sklep internetowy,309.03
ZAM-2025-009833,2025-12-30,Uroda,Facebook Ads,111.37
ZAM-2025-000198,2025-02-23,Elektronika,Sklep internetowy,299.98
ZAM-2025-012054,2025-10-28,Sport,Google Ads,161.23
ZAM-2025-012857,2025-06-14,Zabawki i prezenty,Sklep internetowy,54.87
ZAM-2025-012087,2025-10-05,Sport,Marketplace,156.69
ZAM-2025-008913,2025-07-17,Uroda,Sklep internetowy,117.73
ZAM-2025-005315,2025-02-08,Dom i ogród,Sklep internetowy,151.23
ZAM-2025-013970,2025-12-19,Zabawki i prezenty,Google Ads,107.87
ZAM-2025-011407,2025-07-28,Sport,Marketplace,127.81
ZAM-2025-006118,2025-06-23,Dom i ogród,Google Ads,78.47
ZAM-2025-003022,2025-04-25,Odzież,Marketplace,210.08
ZAM-2025-007653,2025-02-12,Uroda,Sklep internetowy,82.52
ZAM-2025-003343,2025-05-03,Odzież,Sklep internetowy,193.01
ZAM-2025-013510,2025-11-01,Zabawki i prezenty,Sklep internetowy,93.12
ZAM-2025-004262,2025-09-10,Odzież,Sklep internetowy,209.91
ZAM-2025-009271,2025-09-19,Uroda,Facebook Ads,128.6
ZAM-2025-007078,2025-10-23,Dom i ogród,Google Ads,290.15
ZAM-2025-012411,2025-01-05,Zabawki i prezenty,Google Ads,64.22
ZAM-2025-003055,2025-04-14,Odzież,Facebook Ads,94.01
ZAM-2025-004675,2025-11-26,Odzież,Google Ads,111.19
ZAM-2025-004805,2025-11-17,Odzież,Facebook Ads,165.78
ZAM-2025-009397,2025-10-27,Uroda,Marketplace,118.51
ZAM-2025-005665,2025-04-26,Dom i ogród,Google Ads,204.43
ZAM-2025-010128,2025-01-12,Sport,Sklep internetowy,138.08
ZAM-2025-005006,2025-12-26,Odzież,Sklep internetowy,152.1
ZAM-2025-011018,2025-05-11,Sport,Google Ads,145.53
ZAM-2025-012298,2025-12-16,Sport,Sklep internetowy,214.25
ZAM-2025-009834,2025-12-10,Uroda,Marketplace,95.5
ZAM-2025-010906,2025-04-10,Sport,Marketplace,208.42
ZAM-2025-006480,2025-07-23,Dom i ogród,Google Ads,19
ZAM-2025-003707,2025-07-10,Odzież,Marketplace,188.07
ZAM-2025-003616,2025-06-19,Odzież,Facebook Ads,138.99
ZAM-2025-011443,2025-07-31,Sport,Sklep internetowy,232.49
ZAM-2025-001673,2025-11-10,Elektronika,Marketplace,457.63
ZAM-2025-002287,2025-01-11,Odzież,Marketplace,138.09
ZAM-2025-011738,2025-08-07,Sport,Sklep internetowy,141.37
ZAM-2025-001654,2025-11-11,Elektronika,Sklep internetowy,409.34
ZAM-2025-008105,2025-04-08,Uroda,Marketplace,157.44
ZAM-2025-003276,2025-05-09,Odzież,Sklep internetowy,103.61
ZAM-2025-009320,2025-09-29,Uroda,Marketplace,122.99
ZAM-2025-006463,2025-07-18,Dom i ogród,Facebook Ads,223.47
ZAM-2025-003697,2025-07-28,Odzież,Facebook Ads,111.07
ZAM-2025-005255,2025-01-27,Dom i ogród,Facebook Ads,180.36
ZAM-2025-010982,2025-05-29,Sport,Facebook Ads,26.05
ZAM-2025-010348,2025-02-13,Sport,Facebook Ads,107.51
ZAM-2025-006742,2025-08-22,Dom i ogród,Google Ads,209.84
ZAM-2025-008707,2025-06-06,Uroda,Sklep internetowy,52.02
ZAM-2025-004007,2025-08-19,Odzież,Facebook Ads,192.14
ZAM-2025-012964,2025-08-12,Zabawki i prezenty,Facebook Ads,103.67
ZAM-2025-004014,2025-08-01,Odzież,Marketplace,114.34
ZAM-2025-008967,2025-08-10,Uroda,Google Ads,157.0
ZAM-2025-003350,2025-05-02,Odzież,Sklep internetowy,231.36
ZAM-2025-002387,2025-01-23,Odzież,Sklep internetowy,71.6
ZAM-2025-004139,2025-09-17,Odzież,Google Ads,177.0
ZAM-2025-013402,2025-11-17,Zabawki i prezenty,Google Ads,51.57
ZAM-2025-000415,2025-03-19,Elektronika,Sklep internetowy,462.69
ZAM-2025-005663,2025-04-03,Dom i ogród,Marketplace,182.92
ZAM-2025-013288,2025-11-15,Zabawki i prezenty,Google Ads,63.33
ZAM-2025-009859,2025-12-16,Uroda,Facebook Ads,87.18
ZAM-2025-003768,2025-07-28,Odzież,Sklep internetowy,157.01
ZAM-2025-002885,2025-04-05,Odzież,Facebook Ads,93.89
ZAM-2025-008495,2025-05-10,Uroda,Marketplace,83.35
ZAM-2025-005164,2025-01-07,Dom i ogród,Google Ads,129.07
ZAM-2025-006102,2025-06-01,Dom i ogród,Facebook Ads,155.38
ZAM-2025-012595,2025-03-02,Zabawki i prezenty,Facebook Ads,68.62
ZAM-2025-009821,2025-12-25,Uroda,Facebook Ads,124.14
ZAM-2025-013490,2025-11-19,Zabawki i prezenty,Sklep internetowy,58.2
ZAM-2025-008739,2025-06-07,Uroda,Facebook Ads,61.54
ZAM-2025-014045,2025-12-04,Zabawki i prezenty,Facebook Ads,115.07
ZAM-2025-000002,2025-01-04,Elektronika,Sklep internetowy,409.35
ZAM-2025-003307,2025-05-27,Odzież,Google Ads,122.9
ZAM-2025-007693,2025-02-11,Uroda,Google Ads,127.93
ZAM-2025-003680,2025-07-02,Odzież,Sklep internetowy,125.3
ZAM-2025-000436,2025-04-02,Elektronika,Sklep internetowy,284.91
ZAM-2025-002769,2025-03-14,Odzież,Marketplace,81.29
ZAM-2025-011841,2025-09-23,Sport,Marketplace,143.44
ZAM-2025-003105,2025-04-11,Odzież,Google Ads,111.69
ZAM-2025-011310,2025-06-23,Sport,Marketplace,71.06
ZAM-2025-013489,2025-11-28,Zabawki i prezenty,Marketplace,74.82
ZAM-2025-006483,2025-07-08,Dom i ogród,Marketplace,195.61
ZAM-2025-004473,2025-10-05,Odzież,Marketplace,118.45
ZAM-2025-008796,2025-07-30,Uroda,Facebook Ads,71.4
ZAM-2025-008443,2025-05-07,Uroda,Marketplace,99.75
ZAM-2025-001305,2025-09-11,Elektronika,Facebook Ads,375.42
ZAM-2025-002892,2025-04-12,Odzież,Google Ads,115.43
ZAM-2025-006816,2025-09-15,Dom i ogród,Marketplace,74.12
ZAM-2025-007596,2025-02-11,Uroda,Google Ads,107.2
ZAM-2025-000194,2025-02-28,Elektronika,Sklep internetowy,598.62
ZAM-2025-005750,2025-04-29,Dom i ogród,Sklep internetowy,291.41
ZAM-2025-010297,2025-01-27,Sport,Sklep internetowy,165.19
ZAM-2025-011315,2025-06-16,Sport,Sklep internetowy,292.87
ZAM-2025-012766,2025-05-23,Zabawki i prezenty,Sklep internetowy,110.32
ZAM-2025-012096,2025-11-22,Sport,Sklep internetowy,78.37
ZAM-2025-001862,2025-11-05,Elektronika,Marketplace,398.03
ZAM-2025-007033,2025-10-17,Dom i ogród,Sklep internetowy,123.32
ZAM-2025-013780,2025-12-12,Zabawki i prezenty,Sklep internetowy,83.56
ZAM-2025-013255,2025-10-24,Zabawki i prezenty,Sklep internetowy,67.46
ZAM-2025-012117,2025-11-29,Sport,Google Ads,159.31
ZAM-2025-003283,2025-05-22,Odzież,Google Ads,137.8
ZAM-2025-013667,2025-12-29,Zabawki i prezenty,Sklep internetowy,73.11
ZAM-2025-002108,2025-12-25,Elektronika,Marketplace,288.3
ZAM-2025-006733,2025-08-31,Dom i ogród,Facebook Ads,122.75
ZAM-2025-010543,2025-02-10,Sport,Google Ads,36.55
ZAM-2025-004624,2025-11-21,Odzież,Sklep internetowy,191.93
ZAM-2025-005915,2025-05-04,Dom i ogród,Sklep internetowy,156.22
ZAM-2025-005402,2025-02-18,Dom i ogród,Sklep internetowy,107.55
ZAM-2025-000943,2025-07-11,Elektronika,Facebook Ads,290.7
ZAM-2025-006545,2025-07-27,Dom i ogród,Sklep internetowy,185.05
ZAM-2025-002588,2025-02-17,Odzież,Sklep internetowy,122.31
ZAM-2025-012326,2025-12-09,Sport,Facebook Ads,53.11
ZAM-2025-011677,2025-08-02,Sport,Marketplace,167.17
ZAM-2025-012028,2025-10-11,Sport,Google Ads,212.57
ZAM-2025-000698,2025-05-30,Elektronika,Facebook Ads,480.61
ZAM-2025-001739,2025-11-22,Elektronika,Sklep internetowy,641.29
ZAM-2025-002716,2025-03-03,Odzież,Sklep internetowy,123.43
ZAM-2025-009134,2025-08-20,Uroda,Sklep internetowy,51.85
ZAM-2025-006771,2025-08-30,Dom i ogród,Facebook Ads,28.51
ZAM-2025-007124,2025-11-03,Dom i ogród,Marketplace,179.43
ZAM-2025-012247,2025-12-08,Sport,Marketplace,140.22
ZAM-2025-011473,2025-07-26,Sport,Google Ads,200.45
ZAM-2025-002425,2025-02-14,Odzież,Marketplace,116.56
ZAM-2025-012640,2025-04-30,Zabawki i prezenty,Facebook Ads,76.27
ZAM-2025-005997,2025-05-24,Dom i ogród,Marketplace,278.88
ZAM-2025-012655,2025-04-03,Zabawki i prezenty,Sklep internetowy,59.57
ZAM-2025-012091,2025-11-17,Sport,Sklep internetowy,226.94
ZAM-2025-011109,2025-05-15,Sport,Google Ads,66.26
ZAM-2025-006565,2025-07-16,Dom i ogród,Marketplace,324.73
ZAM-2025-011466,2025-07-04,Sport,Facebook Ads,34.6
ZAM-2025-003919,2025-08-08,Odzież,Marketplace,166.48
ZAM-2025-010712,2025-03-08,Sport,Sklep internetowy,275.34
ZAM-2025-013112,2025-09-04,Zabawki i prezenty,Marketplace,116.73
ZAM-2025-008518,2025-05-06,Uroda,Marketplace,139.06
ZAM-2025-006506,2025-07-30,Dom i ogród,Sklep internetowy,266.54
ZAM-2025-010413,2025-02-23,Sport,Sklep internetowy,204.14
ZAM-2025-008017,2025-03-08,Uroda,Marketplace,121.63
ZAM-2025-006055,2025-05-25,Dom i ogród,Google Ads,310.06
ZAM-2025-003086,2025-04-15,Odzież,Sklep internetowy,141.85
ZAM-2025-011984,2025-10-01,Sport,Sklep internetowy,195.48
ZAM-2025-012115,2025-11-14,Sport,Sklep internetowy,199.33
ZAM-2025-002372,2025-01-29,Odzież,Google Ads,239.74
ZAM-2025-004177,2025-09-14,Odzież,Marketplace,162.04
ZAM-2025-004199,2025-09-22,Odzież,Sklep internetowy,190.79
ZAM-2025-006110,2025-06-19,Dom i ogród,Facebook Ads,114.1
ZAM-2025-003203,2025-05-02,Odzież,Google Ads,124.13
ZAM-2025-010483,2025-02-01,Sport,Sklep internetowy,130.78
ZAM-2025-013998,2025-12-17,Zabawki i prezenty,Sklep internetowy,57.08
ZAM-2025-014075,2025-12-07,Zabawki i prezenty,Google Ads,55.88
ZAM-2025-001676,2025-11-29,Elektronika,Marketplace,210.78
ZAM-2025-011279,2025-06-19,Sport,Google Ads,160.92
ZAM-2025-006961,2025-10-21,Dom i ogród,Sklep internetowy,187.32
ZAM-2025-000382,2025-03-21,Elektronika,Marketplace,461.15
ZAM-2025-004578,2025-10-19,Odzież,Sklep internetowy,100.93
ZAM-2025-008237,2025-04-24,Uroda,Sklep internetowy,91.16
ZAM-2025-005041,2025-12-02,Odzież,Google Ads,106.43
ZAM-2025-009937,2025-12-16,Uroda,Marketplace,103.27
ZAM-2025-009172,2025-09-26,Uroda,Marketplace,127.53
ZAM-2025-000781,2025-06-26,Elektronika,Marketplace,513.12
ZAM-2025-003785,2025-07-03,Odzież,Sklep internetowy,175.77
ZAM-2025-011499,2025-07-03,Sport,Facebook Ads,217.94
ZAM-2025-003488,2025-06-13,Odzież,Sklep internetowy,177.42
ZAM-2025-009835,2025-12-02,Uroda,Sklep internetowy,158.33
ZAM-2025-014014,2025-12-30,Zabawki i prezenty,Sklep internetowy,82.21
ZAM-2025-013272,2025-11-03,Zabawki i prezenty,Marketplace,49.91
ZAM-2025-006685,2025-08-21,Dom i ogród,Sklep internetowy,137.55
ZAM-2025-007622,2025-02-25,Uroda,Sklep internetowy,41.17
ZAM-2025-010377,2025-02-22,Sport,Sklep internetowy,137.22
ZAM-2025-012223,2025-12-13,Sport,Facebook Ads,161.73
ZAM-2025-000532,2025-04-06,Elektronika,Marketplace,223.58
ZAM-2025-000787,2025-06-17,Elektronika,Marketplace,327.14
ZAM-2025-013007,2025-08-02,Zabawki i prezenty,Facebook Ads,73.84
ZAM-2025-006190,2025-06-15,Dom i ogród,Sklep internetowy,151.24
ZAM-2025-007760,2025-02-02,Uroda,Sklep internetowy,82.46
ZAM-2025-001368,2025-09-04,Elektronika,Google Ads,384.97
ZAM-2025-006891,2025-09-12,Dom i ogród,Marketplace,210.4
ZAM-2025-007637,2025-02-16,Uroda,Marketplace,74.26
ZAM-2025-010325,2025-01-01,Sport,Sklep internetowy,248.95
ZAM-2025-004039,2025-09-13,Odzież,Sklep internetowy,54.04
ZAM-2025-001006,2025-07-11,Elektronika,Marketplace,515.58
ZAM-2025-003601,2025-06-26,Odzież,Sklep internetowy,94.04
ZAM-2025-000103,2025-01-06,Elektronika,Sklep internetowy,513.02
ZAM-2025-010967,2025-05-30,Sport,Facebook Ads,114.27
ZAM-2025-005346,2025-02-28,Dom i ogród,Sklep internetowy,100.91
ZAM-2025-004935,2025-12-18,Odzież,Sklep internetowy,131.92
ZAM-2025-006466,2025-07-02,Dom i ogród,Google Ads,291.71
ZAM-2025-008164,2025-04-01,Uroda,Sklep internetowy,93.18
ZAM-2025-007278,2025-12-31,Dom i ogród,Sklep internetowy,270.35
ZAM-2025-013361,2025-11-04,Zabawki i prezenty,Marketplace,36.51
ZAM-2025-000900,2025-06-12,Elektronika,Sklep internetowy,144.62
ZAM-2025-006045,2025-05-09,Dom i ogród,Sklep internetowy,99.5
ZAM-2025-008885,2025-07-18,Uroda,Sklep internetowy,143.59
ZAM-2025-010190,2025-01-03,Sport,Facebook Ads,155.32
ZAM-2025-005165,2025-01-15,Dom i ogród,Facebook Ads,88.94
ZAM-2025-000059,2025-01-03,Elektronika,Facebook Ads,536.16
ZAM-2025-012458,2025-01-03,Zabawki i prezenty,Sklep internetowy,78.87
ZAM-2025-001946,2025-11-16,Elektronika,Google Ads,263.62
ZAM-2025-010031,2025-12-16,Uroda,Sklep internetowy,86.93
ZAM-2025-001658,2025-11-09,Elektronika,Marketplace,377.62
ZAM-2025-001637,2025-11-16,Elektronika,Marketplace,364.98
ZAM-2025-011650,2025-08-21,Sport,Google Ads,134.25
ZAM-2025-012213,2025-11-02,Sport,Marketplace,88.63
ZAM-2025-008395,2025-05-19,Uroda,Sklep internetowy,100.07
ZAM-2025-009949,2025-12-08,Uroda,Google Ads,105.66
ZAM-2025-008472,2025-05-05,Uroda,Facebook Ads,76.79
ZAM-2025-004339,2025-10-25,Odzież,Sklep internetowy,105.07
ZAM-2025-009544,2025-10-17,Uroda,Sklep internetowy,87.11
ZAM-2025-002000,2025-12-13,Elektronika,Google Ads,366.88
ZAM-2025-011970,2025-10-29,Sport,Marketplace,179.35
ZAM-2025-001151,2025-08-26,Elektronika,Sklep internetowy,458.74
ZAM-2025-011868,2025-09-04,Sport,Marketplace,90.48
ZAM-2025-008504,2025-05-20,Uroda,Facebook Ads,71.18
ZAM-2025-010581,2025-03-26,Sport,Facebook Ads,96.48
ZAM-2025-012157,2025-11-21,Sport,Sklep internetowy,215.6
ZAM-2025-008980,2025-08-15,Uroda,Marketplace,116.48
ZAM-2025-010434,2025-02-28,Sport,Sklep internetowy,244.29
ZAM-2025-009422,2025-10-06,Uroda,Sklep internetowy,67.92
ZAM-2025-013709,2025-12-01,Zabawki i prezenty,Facebook Ads,56.17
ZAM-2025-002260,2025-01-19,Odzież,Sklep internetowy,127.8
ZAM-2025-000985,2025-07-09,Elektronika,Marketplace,382.94
ZAM-2025-000203,2025-02-25,Elektronika,Sklep internetowy,616.65
ZAM-2025-008509,2025-05-04,Uroda,Sklep internetowy,45.99
ZAM-2025-007350,2025-12-21,Dom i ogród,Sklep internetowy,100.45
ZAM-2025-002664,2025-03-26,Odzież,Sklep internetowy,158.9
ZAM-2025-013101,2025-09-23,Zabawki i prezenty,Facebook Ads,50.92
ZAM-2025-010884,2025-04-05,Sport,Sklep internetowy,46.92
ZAM-2025-006021,2025-05-02,Dom i ogród,Google Ads,168.1
ZAM-2025-005399,2025-02-19,Dom i ogród,Facebook Ads,240.23
ZAM-2025-000139,2025-01-01,Elektronika,Sklep internetowy,198.48
ZAM-2025-013733,2025-12-02,Zabawki i prezenty,Sklep internetowy,49.78
ZAM-2025-001404,2025-09-14,Elektronika,Marketplace,254.28
ZAM-2025-005022,2025-12-08,Odzież,Sklep internetowy,197.75
ZAM-2025-011185,2025-06-27,Sport,Marketplace,156.24
ZAM-2025-012205,2025-11-28,Sport,Google Ads,155.58
ZAM-2025-000320,2025-03-11,Elektronika,Sklep internetowy,395.78
ZAM-2025-010693,2025-03-14,Sport,Sklep internetowy,152.4
ZAM-2025-000352,2025-03-13,Elektronika,Facebook Ads,535.06
ZAM-2025-001474,2025-10-09,Elektronika,Sklep internetowy,515.36
ZAM-2025-012116,2025-11-14,Sport,Sklep internetowy,236.91
ZAM-2025-010172,2025-01-29,Sport,Facebook Ads,192.13
ZAM-2025-001355,2025-09-17,Elektronika,Marketplace,262.77
ZAM-2025-013315,2025-11-10,Zabawki i prezenty,Marketplace,68.52
ZAM-2025-004542,2025-10-15,Odzież,Sklep internetowy,169.47
ZAM-2025-000240,2025-02-07,Elektronika,Sklep internetowy,376.32
ZAM-2025-001601,2025-10-26,Elektronika,Facebook Ads,270.88
ZAM-2025-012257,2025-12-24,Sport,Sklep internetowy,195.76
ZAM-2025-005496,2025-03-11,Dom i ogród,Sklep internetowy,96.63
ZAM-2025-009265,2025-09-04,Uroda,Facebook Ads,80.42
ZAM-2025-002181,2025-12-08,Elektronika,Facebook Ads,331.12
ZAM-2025-008276,2025-04-04,Uroda,Sklep internetowy,98.28
ZAM-2025-012386,2025-01-22,Zabawki i prezenty,Sklep internetowy,74.59
ZAM-2025-008754,2025-06-07,Uroda,Sklep internetowy,45.95
ZAM-2025-003223,2025-05-30,Odzież,Facebook Ads,144.43
ZAM-2025-004911,2025-12-25,Odzież,Google Ads,198.84
ZAM-2025-009815,2025-12-06,Uroda,Marketplace,62.47
ZAM-2025-008030,2025-03-13,Uroda,Facebook Ads,122.58
ZAM-2025-000306,2025-03-23,Elektronika,Facebook Ads,324.68
ZAM-2025-012811,2025-06-28,Zabawki i prezenty,Sklep internetowy,76.0
ZAM-2025-012821,2025-06-01,Zabawki i prezenty,Sklep internetowy,74.52
ZAM-2025-012614,2025-03-19,Zabawki i prezenty,Facebook Ads,128.98
ZAM-2025-004424,2025-10-03,Odzież,Marketplace,129.49
ZAM-2025-013696,2025-12-19,Zabawki i prezenty,Sklep internetowy,66.17
ZAM-2025-004772,2025-11-14,Odzież,Facebook Ads,133.88
ZAM-2025-008993,2025-08-30,Uroda,Sklep internetowy,52.79
ZAM-2025-009518,2025-10-20,Uroda,Sklep internetowy,47.17
ZAM-2025-003807,2025-07-11,Odzież,Facebook Ads,99.03
ZAM-2025-014071,2025-12-10,Zabawki i prezenty,Sklep internetowy,48.11
ZAM-2025-012353,2025-12-29,Sport,Facebook Ads,27.98
ZAM-2025-005891,2025-05-10,Dom i ogród,Marketplace,22.52
ZAM-2025-010494,2025-02-07,Sport,Marketplace,191.29
ZAM-2025-002500,2025-02-07,Odzież,Google Ads,188.64
ZAM-2025-010437,2025-02-14,Sport,Sklep internetowy,145.33
ZAM-2025-012713,2025-05-17,Zabawki i prezenty,Marketplace,77.6
ZAM-2025-013981,2025-12-09,Zabawki i prezenty,Marketplace,19
ZAM-2025-009890,2025-12-22,Uroda,Facebook Ads,99.75
ZAM-2025-001266,2025-09-23,Elektronika,Sklep internetowy,648.1
ZAM-2025-005942,2025-05-10,Dom i ogród,Marketplace,255.41
ZAM-2025-004634,2025-11-05,Odzież,Marketplace,139.27
ZAM-2025-004730,2025-11-28,Odzież,Sklep internetowy,123.29
ZAM-2025-009361,2025-09-20,Uroda,Marketplace,104.41
ZAM-2025-002615,2025-02-20,Odzież,Facebook Ads,160.21
ZAM-2025-005937,2025-05-27,Dom i ogród,Sklep internetowy,22.52
ZAM-2025-006476,2025-07-18,Dom i ogród,Sklep internetowy,317.91
ZAM-2025-004466,2025-10-09,Odzież,Google Ads,213.11
ZAM-2025-000244,2025-02-14,Elektronika,Facebook Ads,215.41
ZAM-2025-010503,2025-02-12,Sport,Facebook Ads,150.45
ZAM-2025-010166,2025-01-26,Sport,Marketplace,46.96
ZAM-2025-007092,2025-10-25,Dom i ogród,Sklep internetowy,87.82
ZAM-2025-005215,2025-01-30,Dom i ogród,Google Ads,220.94
ZAM-2025-005245,2025-01-05,Dom i ogród,Facebook Ads,218.58
ZAM-2025-009939,2025-12-05,Uroda,Marketplace,124.75
ZAM-2025-006932,2025-09-01,Dom i ogród,Google Ads,240.76
ZAM-2025-008975,2025-08-30,Uroda,Marketplace,83.09
ZAM-2025-008694,2025-06-27,Uroda,Facebook Ads,121.78
ZAM-2025-010194,2025-01-11,Sport,Sklep internetowy,79.95
ZAM-2025-001104,2025-08-13,Elektronika,Marketplace,604.02
ZAM-2025-006995,2025-10-06,Dom i ogród,Sklep internetowy,362.74
ZAM-2025-005188,2025-01-12,Dom i ogród,Google Ads,131.32
ZAM-2025-013080,2025-09-13,Zabawki i prezenty,Facebook Ads,100.99
ZAM-2025-011237,2025-06-17,Sport,Sklep internetowy,98.83
ZAM-2025-011707,2025-08-17,Sport,Sklep internetowy,122.28
ZAM-2025-011075,2025-05-02,Sport,Facebook Ads,196.04
ZAM-2025-012363,2025-12-04,Sport,Sklep internetowy,170.98
ZAM-2025-002179,2025-12-18,Elektronika,Marketplace,119.86
ZAM-2025-003951,2025-08-08,Odzież,Facebook Ads,114.12
ZAM-2025-001038,2025-07-08,Elektronika,Sklep internetowy,356.82
ZAM-2025-006289,2025-06-16,Dom i ogród,Google Ads,382.83
ZAM-2025-003273,2025-05-05,Odzież,Google Ads,91.79
ZAM-2025-008878,2025-07-04,Uroda,Facebook Ads,88.63
ZAM-2025-006388,2025-07-16,Dom i ogród,Marketplace,219.79
ZAM-2025-007813,2025-02-04,Uroda,Marketplace,54.47
ZAM-2025-008721,2025-06-19,Uroda,Google Ads,78.84
ZAM-2025-005449,2025-03-28,Dom i ogród,Sklep internetowy,170.69
ZAM-2025-011858,2025-09-17,Sport,Sklep internetowy,191.64
ZAM-2025-004927,2025-12-29,Odzież,Marketplace,58.62
ZAM-2025-006096,2025-06-25,Dom i ogród,Sklep internetowy,209.07
ZAM-2025-008534,2025-05-04,Uroda,Sklep internetowy,101.92
ZAM-2025-013911,2025-12-22,Zabawki i prezenty,Sklep internetowy,72.93
ZAM-2025-007803,2025-02-10,Uroda,Marketplace,136.44
ZAM-2025-004465,2025-10-09,Odzież,Facebook Ads,182.52
ZAM-2025-009814,2025-12-28,Uroda,Google Ads,48.61
ZAM-2025-002548,2025-02-12,Odzież,Facebook Ads,162.3
ZAM-2025-003456,2025-05-06,Odzież,Sklep internetowy,149.77
ZAM-2025-003131,2025-04-14,Odzież,Sklep internetowy,48.87
ZAM-2025-001034,2025-07-07,Elektronika,Marketplace,344.6
ZAM-2025-009727,2025-11-13,Uroda,Google Ads,142.92
ZAM-2025-002073,2025-12-23,Elektronika,Marketplace,241.07
ZAM-2025-002058,2025-12-30,Elektronika,Sklep internetowy,336.06
ZAM-2025-010925,2025-04-27,Sport,Facebook Ads,197.69
ZAM-2025-003159,2025-04-16,Odzież,Google Ads,79.89
ZAM-2025-002478,2025-02-26,Odzież,Sklep internetowy,109.68
ZAM-2025-000869,2025-06-17,Elektronika,Sklep internetowy,434.72
ZAM-2025-004472,2025-10-23,Odzież,Sklep internetowy,165.94
ZAM-2025-000125,2025-01-17,Elektronika,Sklep internetowy,249.19
ZAM-2025-011001,2025-05-04,Sport,Sklep internetowy,88.73
ZAM-2025-010142,2025-01-11,Sport,Facebook Ads,47.42
ZAM-2025-011933,2025-09-22,Sport,Google Ads,189.59
ZAM-2025-002904,2025-04-02,Odzież,Marketplace,43.61
ZAM-2025-001893,2025-11-30,Elektronika,Marketplace,691.42
ZAM-2025-010213,2025-01-09,Sport,Marketplace,123.15
ZAM-2025-000186,2025-02-02,Elektronika,Marketplace,342.81
ZAM-2025-009603,2025-11-12,Uroda,Facebook Ads,82.53
ZAM-2025-011308,2025-06-13,Sport,Sklep internetowy,109.27
ZAM-2025-011035,2025-05-12,Sport,Marketplace,164.34
ZAM-2025-010704,2025-03-08,Sport,Marketplace,230.08
ZAM-2025-014128,2025-12-16,Zabawki i prezenty,Sklep internetowy,51.55
ZAM-2025-003887,2025-08-26,Odzież,Facebook Ads,85.94
ZAM-2025-007633,2025-02-24,Uroda,Sklep internetowy,138.49
ZAM-2025-004920,2025-12-18,Odzież,Marketplace,140.58
ZAM-2025-011978,2025-10-21,Sport,Facebook Ads,132.45
ZAM-2025-004402,2025-10-30,Odzież,Sklep internetowy,87.75
ZAM-2025-014173,2025-12-20,Zabawki i prezenty,Facebook Ads,68.99
ZAM-2025-006558,2025-07-14,Dom i ogród,Sklep internetowy,108.56
ZAM-2025-013614,2025-11-04,Zabawki i prezenty,Google Ads,117.95
ZAM-2025-010184,2025-01-06,Sport,Sklep internetowy,103.98
ZAM-2025-001921,2025-11-07,Elektronika,Marketplace,157.87
ZAM-2025-008420,2025-05-04,Uroda,Sklep internetowy,68.38
ZAM-2025-014089,2025-12-18,Zabawki i prezenty,Sklep internetowy,93.42
ZAM-2025-004072,2025-09-09,Odzież,Sklep internetowy,140.87
ZAM-2025-013760,2025-12-26,Zabawki i prezenty,Sklep internetowy,103.21
ZAM-2025-011213,2025-06-30,Sport,Marketplace,112.95
ZAM-2025-001091,2025-08-30,Elektronika,Google Ads,539.37
ZAM-2025-008562,2025-05-26,Uroda,Facebook Ads,90.21
ZAM-2025-005322,2025-02-15,Dom i ogród,Facebook Ads,215.93
ZAM-2025-005690,2025-04-24,Dom i ogród,Sklep internetowy,206.28
ZAM-2025-012856,2025-06-04,Zabawki i prezenty,Google Ads,108.77
ZAM-2025-001409,2025-09-27,Elektronika,Google Ads,558.84
ZAM-2025-013609,2025-11-02,Zabawki i prezenty,Marketplace,76.53
ZAM-2025-000497,2025-04-21,Elektronika,Google Ads,398.6
ZAM-2025-005221,2025-01-21,Dom i ogród,Marketplace,215.74
ZAM-2025-005673,2025-04-14,Dom i ogród,Google Ads,164.46
ZAM-2025-001712,2025-11-03,Elektronika,Google Ads,271.11
ZAM-2025-001984,2025-12-07,Elektronika,Marketplace,321.55
ZAM-2025-006024,2025-05-30,Dom i ogród,Facebook Ads,249.1
ZAM-2025-004183,2025-09-12,Odzież,Sklep internetowy,141.1
ZAM-2025-012305,2025-12-17,Sport,Sklep internetowy,123.35
ZAM-2025-005900,2025-05-03,Dom i ogród,Marketplace,122.49
ZAM-2025-002171,2025-12-23,Elektronika,Google Ads,347.51
ZAM-2025-008129,2025-04-19,Uroda,Sklep internetowy,90.91
ZAM-2025-009513,2025-10-25,Uroda,Google Ads,110.74
ZAM-2025-011147,2025-05-18,Sport,Sklep internetowy,212.87
ZAM-2025-002075,2025-12-17,Elektronika,Sklep internetowy,196.26
ZAM-2025-000854,2025-06-11,Elektronika,Facebook Ads,578.2
ZAM-2025-008283,2025-04-08,Uroda,Marketplace,118.55
ZAM-2025-007153,2025-11-06,Dom i ogród,Google Ads,152.37
ZAM-2025-011581,2025-07-27,Sport,Sklep internetowy,125.27
ZAM-2025-000575,2025-04-03,Elektronika,Sklep internetowy,315.76
ZAM-2025-011762,2025-08-12,Sport,Marketplace,176.12
ZAM-2025-013219,2025-10-16,Zabawki i prezenty,Google Ads,94.27
ZAM-2025-006068,2025-05-23,Dom i ogród,Facebook Ads,192.22
ZAM-2025-002022,2025-12-25,Elektronika,Sklep internetowy,334.2
ZAM-2025-002455,2025-02-12,Odzież,Sklep internetowy,109.07
ZAM-2025-003759,2025-07-25,Odzież,Marketplace,141.76
ZAM-2025-010827,2025-04-21,Sport,Facebook Ads,144.79
ZAM-2025-000511,2025-04-05,Elektronika,Facebook Ads,270.11
ZAM-2025-001840,2025-11-15,Elektronika,Sklep internetowy,536.61
ZAM-2025-009062,2025-08-07,Uroda,Sklep internetowy,95.2
ZAM-2025-002358,2025-01-11,Odzież,Google Ads,36.08
ZAM-2025-009562,2025-10-05,Uroda,Google Ads,93.43
ZAM-2025-005204,2025-01-31,Dom i ogród,Marketplace,236.53
ZAM-2025-002427,2025-02-13,Odzież,Sklep internetowy,179.91
ZAM-2025-011322,2025-06-30,Sport,Marketplace,122.62
ZAM-2025-005363,2025-02-15,Dom i ogród,Sklep internetowy,189.49
ZAM-2025-008822,2025-07-15,Uroda,Sklep internetowy,113.74
ZAM-2025-008905,2025-07-06,Uroda,Facebook Ads,110.89
ZAM-2025-001203,2025-08-12,Elektronika,Facebook Ads,195.98
ZAM-2025-010074,2025-12-17,Uroda,Sklep internetowy,118.86
ZAM-2025-003116,2025-04-16,Odzież,Marketplace,115.24
ZAM-2025-012364,2025-12-17,Sport,Marketplace,110.58
ZAM-2025-004193,2025-09-13,Odzież,Marketplace,80.28
ZAM-2025-010754,2025-03-01,Sport,Sklep internetowy,101.4
ZAM-2025-002438,2025-02-21,Odzież,Sklep internetowy,30.34
ZAM-2025-009582,2025-11-05,Uroda,Marketplace,65.88
ZAM-2025-003201,2025-04-17,Odzież,Facebook Ads,147.37
ZAM-2025-009382,2025-10-08,Uroda,Sklep internetowy,58.35
ZAM-2025-012553,2025-03-13,Zabawki i prezenty,Facebook Ads,27.36
ZAM-2025-012774,2025-05-14,Zabawki i prezenty,Marketplace,89.42
ZAM-2025-003224,2025-05-17,Odzież,Sklep internetowy,117.12
ZAM-2025-013231,2025-10-23,Zabawki i prezenty,Sklep internetowy,56.31
ZAM-2025-013703,2025-12-26,Zabawki i prezenty,Marketplace,61.34
ZAM-2025-014169,2025-12-29,Zabawki i prezenty,Sklep internetowy,82.46
ZAM-2025-008938,2025-07-17,Uroda,Sklep internetowy,109.72
ZAM-2025-002911,2025-04-01,Odzież,Sklep internetowy,120.92
ZAM-2025-013991,2025-12-12,Zabawki i prezenty,Sklep internetowy,70.11
ZAM-2025-013630,2025-11-19,Zabawki i prezenty,Sklep internetowy,49.78
ZAM-2025-001933,2025-11-19,Elektronika,Marketplace,271.08
ZAM-2025-007382,2025-12-16,Dom i ogród,Google Ads,157.07
ZAM-2025-009623,2025-11-16,Uroda,Sklep internetowy,104.93
ZAM-2025-000529,2025-04-24,Elektronika,Facebook Ads,203.03
ZAM-2025-002359,2025-01-01,Odzież,Marketplace,148.27
ZAM-2025-006132,2025-06-19,Dom i ogród,Marketplace,44.99
ZAM-2025-006947,2025-09-24,Dom i ogród,Sklep internetowy,222.04
ZAM-2025-004554,2025-10-16,Odzież,Google Ads,90.16
ZAM-2025-003067,2025-04-28,Odzież,Google Ads,221.29
ZAM-2025-004118,2025-09-03,Odzież,Sklep internetowy,71.14
ZAM-2025-011151,2025-05-02,Sport,Facebook Ads,233.57
ZAM-2025-013929,2025-12-16,Zabawki i prezenty,Facebook Ads,106.03
ZAM-2025-007161,2025-11-09,Dom i ogród,Marketplace,205.37
ZAM-2025-006598,2025-08-12,Dom i ogród,Google Ads,242.58
ZAM-2025-005901,2025-05-25,Dom i ogród,Sklep internetowy,153.47
ZAM-2025-001470,2025-10-04,Elektronika,Marketplace,345.73
ZAM-2025-005173,2025-01-27,Dom i ogród,Facebook Ads,264.91
ZAM-2025-009573,2025-10-21,Uroda,Sklep internetowy,126.51
ZAM-2025-012441,2025-01-18,Zabawki i prezenty,Facebook Ads,89.33
ZAM-2025-008843,2025-07-26,Uroda,Sklep internetowy,41.69
ZAM-2025-008450,2025-05-18,Uroda,Sklep internetowy,85.44
ZAM-2025-001871,2025-11-20,Elektronika,Facebook Ads,322.35
ZAM-2025-004274,2025-09-04,Odzież,Marketplace,160.18
ZAM-2025-007106,2025-11-30,Dom i ogród,Sklep internetowy,209.1
ZAM-2025-010838,2025-04-05,Sport,Marketplace,55.67
ZAM-2025-012801,2025-06-26,Zabawki i prezenty,Facebook Ads,58.2
ZAM-2025-006318,2025-06-28,Dom i ogród,Marketplace,156.9
ZAM-2025-006511,2025-07-25,Dom i ogród,Sklep internetowy,363.19
ZAM-2025-003778,2025-07-16,Odzież,Facebook Ads,122.37
ZAM-2025-008190,2025-04-27,Uroda,Facebook Ads,61.55
ZAM-2025-006864,2025-09-30,Dom i ogród,Facebook Ads,199.85
ZAM-2025-003692,2025-07-18,Odzież,Facebook Ads,156.93
ZAM-2025-009797,2025-11-23,Uroda,Facebook Ads,62.79
ZAM-2025-007131,2025-11-24,Dom i ogród,Google Ads,155.37
ZAM-2025-002976,2025-04-01,Odzież,Sklep internetowy,98.3
ZAM-2025-008503,2025-05-23,Uroda,Sklep internetowy,112.04
ZAM-2025-003062,2025-04-23,Odzież,Google Ads,138.78
ZAM-2025-012481,2025-02-16,Zabawki i prezenty,Sklep internetowy,67.8
ZAM-2025-005177,2025-01-08,Dom i ogród,Marketplace,119.38
ZAM-2025-004224,2025-09-05,Odzież,Facebook Ads,51.79
ZAM-2025-010719,2025-03-31,Sport,Marketplace,205.85
ZAM-2025-013145,2025-10-05,Zabawki i prezenty,Marketplace,61.44
ZAM-2025-013286,2025-11-11,Zabawki i prezenty,Marketplace,26.64
ZAM-2025-009042,2025-08-15,Uroda,Facebook Ads,66.45
ZAM-2025-001565,2025-10-25,Elektronika,Sklep internetowy,633.92
ZAM-2025-013212,2025-10-19,Zabawki i prezenty,Marketplace,84.11
ZAM-2025-004788,2025-11-06,Odzież,Marketplace,111.49
ZAM-2025-001517,2025-10-22,Elektronika,Facebook Ads,678.0
ZAM-2025-007538,2025-01-30,Uroda,Marketplace,135.53
ZAM-2025-004431,2025-10-19,Odzież,Google Ads,168.28
ZAM-2025-003979,2025-08-02,Odzież,Sklep internetowy,109.89
ZAM-2025-009258,2025-09-23,Uroda,Marketplace,73.39
ZAM-2025-008000,2025-03-28,Uroda,Sklep internetowy,79.54
ZAM-2025-000812,2025-06-10,Elektronika,Sklep internetowy,386.72
ZAM-2025-011398,2025-07-13,Sport,Google Ads,160.49
ZAM-2025-006382,2025-07-22,Dom i ogród,Marketplace,234.62
ZAM-2025-000478,2025-04-16,Elektronika,Sklep internetowy,512.47
ZAM-2025-005274,2025-01-10,Dom i ogród,Sklep internetowy,112.38
ZAM-2025-002627,2025-03-27,Odzież,Google Ads,166.59
ZAM-2025-004207,2025-09-04,Odzież,Marketplace,182.3
ZAM-2025-000599,2025-04-11,Elektronika,Sklep internetowy,564.84
ZAM-2025-006770,2025-08-30,Dom i ogród,Sklep internetowy,119.57
ZAM-2025-005930,2025-05-20,Dom i ogród,Marketplace,170.86
ZAM-2025-013888,2025-12-29,Zabawki i prezenty,Sklep internetowy,58.4
ZAM-2025-006373,2025-07-17,Dom i ogród,Marketplace,68.88
ZAM-2025-000470,2025-04-02,Elektronika,Sklep internetowy,344.79
ZAM-2025-008930,2025-07-25,Uroda,Sklep internetowy,83.84
ZAM-2025-006777,2025-08-04,Dom i ogród,Google Ads,152.94
ZAM-2025-009540,2025-10-19,Uroda,Marketplace,94.57
ZAM-2025-009180,2025-09-13,Uroda,Sklep internetowy,96.05
ZAM-2025-003256,2025-05-05,Odzież,Sklep internetowy,149.54
ZAM-2025-003400,2025-05-08,Odzież,Marketplace,131.48
ZAM-2025-010672,2025-03-29,Sport,Marketplace,154.03
ZAM-2025-001386,2025-09-18,Elektronika,Facebook Ads,521.67
ZAM-2025-008986,2025-08-23,Uroda,Facebook Ads,83.98
ZAM-2025-011807,2025-09-15,Sport,Facebook Ads,204.79
ZAM-2025-000997,2025-07-23,Elektronika,Marketplace,258.37
ZAM-2025-003161,2025-04-02,Odzież,Facebook Ads,55.04
ZAM-2025-013027,2025-08-11,Zabawki i prezenty,Sklep internetowy,101.92
ZAM-2025-005611,2025-04-02,Dom i ogród,Sklep internetowy,217.89
ZAM-2025-000209,2025-02-24,Elektronika,Sklep internetowy,19
ZAM-2025-005875,2025-05-15,Dom i ogród,Sklep internetowy,246.25
ZAM-2025-012071,2025-10-24,Sport,Marketplace,208.37
ZAM-2025-005514,2025-03-23,Dom i ogród,Marketplace,156.23
ZAM-2025-000250,2025-02-15,Elektronika,Marketplace,493.88
ZAM-2025-000775,2025-06-06,Elektronika,Marketplace,407.84
ZAM-2025-011448,2025-07-15,Sport,Sklep internetowy,86.29
ZAM-2025-003677,2025-06-29,Odzież,Marketplace,198.62
ZAM-2025-001498,2025-10-22,Elektronika,Sklep internetowy,530.85
ZAM-2025-008782,2025-07-17,Uroda,Facebook Ads,152.0
ZAM-2025-005482,2025-03-16,Dom i ogród,Google Ads,153.64
ZAM-2025-000737,2025-05-05,Elektronika,Google Ads,128.66
ZAM-2025-007950,2025-03-26,Uroda,Sklep internetowy,148.13
ZAM-2025-006608,2025-08-13,Dom i ogród,Facebook Ads,167.21
ZAM-2025-005304,2025-02-13,Dom i ogród,Marketplace,222.21
ZAM-2025-012402,2025-01-04,Zabawki i prezenty,Sklep internetowy,71.2
ZAM-2025-010034,2025-12-28,Uroda,Facebook Ads,59.74
ZAM-2025-014001,2025-12-03,Zabawki i prezenty,Marketplace,81.89
ZAM-2025-012246,2025-12-13,Sport,Marketplace,108.84
ZAM-2025-009079,2025-08-17,Uroda,Facebook Ads,98.11
ZAM-2025-002946,2025-04-02,Odzież,Google Ads,167.07
ZAM-2025-012232,2025-12-08,Sport,Marketplace,108.5
ZAM-2025-012785,2025-05-03,Zabawki i prezenty,Sklep internetowy,84.87
ZAM-2025-012848,2025-06-04,Zabawki i prezenty,Facebook Ads,100.92
ZAM-2025-009641,2025-11-07,Uroda,Google Ads,111.06
ZAM-2025-002248,2025-01-02,Odzież,Facebook Ads,141.17
ZAM-2025-003834,2025-07-22,Odzież,Facebook Ads,124.6
ZAM-2025-000696,2025-05-23,Elektronika,Google Ads,215.24
ZAM-2025-011726,2025-08-15,Sport,Facebook Ads,213.73
ZAM-2025-003415,2025-05-28,Odzież,Facebook Ads,165.07
ZAM-2025-005431,2025-03-18,Dom i ogród,Marketplace,228.56
ZAM-2025-000303,2025-03-02,Elektronika,Google Ads,368.89
ZAM-2025-009432,2025-10-11,Uroda,Sklep internetowy,99.5
ZAM-2025-002249,2025-01-10,Odzież,Sklep internetowy,155.35
ZAM-2025-000702,2025-05-02,Elektronika,Google Ads,699.88
ZAM-2025-014086,2025-12-21,Zabawki i prezenty,Facebook Ads,74.08
ZAM-2025-012616,2025-04-02,Zabawki i prezenty,Facebook Ads,99.81
ZAM-2025-011276,2025-06-20,Sport,Facebook Ads,224.95
ZAM-2025-002938,2025-04-08,Odzież,Marketplace,180.39
ZAM-2025-005952,2025-05-17,Dom i ogród,Sklep internetowy,149.28
ZAM-2025-001313,2025-09-24,Elektronika,Google Ads,427.75
ZAM-2025-009379,2025-10-18,Uroda,Marketplace,42.97
ZAM-2025-013922,2025-12-24,Zabawki i prezenty,Sklep internetowy,127.34
ZAM-2025-002955,2025-04-04,Odzież,Google Ads,153.05
ZAM-2025-007578,2025-01-08,Uroda,Google Ads,85.11
ZAM-2025-005626,2025-04-27,Dom i ogród,Sklep internetowy,320.56
ZAM-2025-003505,2025-06-21,Odzież,Facebook Ads,141.02
ZAM-2025-007243,2025-12-22,Dom i ogród,Facebook Ads,179.43
ZAM-2025-006266,2025-06-01,Dom i ogród,Sklep internetowy,170.41
ZAM-2025-010342,2025-02-09,Sport,Google Ads,174.4
ZAM-2025-014029,2025-12-28,Zabawki i prezenty,Sklep internetowy,68.32
ZAM-2025-010256,2025-01-16,Sport,Marketplace,170.62
ZAM-2025-000023,2025-01-02,Elektronika,Marketplace,439.37
ZAM-2025-003788,2025-07-07,Odzież,Marketplace,177.2
ZAM-2025-008316,2025-05-09,Uroda,Google Ads,120.73
ZAM-2025-000304,2025-03-11,Elektronika,Sklep internetowy,631.86
ZAM-2025-008953,2025-07-16,Uroda,Sklep internetowy,88.17
ZAM-2025-010899,2025-04-23,Sport,Marketplace,204.96
ZAM-2025-000200,2025-02-22,Elektronika,Sklep internetowy,509.72
ZAM-2025-013826,2025-12-07,Zabawki i prezenty,Google Ads,55.48
ZAM-2025-008012,2025-03-24,Uroda,Facebook Ads,93.61
ZAM-2025-008094,2025-04-20,Uroda,Facebook Ads,69.63
ZAM-2025-002501,2025-02-13,Odzież,Sklep internetowy,123.3
ZAM-2025-009211,2025-09-23,Uroda,Google Ads,93.83
ZAM-2025-005288,2025-02-03,Dom i ogród,Sklep internetowy,151.97
ZAM-2025-012303,2025-12-07,Sport,Facebook Ads,174.09
ZAM-2025-011352,2025-06-25,Sport,Sklep internetowy,111.45
ZAM-2025-008111,2025-04-10,Uroda,Sklep internetowy,97.97
ZAM-2025-008821,2025-07-16,Uroda,Sklep internetowy,147.1
ZAM-2025-006451,2025-07-30,Dom i ogród,Sklep internetowy,199.21
ZAM-2025-001036,2025-07-27,Elektronika,Sklep internetowy,239.07
ZAM-2025-001791,2025-11-05,Elektronika,Facebook Ads,424.8
ZAM-2025-013577,2025-11-07,Zabawki i prezenty,Facebook Ads,82.57
ZAM-2025-005316,2025-02-01,Dom i ogród,Google Ads,274.02
ZAM-2025-000682,2025-05-28,Elektronika,Sklep internetowy,723.78
ZAM-2025-012574,2025-03-24,Zabawki i prezenty,Sklep internetowy,67.7
ZAM-2025-011284,2025-06-05,Sport,Sklep internetowy,117.07
ZAM-2025-008847,2025-07-18,Uroda,Marketplace,88.36
ZAM-2025-013930,2025-12-14,Zabawki i prezenty,Facebook Ads,49.09
ZAM-2025-000049,2025-01-13,Elektronika,Marketplace,242.93
ZAM-2025-003130,2025-04-04,Odzież,Sklep internetowy,182.22
ZAM-2025-000380,2025-03-11,Elektronika,Sklep internetowy,190.23
ZAM-2025-004645,2025-11-30,Odzież,Sklep internetowy,170.51
ZAM-2025-000307,2025-03-30,Elektronika,Facebook Ads,377.88
ZAM-2025-001242,2025-08-18,Elektronika,Sklep internetowy,405.34
ZAM-2025-009801,2025-12-19,Uroda,Marketplace,49.61
ZAM-2025-003727,2025-07-22,Odzież,Marketplace,109.93
ZAM-2025-011622,2025-08-18,Sport,Sklep internetowy,121.02
ZAM-2025-012416,2025-01-04,Zabawki i prezenty,Facebook Ads,79.44
ZAM-2025-001475,2025-10-16,Elektronika,Google Ads,236.38
ZAM-2025-006355,2025-07-03,Dom i ogród,Marketplace,152.75
ZAM-2025-001078,2025-08-11,Elektronika,Google Ads,409.9
ZAM-2025-006527,2025-07-13,Dom i ogród,Sklep internetowy,164.06
ZAM-2025-013306,2025-11-16,Zabawki i prezenty,Sklep internetowy,71.99
ZAM-2025-008433,2025-05-20,Uroda,Facebook Ads,100.09
ZAM-2025-010507,2025-02-13,Sport,Marketplace,203.66
ZAM-2025-006952,2025-09-20,Dom i ogród,Google Ads,263.17
ZAM-2025-000733,2025-05-04,Elektronika,Sklep internetowy,258.51
ZAM-2025-000990,2025-07-05,Elektronika,Facebook Ads,374.34
ZAM-2025-003000,2025-04-22,Odzież,Marketplace,173.05
ZAM-2025-007896,2025-03-24,Uroda,Sklep internetowy,103.68
ZAM-2025-000311,2025-03-15,Elektronika,Sklep internetowy,524.0
ZAM-2025-008902,2025-07-08,Uroda,Marketplace,79.56
ZAM-2025-012076,2025-10-22,Sport,Marketplace,191.48
ZAM-2025-004886,2025-12-18,Odzież,Sklep internetowy,131.44
ZAM-2025-009737,2025-11-19,Uroda,Marketplace,91.18
ZAM-2025-011633,2025-08-05,Sport,Sklep internetowy,200.38
ZAM-2025-006224,2025-06-25,Dom i ogród,Sklep internetowy,45.7
ZAM-2025-004310,2025-09-08,Odzież,Sklep internetowy,142.87
ZAM-2025-013307,2025-11-16,Zabawki i prezenty,Sklep internetowy,93.97
ZAM-2025-009767,2025-11-26,Uroda,Sklep internetowy,82.28
ZAM-2025-007968,2025-03-01,Uroda,Sklep internetowy,112.84
ZAM-2025-009131,2025-08-22,Uroda,Sklep internetowy,158.43
ZAM-2025-010296,2025-01-26,Sport,Marketplace,289.6
ZAM-2025-012507,2025-02-08,Zabawki i prezenty,Marketplace,107.88
ZAM-2025-011576,2025-07-01,Sport,Sklep internetowy,101.16
ZAM-2025-004437,2025-10-31,Odzież,Marketplace,167.62
ZAM-2025-013485,2025-11-03,Zabawki i prezenty,Marketplace,112.69
ZAM-2025-013663,2025-12-13,Zabawki i prezenty,Marketplace,56.62
ZAM-2025-003030,2025-04-30,Odzież,Sklep internetowy,243.47
ZAM-2025-005503,2025-03-13,Dom i ogród,Facebook Ads,236.12
ZAM-2025-009583,2025-11-17,Uroda,Facebook Ads,140.13
ZAM-2025-001507,2025-10-18,Elektronika,Sklep internetowy,637.66
ZAM-2025-009293,2025-09-07,Uroda,Marketplace,60.89
ZAM-2025-013371,2025-11-15,Zabawki i prezenty,Marketplace,74.12
ZAM-2025-013214,2025-10-31,Zabawki i prezenty,Sklep internetowy,80.06
ZAM-2025-009170,2025-09-28,Uroda,Facebook Ads,96.35
ZAM-2025-010111,2025-01-22,Sport,Sklep internetowy,169.06
ZAM-2025-010210,2025-01-18,Sport,Sklep internetowy,172.87
ZAM-2025-001433,2025-10-30,Elektronika,Google Ads,303.41
ZAM-2025-010997,2025-05-08,Sport,Sklep internetowy,216.16
ZAM-2025-012562,2025-03-09,Zabawki i prezenty,Marketplace,82.85
ZAM-2025-005341,2025-02-17,Dom i ogród,Sklep internetowy,226.93
ZAM-2025-005197,2025-01-20,Dom i ogród,Facebook Ads,166.27
ZAM-2025-005515,2025-03-16,Dom i ogród,Google Ads,77.48
ZAM-2025-006268,2025-06-23,Dom i ogród,Sklep internetowy,211.65
ZAM-2025-010205,2025-01-13,Sport,Sklep internetowy,153.86
ZAM-2025-003339,2025-05-14,Odzież,Marketplace,83.4
ZAM-2025-014013,2025-12-22,Zabawki i prezenty,Marketplace,31.12
ZAM-2025-013694,2025-12-28,Zabawki i prezenty,Sklep internetowy,71.45
ZAM-2025-008103,2025-04-10,Uroda,Sklep internetowy,77.26
ZAM-2025-008136,2025-04-22,Uroda,Marketplace,108.98
ZAM-2025-003506,2025-06-14,Odzież,Sklep internetowy,109.4
ZAM-2025-012852,2025-06-28,Zabawki i prezenty,Google Ads,62.56
ZAM-2025-007254,2025-12-13,Dom i ogród,Sklep internetowy,203.55
ZAM-2025-006971,2025-10-27,Dom i ogród,Sklep internetowy,120.73
ZAM-2025-009996,2025-12-21,Uroda,Google Ads,113.69
ZAM-2025-013081,2025-09-26,Zabawki i prezenty,Facebook Ads,50.66
ZAM-2025-013064,2025-09-22,Zabawki i prezenty,Marketplace,49.8
ZAM-2025-012244,2025-12-13,Sport,Marketplace,19
ZAM-2025-002630,2025-03-29,Odzież,Google Ads,160.52
ZAM-2025-001120,2025-08-15,Elektronika,Marketplace,623.68
ZAM-2025-000946,2025-07-17,Elektronika,Facebook Ads,458.73
ZAM-2025-007439,2025-01-31,Uroda,Google Ads,94.99
ZAM-2025-010029,2025-12-14,Uroda,Google Ads,81.42
ZAM-2025-005424,2025-03-11,Dom i ogród,Sklep internetowy,202.93
ZAM-2025-008671,2025-06-22,Uroda,Marketplace,91.24
ZAM-2025-006544,2025-07-14,Dom i ogród,Google Ads,338.9
ZAM-2025-000927,2025-06-22,Elektronika,Sklep internetowy,422.04
ZAM-2025-005026,2025-12-19,Odzież,Facebook Ads,151.98
ZAM-2025-011849,2025-09-17,Sport,Sklep internetowy,276.12
ZAM-2025-004294,2025-09-25,Odzież,Sklep internetowy,164.07
ZAM-2025-009327,2025-09-25,Uroda,Sklep internetowy,70.86
ZAM-2025-001799,2025-11-18,Elektronika,Marketplace,744.3
ZAM-2025-011975,2025-10-31,Sport,Sklep internetowy,180.53
ZAM-2025-012311,2025-12-24,Sport,Google Ads,211.48
ZAM-2025-008059,2025-03-13,Uroda,Sklep internetowy,123.8
ZAM-2025-009262,2025-09-12,Uroda,Google Ads,93.25
ZAM-2025-002046,2025-12-10,Elektronika,Sklep internetowy,224.26
ZAM-2025-013949,2025-12-29,Zabawki i prezenty,Sklep internetowy,56.75
ZAM-2025-007571,2025-01-18,Uroda,Marketplace,64.19
ZAM-2025-013123,2025-09-04,Zabawki i prezenty,Facebook Ads,109.42
ZAM-2025-003237,2025-05-30,Odzież,Facebook Ads,123.85
ZAM-2025-013870,2025-12-08,Zabawki i prezenty,Sklep internetowy,68.75
ZAM-2025-010402,2025-02-26,Sport,Sklep internetowy,108.15
ZAM-2025-009649,2025-11-21,Uroda,Sklep internetowy,72.57
ZAM-2025-004105,2025-09-16,Odzież,Sklep internetowy,83.89
ZAM-2025-010233,2025-01-01,Sport,Sklep internetowy,309.49
ZAM-2025-012647,2025-04-23,Zabawki i prezenty,Facebook Ads,78.86
ZAM-2025-002751,2025-03-23,Odzież,Sklep internetowy,226.4
ZAM-2025-005136,2025-12-17,Odzież,Facebook Ads,144.04
ZAM-2025-005410,2025-02-14,Dom i ogród,Google Ads,295.08
ZAM-2025-009410,2025-10-07,Uroda,Google Ads,80.58
ZAM-2025-014147,2025-12-23,Zabawki i prezenty,Sklep internetowy,92.99
ZAM-2025-013774,2025-12-30,Zabawki i prezenty,Facebook Ads,96.13
ZAM-2025-009681,2025-11-23,Uroda,Facebook Ads,98.19
ZAM-2025-003773,2025-07-11,Odzież,Marketplace,210.98
ZAM-2025-009421,2025-10-20,Uroda,Sklep internetowy,97.41
ZAM-2025-009052,2025-08-17,Uroda,Google Ads,19
ZAM-2025-007147,2025-11-22,Dom i ogród,Google Ads,250.13
ZAM-2025-004844,2025-11-03,Odzież,Sklep internetowy,167.26
ZAM-2025-008787,2025-07-17,Uroda,Sklep internetowy,50.72
ZAM-2025-010390,2025-02-08,Sport,Google Ads,210.21
ZAM-2025-009989,2025-12-04,Uroda,Google Ads,43.91
ZAM-2025-001482,2025-10-25,Elektronika,Facebook Ads,118.37
ZAM-2025-013194,2025-10-07,Zabawki i prezenty,Facebook Ads,92.8
ZAM-2025-002869,2025-03-18,Odzież,Sklep internetowy,139.82
ZAM-2025-004944,2025-12-30,Odzież,Marketplace,127.64
ZAM-2025-008516,2025-05-27,Uroda,Marketplace,38.69
ZAM-2025-003585,2025-06-21,Odzież,Google Ads,140.81
ZAM-2025-006509,2025-07-10,Dom i ogród,Facebook Ads,254.04
ZAM-2025-000815,2025-06-17,Elektronika,Facebook Ads,255.3
ZAM-2025-010203,2025-01-26,Sport,Google Ads,260.03
ZAM-2025-011303,2025-06-16,Sport,Facebook Ads,183.5
ZAM-2025-000941,2025-07-08,Elektronika,Google Ads,367.16
ZAM-2025-013419,2025-11-05,Zabawki i prezenty,Facebook Ads,73.47
ZAM-2025-003245,2025-05-22,Odzież,Google Ads,151.03
ZAM-2025-009570,2025-10-26,Uroda,Sklep internetowy,128.47
ZAM-2025-011102,2025-05-31,Sport,Sklep internetowy,132.62
ZAM-2025-003955,2025-08-07,Odzież,Facebook Ads,100.35
ZAM-2025-008609,2025-06-25,Uroda,Facebook Ads,125.16
ZAM-2025-012026,2025-10-15,Sport,Marketplace,164.21
ZAM-2025-002216,2025-12-04,Elektronika,Marketplace,345.35
ZAM-2025-007891,2025-03-10,Uroda,Facebook Ads,117.65
ZAM-2025-000468,2025-04-01,Elektronika,Sklep internetowy,735.87
ZAM-2025-009818,2025-12-03,Uroda,Sklep internetowy,92.36
ZAM-2025-014059,2025-12-21,Zabawki i prezenty,Sklep internetowy,68.06
ZAM-2025-005963,2025-05-14,Dom i ogród,Facebook Ads,151.63
ZAM-2025-005914,2025-05-23,Dom i ogród,Marketplace,261.83
ZAM-2025-000154,2025-02-23,Elektronika,Sklep internetowy,249.06
ZAM-2025-005636,2025-04-24,Dom i ogród,Sklep internetowy,256.94
ZAM-2025-001003,2025-07-14,Elektronika,Google Ads,707.18
ZAM-2025-002469,2025-02-05,Odzież,Sklep internetowy,211.42
ZAM-2025-009514,2025-10-16,Uroda,Facebook Ads,96.3
ZAM-2025-005658,2025-04-07,Dom i ogród,Sklep internetowy,218.64
ZAM-2025-000954,2025-07-22,Elektronika,Marketplace,456.48
ZAM-2025-005950,2025-05-03,Dom i ogród,Marketplace,150.02
ZAM-2025-007657,2025-02-16,Uroda,Sklep internetowy,97.85
ZAM-2025-009845,2025-12-29,Uroda,Sklep internetowy,114.35
ZAM-2025-006191,2025-06-03,Dom i ogród,Sklep internetowy,212.19
ZAM-2025-002999,2025-04-10,Odzież,Facebook Ads,159.08
ZAM-2025-010938,2025-04-16,Sport,Marketplace,186.43
ZAM-2025-011829,2025-09-05,Sport,Marketplace,163.99
ZAM-2025-005721,2025-04-14,Dom i ogród,Facebook Ads,328.47
ZAM-2025-011064,2025-05-27,Sport,Sklep internetowy,166.21
ZAM-2025-010049,2025-12-04,Uroda,Marketplace,88.59
ZAM-2025-002952,2025-04-13,Odzież,Facebook Ads,170.57
ZAM-2025-006986,2025-10-15,Dom i ogród,Marketplace,222.58
ZAM-2025-003663,2025-06-28,Odzież,Sklep internetowy,180.46
ZAM-2025-011570,2025-07-29,Sport,Marketplace,164.11
ZAM-2025-000471,2025-04-19,Elektronika,Google Ads,387.49
ZAM-2025-004885,2025-12-17,Odzież,Facebook Ads,143.63
ZAM-2025-014024,2025-12-26,Zabawki i prezenty,Google Ads,108.16
ZAM-2025-009637,2025-11-30,Uroda,Google Ads,116.22
ZAM-2025-006072,2025-05-17,Dom i ogród,Marketplace,175.35
ZAM-2025-002838,2025-03-07,Odzież,Facebook Ads,136.41
ZAM-2025-001378,2025-09-12,Elektronika,Google Ads,455.48
ZAM-2025-004376,2025-10-25,Odzież,Marketplace,179.2
ZAM-2025-003672,2025-06-06,Odzież,Google Ads,144.43
ZAM-2025-013928,2025-12-24,Zabawki i prezenty,Marketplace,61.89
ZAM-2025-012558,2025-03-17,Zabawki i prezenty,Facebook Ads,54.16
ZAM-2025-009087,2025-08-29,Uroda,Marketplace,129.13
ZAM-2025-002579,2025-02-27,Odzież,Google Ads,145.86
ZAM-2025-003586,2025-06-08,Odzież,Facebook Ads,210.12
ZAM-2025-001913,2025-11-15,Elektronika,Sklep internetowy,531.42
ZAM-2025-005295,2025-02-09,Dom i ogród,Marketplace,176.97
ZAM-2025-003724,2025-07-31,Odzież,Marketplace,84.25
ZAM-2025-009850,2025-12-11,Uroda,Facebook Ads,82.78
ZAM-2025-010065,2025-12-16,Uroda,Marketplace,93.58
ZAM-2025-009519,2025-10-27,Uroda,Marketplace,56.51
ZAM-2025-010723,2025-03-14,Sport,Google Ads,205.13
ZAM-2025-003233,2025-05-09,Odzież,Marketplace,107.03
ZAM-2025-005342,2025-02-05,Dom i ogród,Facebook Ads,158.31
ZAM-2025-000483,2025-04-11,Elektronika,Marketplace,404.88
ZAM-2025-008508,2025-05-26,Uroda,Sklep internetowy,66.18
ZAM-2025-013874,2025-12-28,Zabawki i prezenty,Marketplace,117.76
ZAM-2025-013992,2025-12-07,Zabawki i prezenty,Facebook Ads,47.4
ZAM-2025-006930,2025-09-16,Dom i ogród,Facebook Ads,96.37
ZAM-2025-003433,2025-05-31,Odzież,Sklep internetowy,189.79
ZAM-2025-003021,2025-04-01,Odzież,Facebook Ads,216.37
ZAM-2025-000300,2025-03-14,Elektronika,Sklep internetowy,624.11
ZAM-2025-000366,2025-03-03,Elektronika,Sklep internetowy,453.74
ZAM-2025-006582,2025-07-25,Dom i ogród,Sklep internetowy,108.92
ZAM-2025-002008,2025-12-29,Elektronika,Sklep internetowy,189.75
ZAM-2025-004546,2025-10-30,Odzież,Google Ads,155.19
ZAM-2025-013519,2025-11-11,Zabawki i prezenty,Marketplace,44.89
ZAM-2025-005588,2025-03-12,Dom i ogród,Sklep internetowy,154.56
ZAM-2025-010422,2025-02-21,Sport,Google Ads,131.77
ZAM-2025-007261,2025-12-07,Dom i ogród,Google Ads,174.95
ZAM-2025-012112,2025-11-02,Sport,Marketplace,162.55
ZAM-2025-012921,2025-07-18,Zabawki i prezenty,Sklep internetowy,54.42
ZAM-2025-000507,2025-04-12,Elektronika,Google Ads,219.11
ZAM-2025-012068,2025-10-15,Sport,Marketplace,183.43
ZAM-2025-013211,2025-10-14,Zabawki i prezenty,Marketplace,59.4
ZAM-2025-002404,2025-01-28,Odzież,Google Ads,103.34
ZAM-2025-005361,2025-02-18,Dom i ogród,Facebook Ads,78.64
ZAM-2025-006751,2025-08-10,Dom i ogród,Marketplace,172.69
ZAM-2025-006623,2025-08-28,Dom i ogród,Google Ads,203.78
ZAM-2025-012897,2025-07-18,Zabawki i prezenty,Marketplace,56.79
ZAM-2025-013166,2025-10-24,Zabawki i prezenty,Marketplace,94.79
ZAM-2025-007253,2025-12-25,Dom i ogród,Google Ads,275.15
ZAM-2025-006425,2025-07-09,Dom i ogród,Marketplace,278.03
ZAM-2025-008933,2025-07-19,Uroda,Sklep internetowy,122.34
ZAM-2025-006815,2025-09-03,Dom i ogród,Sklep internetowy,129.86
ZAM-2025-011493,2025-07-12,Sport,Facebook Ads,142.68
ZAM-2025-004100,2025-09-21,Odzież,Sklep internetowy,89.57
ZAM-2025-002101,2025-12-01,Elektronika,Facebook Ads,304.14
ZAM-2025-011489,2025-07-24,Sport,Marketplace,223.78
ZAM-2025-013250,2025-10-30,Zabawki i prezenty,Marketplace,96.59
ZAM-2025-008240,2025-04-20,Uroda,Marketplace,143.64
ZAM-2025-001398,2025-09-11,Elektronika,Marketplace,549.82
ZAM-2025-004550,2025-10-22,Odzież,Google Ads,118.15
ZAM-2025-009658,2025-11-12,Uroda,Facebook Ads,89.7
ZAM-2025-012428,2025-01-05,Zabawki i prezenty,Sklep internetowy,44.56
ZAM-2025-005282,2025-02-14,Dom i ogród,Sklep internetowy,164.53
ZAM-2025-012741,2025-05-19,Zabawki i prezenty,Google Ads,42.69
ZAM-2025-012884,2025-07-28,Zabawki i prezenty,Sklep internetowy,73.95
ZAM-2025-003373,2025-05-29,Odzież,Marketplace,126.15
ZAM-2025-006423,2025-07-30,Dom i ogród,Facebook Ads,212.23
ZAM-2025-000613,2025-05-22,Elektronika,Marketplace,546.54
ZAM-2025-004933,2025-12-30,Odzież,Sklep internetowy,222.7
ZAM-2025-007676,2025-02-16,Uroda,Sklep internetowy,116.57
ZAM-2025-008854,2025-07-26,Uroda,Sklep internetowy,112.99
ZAM-2025-013533,2025-11-16,Zabawki i prezenty,Sklep internetowy,55.86
ZAM-2025-007285,2025-12-31,Dom i ogród,Marketplace,302.07
ZAM-2025-009830,2025-12-21,Uroda,Sklep internetowy,131.45
ZAM-2025-002776,2025-03-08,Odzież,Sklep internetowy,141.87
ZAM-2025-012219,2025-12-23,Sport,Facebook Ads,316.01
ZAM-2025-000181,2025-02-27,Elektronika,Facebook Ads,390.54
ZAM-2025-005752,2025-04-09,Dom i ogród,Google Ads,303.12
ZAM-2025-008476,2025-05-23,Uroda,Sklep internetowy,100.35
ZAM-2025-006784,2025-09-26,Dom i ogród,Facebook Ads,212.62
ZAM-2025-001638,2025-11-25,Elektronika,Marketplace,344.12
ZAM-2025-006696,2025-08-09,Dom i ogród,Sklep internetowy,168.19
ZAM-2025-007160,2025-11-15,Dom i ogród,Facebook Ads,85.05
ZAM-2025-012860,2025-06-09,Zabawki i prezenty,Sklep internetowy,80.02
ZAM-2025-013091,2025-09-01,Zabawki i prezenty,Facebook Ads,49.79
ZAM-2025-011235,2025-06-03,Sport,Marketplace,210.36
ZAM-2025-012905,2025-07-05,Zabawki i prezenty,Google Ads,101.96
ZAM-2025-008546,2025-05-07,Uroda,Google Ads,76.26
ZAM-2025-005472,2025-03-27,Dom i ogród,Sklep internetowy,222.44
ZAM-2025-012828,2025-06-30,Zabawki i prezenty,Facebook Ads,73.39
ZAM-2025-013329,2025-11-02,Zabawki i prezenty,Sklep internetowy,43.62
ZAM-2025-013279,2025-11-20,Zabawki i prezenty,Sklep internetowy,91.73
ZAM-2025-003155,2025-04-07,Odzież,Sklep internetowy,162.38
ZAM-2025-005377,2025-02-03,Dom i ogród,Facebook Ads,232.83
ZAM-2025-007606,2025-02-23,Uroda,Sklep internetowy,69.71
ZAM-2025-010382,2025-02-25,Sport,Marketplace,215.15
ZAM-2025-006165,2025-06-29,Dom i ogród,Marketplace,137.52
ZAM-2025-010234,2025-01-04,Sport,Google Ads,253.26
ZAM-2025-011693,2025-08-21,Sport,Marketplace,209.21
ZAM-2025-009169,2025-09-11,Uroda,Sklep internetowy,119.48
ZAM-2025-000938,2025-07-30,Elektronika,Sklep internetowy,553.09
ZAM-2025-008883,2025-07-24,Uroda,Sklep internetowy,63.41
ZAM-2025-000347,2025-03-11,Elektronika,Marketplace,256.75
ZAM-2025-008867,2025-07-30,Uroda,Google Ads,125.3
ZAM-2025-006317,2025-06-04,Dom i ogród,Sklep internetowy,215.25
ZAM-2025-010222,2025-01-01,Sport,Marketplace,210.54
ZAM-2025-003884,2025-08-06,Odzież,Google Ads,134.68
ZAM-2025-001105,2025-08-26,Elektronika,Marketplace,352.6
ZAM-2025-012892,2025-07-12,Zabawki i prezenty,Google Ads,54.12
ZAM-2025-000894,2025-06-10,Elektronika,Sklep internetowy,471.65
ZAM-2025-007796,2025-02-08,Uroda,Sklep internetowy,64.16
ZAM-2025-004741,2025-11-02,Odzież,Marketplace,249.41
ZAM-2025-002167,2025-12-06,Elektronika,Sklep internetowy,474.57
ZAM-2025-012747,2025-05-18,Zabawki i prezenty,Sklep internetowy,42.13
ZAM-2025-009670,2025-11-01,Uroda,Sklep internetowy,59.9
ZAM-2025-003338,2025-05-03,Odzież,Sklep internetowy,128.78
ZAM-2025-002870,2025-03-18,Odzież,Facebook Ads,134.65
ZAM-2025-010722,2025-03-28,Sport,Google Ads,164.14
ZAM-2025-011113,2025-05-07,Sport,Sklep internetowy,154.95
ZAM-2025-013722,2025-12-17,Zabawki i prezenty,Marketplace,93.57
ZAM-2025-013913,2025-12-09,Zabawki i prezenty,Marketplace,63.94
ZAM-2025-002434,2025-02-08,Odzież,Marketplace,159.25
ZAM-2025-009334,2025-09-12,Uroda,Sklep internetowy,81.23
ZAM-2025-010489,2025-02-28,Sport,Sklep internetowy,68.39
ZAM-2025-005948,2025-05-27,Dom i ogród,Marketplace,223.67
ZAM-2025-005087,2025-12-28,Odzież,Sklep internetowy,121.61
ZAM-2025-004684,2025-11-25,Odzież,Sklep internetowy,152.92
ZAM-2025-001436,2025-10-24,Elektronika,Facebook Ads,229.56
ZAM-2025-007836,2025-02-06,Uroda,Marketplace,101.85
ZAM-2025-009611,2025-11-16,Uroda,Sklep internetowy,116.3
ZAM-2025-000563,2025-04-05,Elektronika,Facebook Ads,411.9
ZAM-2025-001742,2025-11-02,Elektronika,Sklep internetowy,451.39
ZAM-2025-004995,2025-12-30,Odzież,Sklep internetowy,130.85
ZAM-2025-006233,2025-06-17,Dom i ogród,Sklep internetowy,145.5
ZAM-2025-011761,2025-08-30,Sport,Google Ads,98.78
ZAM-2025-001879,2025-11-20,Elektronika,Marketplace,302.87
ZAM-2025-007798,2025-02-10,Uroda,Sklep internetowy,108.8
ZAM-2025-011542,2025-07-06,Sport,Google Ads,125.93
ZAM-2025-011216,2025-06-11,Sport,Sklep internetowy,214.07
ZAM-2025-000662,2025-05-30,Elektronika,Facebook Ads,488.15
ZAM-2025-011765,2025-08-03,Sport,Marketplace,132.4
ZAM-2025-012914,2025-07-22,Zabawki i prezenty,Sklep internetowy,41.83
ZAM-2025-008093,2025-04-06,Uroda,Marketplace,108.6
ZAM-2025-006632,2025-08-01,Dom i ogród,Sklep internetowy,251.55
ZAM-2025-002349,2025-01-27,Odzież,Sklep internetowy,193.41
ZAM-2025-005493,2025-03-26,Dom i ogród,Facebook Ads,134.41
ZAM-2025-003702,2025-07-02,Odzież,Marketplace,170.82
ZAM-2025-012642,2025-04-27,Zabawki i prezenty,Sklep internetowy,30.11
ZAM-2025-009386,2025-10-22,Uroda,Marketplace,128.45
ZAM-2025-007498,2025-01-21,Uroda,Sklep internetowy,120.14
ZAM-2025-013652,2025-12-20,Zabawki i prezenty,Sklep internetowy,80.06
ZAM-2025-005907,2025-05-27,Dom i ogród,Marketplace,137.5
ZAM-2025-007138,2025-11-08,Dom i ogród,Google Ads,285.24
ZAM-2025-007982,2025-03-15,Uroda,Marketplace,127.51
ZAM-2025-008561,2025-05-23,Uroda,Marketplace,131.35
ZAM-2025-004444,2025-10-29,Odzież,Marketplace,189.93
ZAM-2025-008815,2025-07-25,Uroda,Sklep internetowy,118.46
ZAM-2025-008829,2025-07-29,Uroda,Sklep internetowy,75.26
ZAM-2025-005347,2025-02-04,Dom i ogród,Sklep internetowy,51.61
ZAM-2025-001847,2025-11-20,Elektronika,Facebook Ads,350.27
ZAM-2025-000912,2025-06-28,Elektronika,Sklep internetowy,421.12
ZAM-2025-006337,2025-06-04,Dom i ogród,Sklep internetowy,214.83
ZAM-2025-001107,2025-08-20,Elektronika,Marketplace,290.1
ZAM-2025-001097,2025-08-04,Elektronika,Google Ads,461.27
ZAM-2025-004819,2025-11-23,Odzież,Marketplace,190.75
ZAM-2025-007256,2025-12-23,Dom i ogród,Facebook Ads,218.38
ZAM-2025-001972,2025-12-19,Elektronika,Sklep internetowy,278.42
ZAM-2025-007547,2025-01-25,Uroda,Sklep internetowy,61.82
ZAM-2025-012029,2025-10-10,Sport,Marketplace,159.19
ZAM-2025-010440,2025-02-09,Sport,Sklep internetowy,196.49
ZAM-2025-009292,2025-09-04,Uroda,Sklep internetowy,111.66
ZAM-2025-002238,2025-01-04,Odzież,Sklep internetowy,46.06
ZAM-2025-002944,2025-04-07,Odzież,Facebook Ads,127.75
ZAM-2025-004794,2025-11-12,Odzież,Marketplace,231.37
ZAM-2025-009418,2025-10-26,Uroda,Marketplace,98.04
ZAM-2025-011043,2025-05-30,Sport,Google Ads,180.65
ZAM-2025-007177,2025-11-04,Dom i ogród,Sklep internetowy,131.79
ZAM-2025-009561,2025-10-07,Uroda,Google Ads,90.75
ZAM-2025-006088,2025-05-26,Dom i ogród,Facebook Ads,193.5
ZAM-2025-000302,2025-03-03,Elektronika,Facebook Ads,336.45
ZAM-2025-007674,2025-02-19,Uroda,Sklep internetowy,128.36
ZAM-2025-012172,2025-11-06,Sport,Sklep internetowy,129.85
ZAM-2025-007746,2025-02-20,Uroda,Sklep internetowy,96.7
ZAM-2025-010891,2025-04-09,Sport,Marketplace,123.65
ZAM-2025-013665,2025-12-10,Zabawki i prezenty,Sklep internetowy,64.98
ZAM-2025-011731,2025-08-27,Sport,Facebook Ads,216.89
ZAM-2025-011388,2025-07-30,Sport,Facebook Ads,133.18
ZAM-2025-010760,2025-03-08,Sport,Sklep internetowy,186.45
ZAM-2025-004181,2025-09-08,Odzież,Marketplace,200.49
ZAM-2025-013936,2025-12-14,Zabawki i prezenty,Marketplace,86.32
ZAM-2025-003465,2025-05-05,Odzież,Facebook Ads,156.06
ZAM-2025-009331,2025-09-26,Uroda,Sklep internetowy,134.14
ZAM-2025-007966,2025-03-25,Uroda,Marketplace,97.41
ZAM-2025-011201,2025-06-27,Sport,Sklep internetowy,204.28
ZAM-2025-005567,2025-03-24,Dom i ogród,Facebook Ads,138.25
ZAM-2025-001609,2025-10-24,Elektronika,Marketplace,378.5
ZAM-2025-011361,2025-06-11,Sport,Facebook Ads,199.36
ZAM-2025-009158,2025-09-20,Uroda,Marketplace,71.3
ZAM-2025-008529,2025-05-17,Uroda,Sklep internetowy,125.51
ZAM-2025-011846,2025-09-03,Sport,Facebook Ads,170.19
ZAM-2025-009323,2025-09-03,Uroda,Sklep internetowy,125.67
ZAM-2025-007310,2025-12-18,Dom i ogród,Facebook Ads,250.14
ZAM-2025-006808,2025-09-17,Dom i ogród,Marketplace,128.61
ZAM-2025-002432,2025-02-03,Odzież,Marketplace,120.75
ZAM-2025-005672,2025-04-06,Dom i ogród,Sklep internetowy,19
ZAM-2025-007408,2025-01-31,Uroda,Sklep internetowy,88.3
ZAM-2025-003095,2025-04-05,Odzież,Google Ads,181.0
ZAM-2025-004723,2025-11-07,Odzież,Google Ads,93.88
ZAM-2025-013482,2025-11-02,Zabawki i prezenty,Google Ads,97.52
ZAM-2025-010014,2025-12-04,Uroda,Facebook Ads,138.91
ZAM-2025-004290,2025-09-06,Odzież,Facebook Ads,89.6
ZAM-2025-005543,2025-03-03,Dom i ogród,Sklep internetowy,277.79
ZAM-2025-003994,2025-08-28,Odzież,Sklep internetowy,113.42
ZAM-2025-010448,2025-02-20,Sport,Sklep internetowy,93.85
ZAM-2025-013969,2025-12-08,Zabawki i prezenty,Marketplace,119.29
ZAM-2025-011655,2025-08-25,Sport,Sklep internetowy,228.47
ZAM-2025-005470,2025-03-04,Dom i ogród,Google Ads,190.8
ZAM-2025-004414,2025-10-16,Odzież,Facebook Ads,51.03
ZAM-2025-009791,2025-11-04,Uroda,Sklep internetowy,93.7
ZAM-2025-002487,2025-02-12,Odzież,Sklep internetowy,85.06
ZAM-2025-003450,2025-05-22,Odzież,Marketplace,104.74
ZAM-2025-006351,2025-07-21,Dom i ogród,Marketplace,143.83
ZAM-2025-000904,2025-06-09,Elektronika,Marketplace,202.87
ZAM-2025-007997,2025-03-26,Uroda,Sklep internetowy,99.48
ZAM-2025-004180,2025-09-13,Odzież,Marketplace,157.94
ZAM-2025-014135,2025-12-25,Zabawki i prezenty,Google Ads,110.09
ZAM-2025-006862,2025-09-05,Dom i ogród,Sklep internetowy,333.79
ZAM-2025-013132,2025-09-23,Zabawki i prezenty,Facebook Ads,120.24
ZAM-2025-002983,2025-04-03,Odzież,Sklep internetowy,49.82
ZAM-2025-010336,2025-01-31,Sport,Facebook Ads,150.07
ZAM-2025-005115,2025-12-13,Odzież,Facebook Ads,113.31
ZAM-2025-011676,2025-08-01,Sport,Facebook Ads,189.63
ZAM-2025-009178,2025-09-13,Uroda,Marketplace,57.42
ZAM-2025-010221,2025-01-20,Sport,Marketplace,208.67
ZAM-2025-009499,2025-10-01,Uroda,Sklep internetowy,76.6
ZAM-2025-004896,2025-12-13,Odzież,Facebook Ads,98.51
ZAM-2025-002320,2025-01-30,Odzież,Sklep internetowy,153.99
ZAM-2025-004710,2025-11-12,Odzież,Marketplace,170.62
ZAM-2025-002604,2025-02-15,Odzież,Facebook Ads,150.02
ZAM-2025-006141,2025-06-27,Dom i ogród,Facebook Ads,125.61
ZAM-2025-012908,2025-07-22,Zabawki i prezenty,Sklep internetowy,90.64
ZAM-2025-000615,2025-05-21,Elektronika,Google Ads,272.83
ZAM-2025-004362,2025-10-25,Odzież,Google Ads,130.0
ZAM-2025-001260,2025-09-23,Elektronika,Marketplace,91.6
ZAM-2025-004711,2025-11-20,Odzież,Sklep internetowy,123.51
ZAM-2025-007405,2025-01-10,Uroda,Marketplace,109.34
ZAM-2025-005097,2025-12-11,Odzież,Sklep internetowy,142.01
ZAM-2025-003025,2025-04-05,Odzież,Google Ads,194.97
ZAM-2025-009347,2025-09-02,Uroda,Google Ads,96.54
ZAM-2025-000378,2025-03-07,Elektronika,Sklep internetowy,705.94
ZAM-2025-010877,2025-04-30,Sport,Marketplace,140.92
ZAM-2025-005302,2025-02-20,Dom i ogród,Sklep internetowy,178.82
ZAM-2025-012423,2025-01-06,Zabawki i prezenty,Marketplace,78.85
ZAM-2025-002111,2025-12-17,Elektronika,Marketplace,271.58
ZAM-2025-013268,2025-11-14,Zabawki i prezenty,Google Ads,111.38
ZAM-2025-000574,2025-04-22,Elektronika,Sklep internetowy,353.23
ZAM-2025-004140,2025-09-26,Odzież,Facebook Ads,107.57
ZAM-2025-006985,2025-10-29,Dom i ogród,Sklep internetowy,158.39
ZAM-2025-005145,2025-12-17,Odzież,Facebook Ads,121.67
ZAM-2025-011197,2025-06-14,Sport,Facebook Ads,182.75
ZAM-2025-012764,2025-05-07,Zabawki i prezenty,Google Ads,53.04
ZAM-2025-009196,2025-09-05,Uroda,Sklep internetowy,43.33
ZAM-2025-004462,2025-10-29,Odzież,Marketplace,142.99
ZAM-2025-008230,2025-04-17,Uroda,Sklep internetowy,86.74
ZAM-2025-011646,2025-08-17,Sport,Marketplace,158.32
ZAM-2025-003524,2025-06-30,Odzież,Marketplace,162.25
ZAM-2025-010497,2025-02-07,Sport,Google Ads,127.09
ZAM-2025-002074,2025-12-23,Elektronika,Google Ads,429.16
ZAM-2025-001440,2025-10-29,Elektronika,Sklep internetowy,343.4
ZAM-2025-001277,2025-09-04,Elektronika,Sklep internetowy,280.36
ZAM-2025-010279,2025-01-04,Sport,Sklep internetowy,131.93
ZAM-2025-012780,2025-05-22,Zabawki i prezenty,Marketplace,92.58
ZAM-2025-008695,2025-06-04,Uroda,Sklep internetowy,86.62
ZAM-2025-003414,2025-05-20,Odzież,Marketplace,98.14
ZAM-2025-000341,2025-03-20,Elektronika,Google Ads,363.53
ZAM-2025-008468,2025-05-05,Uroda,Sklep internetowy,51.55
ZAM-2025-011952,2025-09-01,Sport,Sklep internetowy,51.34
ZAM-2025-006475,2025-07-03,Dom i ogród,Marketplace,275.22
ZAM-2025-005289,2025-02-10,Dom i ogród,Facebook Ads,129.16
ZAM-2025-005683,2025-04-02,Dom i ogród,Sklep internetowy,167.47
ZAM-2025-006553,2025-07-29,Dom i ogród,Sklep internetowy,117.57
ZAM-2025-001417,2025-09-15,Elektronika,Sklep internetowy,191.39
ZAM-2025-012695,2025-04-25,Zabawki i prezenty,Facebook Ads,73.12
ZAM-2025-011353,2025-06-07,Sport,Google Ads,121.36
ZAM-2025-010436,2025-02-15,Sport,Facebook Ads,89.67
ZAM-2025-002568,2025-02-21,Odzież,Sklep internetowy,154.61
ZAM-2025-012151,2025-11-30,Sport,Marketplace,164.01
ZAM-2025-009139,2025-08-26,Uroda,Sklep internetowy,68.91
ZAM-2025-008417,2025-05-12,Uroda,Marketplace,124.47
ZAM-2025-008742,2025-06-28,Uroda,Marketplace,110.22
ZAM-2025-002550,2025-02-22,Odzież,Sklep internetowy,205.49
ZAM-2025-009123,2025-08-18,Uroda,Sklep internetowy,88.18
ZAM-2025-009250,2025-09-15,Uroda,Marketplace,85.35
ZAM-2025-009464,2025-10-08,Uroda,Marketplace,106.35
ZAM-2025-010761,2025-03-30,Sport,Facebook Ads,243.57
ZAM-2025-012250,2025-12-12,Sport,Google Ads,74.41
ZAM-2025-005524,2025-03-30,Dom i ogród,Sklep internetowy,78.25
ZAM-2025-010985,2025-05-19,Sport,Facebook Ads,121.24
ZAM-2025-008393,2025-05-16,Uroda,Sklep internetowy,89.48
ZAM-2025-001999,2025-12-24,Elektronika,Google Ads,246.26
ZAM-2025-010929,2025-04-11,Sport,Sklep internetowy,166.33
ZAM-2025-001735,2025-11-20,Elektronika,Google Ads,414.35
ZAM-2025-007926,2025-03-11,Uroda,Google Ads,93.18
ZAM-2025-003360,2025-05-29,Odzież,Marketplace,207.46
ZAM-2025-003001,2025-04-26,Odzież,Sklep internetowy,161.34
ZAM-2025-012138,2025-11-23,Sport,Sklep internetowy,111.0
ZAM-2025-000690,2025-05-05,Elektronika,Sklep internetowy,446.8
ZAM-2025-005387,2025-02-08,Dom i ogród,Google Ads,303.81
ZAM-2025-005694,2025-04-15,Dom i ogród,Facebook Ads,133.46
ZAM-2025-001728,2025-11-14,Elektronika,Sklep internetowy,182.62
ZAM-2025-008646,2025-06-30,Uroda,Google Ads,64.24
ZAM-2025-004234,2025-09-26,Odzież,Facebook Ads,114.8
ZAM-2025-012165,2025-11-13,Sport,Marketplace,154.21
ZAM-2025-006119,2025-06-20,Dom i ogród,Marketplace,128.74
ZAM-2025-002057,2025-12-03,Elektronika,Sklep internetowy,224.77
ZAM-2025-008501,2025-05-07,Uroda,Sklep internetowy,151.52
ZAM-2025-003364,2025-05-07,Odzież,Sklep internetowy,128.1
ZAM-2025-008659,2025-06-24,Uroda,Sklep internetowy,78.31
ZAM-2025-001141,2025-08-09,Elektronika,Sklep internetowy,351.37
ZAM-2025-004300,2025-09-29,Odzież,Google Ads,174.99
ZAM-2025-012949,2025-08-11,Zabawki i prezenty,Sklep internetowy,81.35
ZAM-2025-002070,2025-12-01,Elektronika,Marketplace,227.74
ZAM-2025-002126,2025-12-29,Elektronika,Sklep internetowy,210.87
ZAM-2025-007328,2025-12-11,Dom i ogród,Facebook Ads,234.54
ZAM-2025-008120,2025-04-01,Uroda,Marketplace,91.46
ZAM-2025-012169,2025-11-05,Sport,Facebook Ads,324.67
ZAM-2025-006059,2025-05-15,Dom i ogród,Marketplace,297.93
ZAM-2025-011683,2025-08-06,Sport,Marketplace,171.16
ZAM-2025-008380,2025-05-25,Uroda,Marketplace,133.16
ZAM-2025-004623,2025-10-07,Odzież,Sklep internetowy,205.84
ZAM-2025-014094,2025-12-29,Zabawki i prezenty,Sklep internetowy,56.56
ZAM-2025-010067,2025-12-09,Uroda,Facebook Ads,145.49
ZAM-2025-011309,2025-06-03,Sport,Marketplace,139.1
ZAM-2025-006578,2025-07-06,Dom i ogród,Sklep internetowy,242.53
ZAM-2025-006716,2025-08-03,Dom i ogród,Marketplace,25.96
ZAM-2025-001062,2025-07-30,Elektronika,Sklep internetowy,245.01
ZAM-2025-000686,2025-05-28,Elektronika,Google Ads,337.87
ZAM-2025-008341,2025-05-07,Uroda,Facebook Ads,72.2
ZAM-2025-002793,2025-03-20,Odzież,Sklep internetowy,82.19
ZAM-2025-005972,2025-05-09,Dom i ogród,Sklep internetowy,77.17
ZAM-2025-010472,2025-02-11,Sport,Sklep internetowy,163.45
ZAM-2025-002224,2025-12-08,Elektronika,Facebook Ads,380.39
ZAM-2025-003651,2025-06-02,Odzież,Sklep internetowy,248.68
ZAM-2025-007361,2025-12-07,Dom i ogród,Google Ads,234.25
ZAM-2025-013829,2025-12-11,Zabawki i prezenty,Marketplace,32.04
ZAM-2025-007585,2025-01-26,Uroda,Facebook Ads,125.58
ZAM-2025-010706,2025-03-13,Sport,Google Ads,212.83
ZAM-2025-004720,2025-11-15,Odzież,Sklep internetowy,131.93
ZAM-2025-011302,2025-06-22,Sport,Facebook Ads,284.08
ZAM-2025-002668,2025-03-22,Odzież,Sklep internetowy,88.42
ZAM-2025-008236,2025-04-27,Uroda,Facebook Ads,77.8
ZAM-2025-000905,2025-06-15,Elektronika,Sklep internetowy,255.88
ZAM-2025-000601,2025-04-25,Elektronika,Sklep internetowy,485.9
ZAM-2025-009142,2025-08-02,Uroda,Sklep internetowy,130.72
ZAM-2025-005089,2025-12-30,Odzież,Sklep internetowy,88.17
ZAM-2025-000068,2025-01-20,Elektronika,Facebook Ads,333.61
ZAM-2025-013894,2025-12-01,Zabawki i prezenty,Marketplace,102.61
ZAM-2025-002259,2025-01-13,Odzież,Facebook Ads,75.21
ZAM-2025-002678,2025-03-14,Odzież,Sklep internetowy,190.39
ZAM-2025-010091,2025-01-12,Sport,Facebook Ads,244.68
ZAM-2025-007991,2025-03-30,Uroda,Facebook Ads,97.29
ZAM-2025-012664,2025-04-01,Zabawki i prezenty,Google Ads,110.07
ZAM-2025-013127,2025-09-25,Zabawki i prezenty,Sklep internetowy,85.89
ZAM-2025-008374,2025-05-09,Uroda,Google Ads,85.18
ZAM-2025-010461,2025-02-13,Sport,Facebook Ads,240.32
ZAM-2025-007677,2025-02-01,Uroda,Google Ads,59.97
ZAM-2025-013613,2025-11-04,Zabawki i prezenty,Facebook Ads,107.51
ZAM-2025-012331,2025-12-16,Sport,Facebook Ads,68.47
ZAM-2025-012468,2025-02-24,Zabawki i prezenty,Google Ads,64.19
ZAM-2025-002820,2025-03-25,Odzież,Google Ads,231.83
ZAM-2025-001381,2025-09-17,Elektronika,Google Ads,432.57
ZAM-2025-001960,2025-12-26,Elektronika,Sklep internetowy,680.29
ZAM-2025-008995,2025-08-20,Uroda,Sklep internetowy,76.73
ZAM-2025-001084,2025-08-03,Elektronika,Sklep internetowy,326.01
ZAM-2025-001331,2025-09-20,Elektronika,Facebook Ads,408.46
ZAM-2025-004194,2025-09-11,Odzież,Marketplace,92.39
ZAM-2025-013620,2025-11-04,Zabawki i prezenty,Sklep internetowy,79.52
ZAM-2025-009027,2025-08-22,Uroda,Marketplace,114.12
ZAM-2025-013658,2025-12-15,Zabawki i prezenty,Facebook Ads,61.84
ZAM-2025-011554,2025-07-23,Sport,Sklep internetowy,101.21
ZAM-2025-011617,2025-08-02,Sport,Sklep internetowy,152.93
ZAM-2025-004381,2025-10-22,Odzież,Sklep internetowy,207.44
ZAM-2025-002408,2025-01-30,Odzież,Sklep internetowy,130.98
ZAM-2025-000699,2025-05-13,Elektronika,Sklep internetowy,501.49
ZAM-2025-004994,2025-12-19,Odzież,Google Ads,168.73
ZAM-2025-006958,2025-09-05,Dom i ogród,Google Ads,256.01
ZAM-2025-002580,2025-02-24,Odzież,Sklep internetowy,176.2
ZAM-2025-005788,2025-04-12,Dom i ogród,Facebook Ads,239.4
ZAM-2025-006142,2025-06-12,Dom i ogród,Google Ads,217.19
ZAM-2025-009959,2025-12-28,Uroda,Facebook Ads,90.46
ZAM-2025-002698,2025-03-23,Odzież,Sklep internetowy,75.24
ZAM-2025-007133,2025-11-15,Dom i ogród,Google Ads,237.53
ZAM-2025-012240,2025-12-10,Sport,Sklep internetowy,187.45
ZAM-2025-012194,2025-11-09,Sport,Google Ads,179.29
ZAM-2025-009001,2025-08-16,Uroda,Sklep internetowy,113.83
ZAM-2025-000626,2025-05-25,Elektronika,Facebook Ads,382.59
ZAM-2025-011261,2025-06-28,Sport,Sklep internetowy,127.54
ZAM-2025-000518,2025-04-06,Elektronika,Google Ads,757.94
ZAM-2025-012961,2025-08-26,Zabawki i prezenty,Marketplace,58.81
ZAM-2025-011427,2025-07-15,Sport,Sklep internetowy,143.48
ZAM-2025-014164,2025-12-09,Zabawki i prezenty,Marketplace,71.18
ZAM-2025-009787,2025-11-05,Uroda,Marketplace,90.37
ZAM-2025-000387,2025-03-25,Elektronika,Facebook Ads,501.48
ZAM-2025-006999,2025-10-30,Dom i ogród,Facebook Ads,154.29
ZAM-2025-013790,2025-12-05,Zabawki i prezenty,Marketplace,83.44
ZAM-2025-003378,2025-05-20,Odzież,Sklep internetowy,216.53
ZAM-2025-009377,2025-10-11,Uroda,Facebook Ads,111.03
ZAM-2025-007804,2025-02-20,Uroda,Facebook Ads,84.26
ZAM-2025-001418,2025-09-11,Elektronika,Sklep internetowy,511.54
ZAM-2025-006656,2025-08-20,Dom i ogród,Sklep internetowy,265.34
ZAM-2025-002026,2025-12-14,Elektronika,Sklep internetowy,455.78
ZAM-2025-001366,2025-09-27,Elektronika,Marketplace,261.38
ZAM-2025-008619,2025-06-01,Uroda,Google Ads,91.14
ZAM-2025-008732,2025-06-14,Uroda,Marketplace,104.61
ZAM-2025-002741,2025-03-29,Odzież,Sklep internetowy,80.69
ZAM-2025-002294,2025-01-21,Odzież,Sklep internetowy,114.36
ZAM-2025-008439,2025-05-01,Uroda,Sklep internetowy,86.63
ZAM-2025-012754,2025-05-10,Zabawki i prezenty,Sklep internetowy,64.38
ZAM-2025-003886,2025-08-14,Odzież,Facebook Ads,185.72
ZAM-2025-003356,2025-05-18,Odzież,Facebook Ads,93.42
ZAM-2025-010458,2025-02-02,Sport,Sklep internetowy,116.23
ZAM-2025-001021,2025-07-17,Elektronika,Google Ads,545.52
ZAM-2025-009332,2025-09-02,Uroda,Marketplace,101.6
ZAM-2025-005055,2025-12-06,Odzież,Sklep internetowy,137.54
ZAM-2025-002141,2025-12-18,Elektronika,Sklep internetowy,233.62
ZAM-2025-004878,2025-12-13,Odzież,Sklep internetowy,62.75
ZAM-2025-008411,2025-05-31,Uroda,Sklep internetowy,94.56
ZAM-2025-006550,2025-07-24,Dom i ogród,Google Ads,148.45
ZAM-2025-006642,2025-08-10,Dom i ogród,Sklep internetowy,35.41
ZAM-2025-007072,2025-10-17,Dom i ogród,Facebook Ads,286.14
ZAM-2025-013373,2025-11-27,Zabawki i prezenty,Marketplace,93.89
ZAM-2025-002601,2025-02-12,Odzież,Facebook Ads,20.95
ZAM-2025-000801,2025-06-30,Elektronika,Sklep internetowy,275.64
ZAM-2025-011538,2025-07-28,Sport,Sklep internetowy,168.98
ZAM-2025-011348,2025-06-12,Sport,Marketplace,164.3
ZAM-2025-012761,2025-05-18,Zabawki i prezenty,Sklep internetowy,116.9
ZAM-2025-013876,2025-12-15,Zabawki i prezenty,Sklep internetowy,79.15
ZAM-2025-009435,2025-10-28,Uroda,Facebook Ads,71.95
ZAM-2025-006993,2025-10-16,Dom i ogród,Sklep internetowy,127.28
ZAM-2025-013208,2025-10-24,Zabawki i prezenty,Sklep internetowy,72.26
ZAM-2025-005203,2025-01-30,Dom i ogród,Marketplace,233.88
ZAM-2025-005742,2025-04-18,Dom i ogród,Facebook Ads,237.54
ZAM-2025-003938,2025-08-15,Odzież,Google Ads,108.38
ZAM-2025-003794,2025-07-09,Odzież,Facebook Ads,163.53
ZAM-2025-009734,2025-11-29,Uroda,Sklep internetowy,84.09
ZAM-2025-009227,2025-09-15,Uroda,Sklep internetowy,40.98
ZAM-2025-010143,2025-01-19,Sport,Sklep internetowy,47.81
ZAM-2025-001099,2025-08-03,Elektronika,Sklep internetowy,493.26
ZAM-2025-000210,2025-02-27,Elektronika,Marketplace,323.43
ZAM-2025-006253,2025-06-30,Dom i ogród,Marketplace,261.92
ZAM-2025-010161,2025-01-07,Sport,Marketplace,151.59
ZAM-2025-009336,2025-09-09,Uroda,Sklep internetowy,97.28
ZAM-2025-010575,2025-03-22,Sport,Marketplace,140.06
ZAM-2025-009618,2025-11-18,Uroda,Sklep internetowy,92.27
ZAM-2025-004151,2025-09-17,Odzież,Facebook Ads,153.49
ZAM-2025-003774,2025-07-12,Odzież,Sklep internetowy,105.45
ZAM-2025-000659,2025-05-22,Elektronika,Sklep internetowy,193.95
ZAM-2025-000796,2025-06-21,Elektronika,Sklep internetowy,341.97
ZAM-2025-003864,2025-08-23,Odzież,Marketplace,145.17
ZAM-2025-004590,2025-10-22,Odzież,Marketplace,107.61
ZAM-2025-013114,2025-09-25,Zabawki i prezenty,Marketplace,39.61
ZAM-2025-010403,2025-02-13,Sport,Sklep internetowy,189.24
ZAM-2025-005094,2025-12-08,Odzież,Sklep internetowy,168.19
ZAM-2025-009921,2025-12-13,Uroda,Sklep internetowy,90.45
ZAM-2025-013258,2025-10-31,Zabawki i prezenty,Marketplace,54.83
ZAM-2025-000960,2025-07-06,Elektronika,Facebook Ads,204.33
ZAM-2025-001098,2025-08-20,Elektronika,Sklep internetowy,613.6
ZAM-2025-000111,2025-01-07,Elektronika,Marketplace,321.27
ZAM-2025-005987,2025-05-08,Dom i ogród,Sklep internetowy,166.62
ZAM-2025-001279,2025-09-22,Elektronika,Marketplace,499.25
ZAM-2025-009507,2025-10-05,Uroda,Marketplace,45.21
ZAM-2025-008599,2025-06-25,Uroda,Marketplace,93.93
ZAM-2025-003457,2025-05-09,Odzież,Marketplace,142.97
ZAM-2025-003200,2025-04-30,Odzież,Facebook Ads,207.69
ZAM-2025-007018,2025-10-19,Dom i ogród,Sklep internetowy,212.87
ZAM-2025-010843,2025-04-03,Sport,Sklep internetowy,175.15
ZAM-2025-014171,2025-12-15,Zabawki i prezenty,Sklep internetowy,67.13
ZAM-2025-003103,2025-04-22,Odzież,Google Ads,148.94
ZAM-2025-005785,2025-04-16,Dom i ogród,Sklep internetowy,30.82
ZAM-2025-009585,2025-11-15,Uroda,Sklep internetowy,105.88
ZAM-2025-007802,2025-02-24,Uroda,Google Ads,112.05
ZAM-2025-006626,2025-08-31,Dom i ogród,Facebook Ads,175.64
ZAM-2025-004696,2025-11-11,Odzież,Google Ads,83.88
ZAM-2025-003411,2025-05-24,Odzież,Google Ads,206.13
ZAM-2025-008347,2025-05-17,Uroda,Google Ads,101.44
ZAM-2025-010453,2025-02-08,Sport,Sklep internetowy,72.68
ZAM-2025-010983,2025-05-06,Sport,Facebook Ads,98.3
ZAM-2025-005782,2025-04-10,Dom i ogród,Facebook Ads,209.34
ZAM-2025-002222,2025-12-09,Elektronika,Marketplace,492.33
ZAM-2025-001015,2025-07-04,Elektronika,Sklep internetowy,436.96
ZAM-2025-011708,2025-08-28,Sport,Marketplace,213.06
ZAM-2025-011724,2025-08-05,Sport,Google Ads,178.08
ZAM-2025-013648,2025-12-20,Zabawki i prezenty,Marketplace,46.07
ZAM-2025-001895,2025-11-25,Elektronika,Sklep internetowy,524.55
ZAM-2025-007116,2025-11-12,Dom i ogród,Sklep internetowy,163.28
ZAM-2025-000857,2025-06-07,Elektronika,Sklep internetowy,281.92
ZAM-2025-011997,2025-10-19,Sport,Google Ads,142.75
ZAM-2025-000827,2025-06-28,Elektronika,Marketplace,444.84
ZAM-2025-001258,2025-09-05,Elektronika,Sklep internetowy,453.98
ZAM-2025-009281,2025-09-30,Uroda,Marketplace,38.43
ZAM-2025-003813,2025-07-14,Odzież,Sklep internetowy,116.72
ZAM-2025-000156,2025-02-21,Elektronika,Sklep internetowy,619.87
ZAM-2025-005500,2025-03-09,Dom i ogród,Google Ads,113.94
ZAM-2025-008242,2025-04-13,Uroda,Sklep internetowy,73.93
ZAM-2025-010865,2025-04-28,Sport,Sklep internetowy,203.78
ZAM-2025-010798,2025-04-11,Sport,Marketplace,112.72
ZAM-2025-003956,2025-08-25,Odzież,Marketplace,104.62
ZAM-2025-002555,2025-02-19,Odzież,Sklep internetowy,133.24
ZAM-2025-008788,2025-07-10,Uroda,Sklep internetowy,76.25
ZAM-2025-000145,2025-02-06,Elektronika,Sklep internetowy,419.23
ZAM-2025-013934,2025-12-25,Zabawki i prezenty,Sklep internetowy,61.87
ZAM-2025-003818,2025-07-17,Odzież,Google Ads,293.89
ZAM-2025-004558,2025-10-08,Odzież,Marketplace,59.41
ZAM-2025-007721,2025-02-01,Uroda,Sklep internetowy,74.86
ZAM-2025-001465,2025-10-26,Elektronika,Google Ads,432.98
ZAM-2025-013054,2025-09-16,Zabawki i prezenty,Marketplace,49.35
ZAM-2025-011626,2025-08-19,Sport,Sklep internetowy,126.26
ZAM-2025-009010,2025-08-15,Uroda,Marketplace,138.0
ZAM-2025-011095,2025-05-21,Sport,Sklep internetowy,127.66
ZAM-2025-013456,2025-11-15,Zabawki i prezenty,Google Ads,57.51
ZAM-2025-002608,2025-02-23,Odzież,Facebook Ads,137.39
ZAM-2025-010449,2025-02-24,Sport,Marketplace,91.95
ZAM-2025-013177,2025-10-15,Zabawki i prezenty,Marketplace,26.52
ZAM-2025-006083,2025-05-11,Dom i ogród,Sklep internetowy,97.11
ZAM-2025-005036,2025-12-07,Odzież,Facebook Ads,141.04
ZAM-2025-010915,2025-04-09,Sport,Sklep internetowy,101.59
ZAM-2025-012526,2025-02-20,Zabawki i prezenty,Marketplace,83.13
ZAM-2025-004411,2025-10-28,Odzież,Sklep internetowy,153.55
ZAM-2025-007727,2025-02-13,Uroda,Sklep internetowy,74.85
ZAM-2025-005837,2025-05-16,Dom i ogród,Sklep internetowy,91.78
ZAM-2025-004926,2025-12-11,Odzież,Sklep internetowy,39.78
ZAM-2025-010455,2025-02-04,Sport,Sklep internetowy,128.02
ZAM-2025-004931,2025-12-14,Odzież,Marketplace,133.0
ZAM-2025-012461,2025-01-28,Zabawki i prezenty,Sklep internetowy,89.51
ZAM-2025-004321,2025-09-01,Odzież,Marketplace,44.45
ZAM-2025-013562,2025-11-30,Zabawki i prezenty,Facebook Ads,92.12
ZAM-2025-002825,2025-03-01,Odzież,Marketplace,60.6
ZAM-2025-011969,2025-10-29,Sport,Marketplace,187.12
ZAM-2025-004252,2025-09-29,Odzież,Marketplace,163.83
ZAM-2025-002620,2025-03-05,Odzież,Sklep internetowy,115.5
ZAM-2025-006437,2025-07-12,Dom i ogród,Sklep internetowy,221.42
ZAM-2025-009199,2025-09-16,Uroda,Google Ads,77.49
ZAM-2025-013045,2025-09-06,Zabawki i prezenty,Marketplace,92.66
ZAM-2025-000978,2025-07-10,Elektronika,Sklep internetowy,425.37
ZAM-2025-013788,2025-12-17,Zabawki i prezenty,Sklep internetowy,109.37
ZAM-2025-013861,2025-12-25,Zabawki i prezenty,Google Ads,58.2
ZAM-2025-009029,2025-08-29,Uroda,Marketplace,107.61
ZAM-2025-002135,2025-12-31,Elektronika,Sklep internetowy,319.02
ZAM-2025-010852,2025-04-16,Sport,Marketplace,161.39
ZAM-2025-012838,2025-06-05,Zabawki i prezenty,Sklep internetowy,39.17
ZAM-2025-005309,2025-02-10,Dom i ogród,Marketplace,178.21
ZAM-2025-013626,2025-11-10,Zabawki i prezenty,Google Ads,65.54
ZAM-2025-004861,2025-12-07,Odzież,Google Ads,178.54
ZAM-2025-009816,2025-12-28,Uroda,Marketplace,98.19
ZAM-2025-003028,2025-04-19,Odzież,Marketplace,152.4
ZAM-2025-011548,2025-07-12,Sport,Marketplace,204.54
ZAM-2025-005502,2025-03-23,Dom i ogród,Sklep internetowy,119.95
ZAM-2025-013199,2025-10-15,Zabawki i prezenty,Facebook Ads,95.02
ZAM-2025-007843,2025-02-06,Uroda,Facebook Ads,90.42
ZAM-2025-012951,2025-08-03,Zabawki i prezenty,Facebook Ads,70.36
ZAM-2025-009141,2025-08-10,Uroda,Marketplace,90.54
ZAM-2025-000805,2025-06-18,Elektronika,Marketplace,338.35
ZAM-2025-011005,2025-05-09,Sport,Marketplace,145.44
ZAM-2025-007947,2025-03-01,Uroda,Marketplace,89.65
ZAM-2025-004754,2025-11-12,Odzież,Sklep internetowy,117.1
ZAM-2025-008099,2025-04-09,Uroda,Marketplace,128.6
ZAM-2025-001842,2025-11-24,Elektronika,Facebook Ads,384.94
ZAM-2025-001844,2025-11-20,Elektronika,Sklep internetowy,563.18
ZAM-2025-004263,2025-09-21,Odzież,Google Ads,156.46
ZAM-2025-013404,2025-11-14,Zabawki i prezenty,Sklep internetowy,110.33
ZAM-2025-006363,2025-07-29,Dom i ogród,Sklep internetowy,146.94
ZAM-2025-012577,2025-03-16,Zabawki i prezenty,Marketplace,39.76
ZAM-2025-001286,2025-09-26,Elektronika,Facebook Ads,571.5
ZAM-2025-000287,2025-03-23,Elektronika,Google Ads,563.76
ZAM-2025-005429,2025-03-11,Dom i ogród,Sklep internetowy,265.31
ZAM-2025-007882,2025-03-16,Uroda,Sklep internetowy,131.21
ZAM-2025-003983,2025-08-28,Odzież,Sklep internetowy,58.74
ZAM-2025-004515,2025-10-18,Odzież,Sklep internetowy,105.45
ZAM-2025-006533,2025-07-29,Dom i ogród,Facebook Ads,165.87
ZAM-2025-001187,2025-08-04,Elektronika,Sklep internetowy,560.97
ZAM-2025-008122,2025-04-23,Uroda,Google Ads,118.53
ZAM-2025-007635,2025-02-26,Uroda,Facebook Ads,50.63
ZAM-2025-002084,2025-12-11,Elektronika,Sklep internetowy,400.79
ZAM-2025-012739,2025-05-06,Zabawki i prezenty,Marketplace,49.08
ZAM-2025-004231,2025-09-27,Odzież,Sklep internetowy,73.91
ZAM-2025-006144,2025-06-12,Dom i ogród,Facebook Ads,334.59
ZAM-2025-007399,2025-01-12,Uroda,Marketplace,48.23
ZAM-2025-002299,2025-01-10,Odzież,Marketplace,123.18
ZAM-2025-002578,2025-02-02,Odzież,Sklep internetowy,87.08
ZAM-2025-007028,2025-10-10,Dom i ogród,Facebook Ads,184.39
ZAM-2025-001316,2025-09-04,Elektronika,Sklep internetowy,255.84
ZAM-2025-008063,2025-03-11,Uroda,Google Ads,95.07
ZAM-2025-009149,2025-08-29,Uroda,Sklep internetowy,109.74
ZAM-2025-013884,2025-12-18,Zabawki i prezenty,Sklep internetowy,49.77
ZAM-2025-012154,2025-11-23,Sport,Sklep internetowy,117.2
ZAM-2025-004899,2025-12-29,Odzież,Google Ads,145.74
ZAM-2025-008115,2025-04-17,Uroda,Sklep internetowy,95.91
ZAM-2025-010077,2025-12-21,Uroda,Sklep internetowy,96.19
ZAM-2025-006456,2025-07-29,Dom i ogród,Marketplace,56.01
ZAM-2025-001480,2025-10-25,Elektronika,Sklep internetowy,529.89
ZAM-2025-013583,2025-11-20,Zabawki i prezenty,Sklep internetowy,68.94
ZAM-2025-005024,2025-12-22,Odzież,Google Ads,93.24
ZAM-2025-005176,2025-01-23,Dom i ogród,Sklep internetowy,106.23
ZAM-2025-005046,2025-12-15,Odzież,Marketplace,180.18
ZAM-2025-005701,2025-04-13,Dom i ogród,Marketplace,90.0
ZAM-2025-010369,2025-02-05,Sport,Sklep internetowy,206.84
ZAM-2025-002426,2025-02-23,Odzież,Google Ads,54.31
ZAM-2025-000983,2025-07-12,Elektronika,Marketplace,317.82
ZAM-2025-000914,2025-06-12,Elektronika,Facebook Ads,317.69
ZAM-2025-011226,2025-06-24,Sport,Facebook Ads,264.48
ZAM-2025-008873,2025-07-10,Uroda,Marketplace,132.46
ZAM-2025-002533,2025-02-07,Odzież,Sklep internetowy,97.99
ZAM-2025-011053,2025-05-13,Sport,Sklep internetowy,218.55
ZAM-2025-002742,2025-03-10,Odzież,Sklep internetowy,222.93
ZAM-2025-000123,2025-01-29,Elektronika,Facebook Ads,19
ZAM-2025-007910,2025-03-31,Uroda,Marketplace,128.66
ZAM-2025-001528,2025-10-21,Elektronika,Marketplace,602.79
ZAM-2025-007397,2025-01-10,Uroda,Sklep internetowy,53.61
ZAM-2025-007678,2025-02-13,Uroda,Marketplace,139.37
ZAM-2025-010170,2025-01-29,Sport,Marketplace,83.56
ZAM-2025-009217,2025-09-14,Uroda,Sklep internetowy,146.62
ZAM-2025-006859,2025-09-01,Dom i ogród,Sklep internetowy,144.08
ZAM-2025-002537,2025-02-07,Odzież,Google Ads,152.58
ZAM-2025-011277,2025-06-11,Sport,Marketplace,56.62
ZAM-2025-000521,2025-04-14,Elektronika,Google Ads,369.1
ZAM-2025-005016,2025-12-08,Odzież,Marketplace,115.37
ZAM-2025-006571,2025-07-13,Dom i ogród,Marketplace,279.39
ZAM-2025-000558,2025-04-07,Elektronika,Marketplace,355.36
ZAM-2025-012932,2025-07-15,Zabawki i prezenty,Google Ads,97.8
ZAM-2025-009427,2025-10-15,Uroda,Sklep internetowy,75.43
ZAM-2025-007481,2025-01-09,Uroda,Facebook Ads,89.9
ZAM-2025-009416,2025-10-29,Uroda,Marketplace,154.34
ZAM-2025-013269,2025-11-13,Zabawki i prezenty,Sklep internetowy,59.17
ZAM-2025-005604,2025-04-10,Dom i ogród,Google Ads,128.86
ZAM-2025-003898,2025-08-02,Odzież,Marketplace,85.28
ZAM-2025-000385,2025-03-01,Elektronika,Marketplace,824.53
ZAM-2025-005735,2025-04-17,Dom i ogród,Google Ads,212.86
ZAM-2025-006316,2025-06-01,Dom i ogród,Sklep internetowy,92.48
ZAM-2025-008239,2025-04-18,Uroda,Facebook Ads,47.04
ZAM-2025-013503,2025-11-07,Zabawki i prezenty,Marketplace,45.51
ZAM-2025-007873,2025-03-29,Uroda,Marketplace,103.63
ZAM-2025-004856,2025-11-28,Odzież,Marketplace,188.77
ZAM-2025-000666,2025-05-18,Elektronika,Facebook Ads,710.04
ZAM-2025-014019,2025-12-03,Zabawki i prezenty,Sklep internetowy,85.32
ZAM-2025-002157,2025-12-11,Elektronika,Sklep internetowy,147.75
ZAM-2025-007864,2025-02-06,Uroda,Sklep internetowy,33.88
ZAM-2025-013134,2025-09-18,Zabawki i prezenty,Sklep internetowy,54.41
ZAM-2025-005372,2025-02-05,Dom i ogród,Marketplace,119.35
ZAM-2025-009868,2025-12-19,Uroda,Facebook Ads,86.33
ZAM-2025-003441,2025-05-09,Odzież,Marketplace,139.49
ZAM-2025-003478,2025-06-18,Odzież,Google Ads,114.6
ZAM-2025-002366,2025-01-04,Odzież,Marketplace,173.75
ZAM-2025-002185,2025-12-15,Elektronika,Sklep internetowy,201.05
ZAM-2025-002495,2025-02-07,Odzież,Facebook Ads,97.27
ZAM-2025-003852,2025-07-02,Odzież,Sklep internetowy,122.03
ZAM-2025-003594,2025-06-13,Odzież,Sklep internetowy,48.08
ZAM-2025-012469,2025-02-25,Zabawki i prezenty,Google Ads,48.97
ZAM-2025-003728,2025-07-04,Odzież,Sklep internetowy,142.07
ZAM-2025-009882,2025-12-05,Uroda,Facebook Ads,144.93
ZAM-2025-001663,2025-11-11,Elektronika,Sklep internetowy,419.37
ZAM-2025-013136,2025-09-09,Zabawki i prezenty,Sklep internetowy,63.21
ZAM-2025-012706,2025-05-19,Zabawki i prezenty,Sklep internetowy,47.61
ZAM-2025-013247,2025-10-06,Zabawki i prezenty,Sklep internetowy,105.2
ZAM-2025-013175,2025-10-26,Zabawki i prezenty,Marketplace,69.74
ZAM-2025-007271,2025-12-12,Dom i ogród,Facebook Ads,140.36
ZAM-2025-008555,2025-05-21,Uroda,Sklep internetowy,123.27
ZAM-2025-003294,2025-05-25,Odzież,Sklep internetowy,81.5
ZAM-2025-010521,2025-02-18,Sport,Sklep internetowy,175.84
ZAM-2025-004869,2025-12-11,Odzież,Facebook Ads,152.22
ZAM-2025-000286,2025-03-13,Elektronika,Marketplace,418.59
ZAM-2025-003377,2025-05-03,Odzież,Facebook Ads,127.11
ZAM-2025-000955,2025-07-23,Elektronika,Marketplace,389.52
ZAM-2025-006438,2025-07-25,Dom i ogród,Sklep internetowy,180.66
ZAM-2025-011701,2025-08-29,Sport,Google Ads,202.55
ZAM-2025-006875,2025-09-15,Dom i ogród,Marketplace,225.86
ZAM-2025-007934,2025-03-23,Uroda,Facebook Ads,80.0
ZAM-2025-005535,2025-03-11,Dom i ogród,Marketplace,157.52
ZAM-2025-009683,2025-11-16,Uroda,Marketplace,125.35
ZAM-2025-011456,2025-07-26,Sport,Sklep internetowy,259.92
ZAM-2025-013960,2025-12-24,Zabawki i prezenty,Marketplace,84.15
ZAM-2025-001555,2025-10-25,Elektronika,Google Ads,350.55
ZAM-2025-004387,2025-10-06,Odzież,Facebook Ads,173.09
ZAM-2025-008814,2025-07-03,Uroda,Sklep internetowy,126.58
ZAM-2025-000233,2025-02-11,Elektronika,Facebook Ads,356.85
ZAM-2025-003831,2025-07-09,Odzież,Facebook Ads,175.36
ZAM-2025-003948,2025-08-13,Odzież,Sklep internetowy,149.63
ZAM-2025-013553,2025-11-17,Zabawki i prezenty,Facebook Ads,67.43
ZAM-2025-000883,2025-06-14,Elektronika,Marketplace,71.63
ZAM-2025-006400,2025-07-04,Dom i ogród,Google Ads,278.89
ZAM-2025-009068,2025-08-02,Uroda,Marketplace,68.8
ZAM-2025-008872,2025-07-17,Uroda,Marketplace,72.85
ZAM-2025-004889,2025-12-18,Odzież,Sklep internetowy,130.74
ZAM-2025-009488,2025-10-24,Uroda,Facebook Ads,64.42
ZAM-2025-007684,2025-02-17,Uroda,Facebook Ads,125.87
ZAM-2025-011921,2025-09-02,Sport,Google Ads,161.29
ZAM-2025-013957,2025-12-02,Zabawki i prezenty,Marketplace,98.43
ZAM-2025-006232,2025-06-16,Dom i ogród,Sklep internetowy,267.57
ZAM-2025-010758,2025-03-09,Sport,Sklep internetowy,128.7
ZAM-2025-012613,2025-03-06,Zabawki i prezenty,Facebook Ads,83.27
ZAM-2025-005401,2025-02-19,Dom i ogród,Google Ads,226.27
ZAM-2025-011025,2025-05-15,Sport,Google Ads,210.92
ZAM-2025-009492,2025-10-23,Uroda,Facebook Ads,129.37
ZAM-2025-011871,2025-09-16,Sport,Facebook Ads,168.1
ZAM-2025-006325,2025-06-22,Dom i ogród,Marketplace,152.7
ZAM-2025-005583,2025-03-15,Dom i ogród,Marketplace,193.4
ZAM-2025-007751,2025-02-16,Uroda,Google Ads,87.0
ZAM-2025-004523,2025-10-07,Odzież,Marketplace,192.16
ZAM-2025-007419,2025-01-07,Uroda,Sklep internetowy,133.9
ZAM-2025-012641,2025-04-17,Zabawki i prezenty,Facebook Ads,86.1
ZAM-2025-008881,2025-07-21,Uroda,Marketplace,47.52
ZAM-2025-013682,2025-12-14,Zabawki i prezenty,Google Ads,65.5
ZAM-2025-011788,2025-08-17,Sport,Facebook Ads,101.11
ZAM-2025-006510,2025-07-07,Dom i ogród,Facebook Ads,185.14
ZAM-2025-003833,2025-07-24,Odzież,Marketplace,126.27
ZAM-2025-002229,2025-12-02,Elektronika,Facebook Ads,321.55
ZAM-2025-003323,2025-05-31,Odzież,Sklep internetowy,163.13
ZAM-2025-013294,2025-11-04,Zabawki i prezenty,Facebook Ads,46.51
ZAM-2025-011317,2025-06-19,Sport,Google Ads,134.4
ZAM-2025-009305,2025-09-23,Uroda,Marketplace,137.23
ZAM-2025-009383,2025-10-03,Uroda,Sklep internetowy,89.45
ZAM-2025-007828,2025-02-22,Uroda,Facebook Ads,65.68
ZAM-2025-007085,2025-10-14,Dom i ogród,Facebook Ads,173.7
ZAM-2025-013835,2025-12-15,Zabawki i prezenty,Facebook Ads,58.18
ZAM-2025-010257,2025-01-16,Sport,Sklep internetowy,276.24
ZAM-2025-002413,2025-01-05,Odzież,Facebook Ads,138.54
ZAM-2025-007006,2025-10-06,Dom i ogród,Marketplace,214.37
ZAM-2025-006725,2025-08-02,Dom i ogród,Sklep internetowy,87.09
ZAM-2025-006061,2025-05-11,Dom i ogród,Facebook Ads,174.54
ZAM-2025-012508,2025-02-16,Zabawki i prezenty,Facebook Ads,54.99
ZAM-2025-005088,2025-12-14,Odzież,Facebook Ads,128.8
ZAM-2025-006847,2025-09-07,Dom i ogród,Marketplace,83.72
ZAM-2025-000417,2025-03-24,Elektronika,Marketplace,503.03
ZAM-2025-004998,2025-12-07,Odzież,Google Ads,110.04
ZAM-2025-012348,2025-12-28,Sport,Google Ads,233.2
ZAM-2025-008874,2025-07-22,Uroda,Google Ads,118.77
ZAM-2025-013816,2025-12-11,Zabawki i prezenty,Marketplace,55.35
ZAM-2025-012502,2025-02-19,Zabawki i prezenty,Facebook Ads,66.72
ZAM-2025-007629,2025-02-26,Uroda,Marketplace,139.69
ZAM-2025-007428,2025-01-30,Uroda,Marketplace,129.88
ZAM-2025-005984,2025-05-21,Dom i ogród,Marketplace,385.49
ZAM-2025-006474,2025-07-05,Dom i ogród,Sklep internetowy,434.71
ZAM-2025-003163,2025-04-08,Odzież,Google Ads,127.53
ZAM-2025-009746,2025-11-21,Uroda,Sklep internetowy,65.37
ZAM-2025-010427,2025-02-16,Sport,Marketplace,94.73
ZAM-2025-013847,2025-12-26,Zabawki i prezenty,Facebook Ads,44.52
ZAM-2025-004352,2025-10-29,Odzież,Sklep internetowy,210.43
ZAM-2025-005852,2025-05-25,Dom i ogród,Facebook Ads,140.47
ZAM-2025-003189,2025-04-25,Odzież,Sklep internetowy,255.67
ZAM-2025-003260,2025-05-12,Odzież,Facebook Ads,121.93
ZAM-2025-012667,2025-04-01,Zabawki i prezenty,Marketplace,77.62
ZAM-2025-007289,2025-12-31,Dom i ogród,Google Ads,320.1
ZAM-2025-000778,2025-06-02,Elektronika,Facebook Ads,355.15
ZAM-2025-003222,2025-05-25,Odzież,Sklep internetowy,196.5
ZAM-2025-001184,2025-08-20,Elektronika,Marketplace,805.92
ZAM-2025-004253,2025-09-01,Odzież,Sklep internetowy,165.96
ZAM-2025-005710,2025-04-24,Dom i ogród,Google Ads,156.95
ZAM-2025-006931,2025-09-23,Dom i ogród,Facebook Ads,123.47
ZAM-2025-006000,2025-05-26,Dom i ogród,Sklep internetowy,19
ZAM-2025-001468,2025-10-09,Elektronika,Marketplace,472.35
ZAM-2025-012509,2025-02-22,Zabawki i prezenty,Sklep internetowy,57.5
ZAM-2025-007315,2025-12-04,Dom i ogród,Facebook Ads,256.71
ZAM-2025-000039,2025-01-12,Elektronika,Sklep internetowy,318.98
ZAM-2025-000708,2025-05-15,Elektronika,Facebook Ads,619.57
ZAM-2025-001501,2025-10-24,Elektronika,Google Ads,366.32
ZAM-2025-008005,2025-03-12,Uroda,Marketplace,65.98
ZAM-2025-007673,2025-02-06,Uroda,Marketplace,104.82
ZAM-2025-012476,2025-02-13,Zabawki i prezenty,Marketplace,87.82
ZAM-2025-009708,2025-11-10,Uroda,Sklep internetowy,109.62
ZAM-2025-009401,2025-10-25,Uroda,Sklep internetowy,62.8
ZAM-2025-012328,2025-12-09,Sport,Marketplace,216.67
ZAM-2025-001570,2025-10-26,Elektronika,Sklep internetowy,119.63
ZAM-2025-010117,2025-01-05,Sport,Google Ads,137.42
ZAM-2025-008886,2025-07-18,Uroda,Sklep internetowy,106.14
ZAM-2025-011716,2025-08-05,Sport,Facebook Ads,109.41
ZAM-2025-004034,2025-08-29,Odzież,Sklep internetowy,245.26
ZAM-2025-002835,2025-03-14,Odzież,Facebook Ads,106.75
ZAM-2025-005362,2025-02-22,Dom i ogród,Sklep internetowy,268.94
ZAM-2025-002781,2025-03-16,Odzież,Marketplace,212.12
ZAM-2025-002365,2025-01-17,Odzież,Marketplace,95.98
ZAM-2025-001122,2025-08-01,Elektronika,Marketplace,327.21
ZAM-2025-007062,2025-10-10,Dom i ogród,Marketplace,89.65
ZAM-2025-000902,2025-06-16,Elektronika,Marketplace,647.8
ZAM-2025-013917,2025-12-06,Zabawki i prezenty,Sklep internetowy,46.54
ZAM-2025-011866,2025-09-13,Sport,Marketplace,19.45
ZAM-2025-011883,2025-09-25,Sport,Sklep internetowy,271.22
ZAM-2025-000723,2025-05-28,Elektronika,Sklep internetowy,473.49
ZAM-2025-012597,2025-03-01,Zabawki i prezenty,Facebook Ads,72.58
ZAM-2025-012999,2025-08-12,Zabawki i prezenty,Sklep internetowy,32.09
ZAM-2025-009957,2025-12-03,Uroda,Facebook Ads,108.83
ZAM-2025-007714,2025-02-16,Uroda,Sklep internetowy,128.74
ZAM-2025-009023,2025-08-04,Uroda,Google Ads,69.27
ZAM-2025-002256,2025-01-04,Odzież,Marketplace,147.25
ZAM-2025-001135,2025-08-29,Elektronika,Sklep internetowy,600.2
ZAM-2025-009795,2025-11-04,Uroda,Google Ads,50.43
ZAM-2025-006675,2025-08-20,Dom i ogród,Facebook Ads,78.3
ZAM-2025-004051,2025-09-19,Odzież,Google Ads,45.8
ZAM-2025-000364,2025-03-24,Elektronika,Marketplace,499.82
ZAM-2025-007448,2025-01-12,Uroda,Facebook Ads,57.6
ZAM-2025-003267,2025-05-19,Odzież,Sklep internetowy,138.33
ZAM-2025-009433,2025-10-21,Uroda,Sklep internetowy,103.37
ZAM-2025-014079,2025-12-29,Zabawki i prezenty,Sklep internetowy,80.34
ZAM-2025-011498,2025-07-22,Sport,Marketplace,101.48
ZAM-2025-004536,2025-10-25,Odzież,Marketplace,152.88
ZAM-2025-007652,2025-02-18,Uroda,Sklep internetowy,97.98
ZAM-2025-006080,2025-05-26,Dom i ogród,Marketplace,105.57
ZAM-2025-011157,2025-05-08,Sport,Sklep internetowy,40.47
ZAM-2025-006633,2025-08-11,Dom i ogród,Sklep internetowy,105.63
ZAM-2025-004957,2025-12-24,Odzież,Facebook Ads,201.27
ZAM-2025-008010,2025-03-25,Uroda,Marketplace,110.54
ZAM-2025-006150,2025-06-21,Dom i ogród,Sklep internetowy,188.45
ZAM-2025-003079,2025-04-28,Odzież,Facebook Ads,221.66
ZAM-2025-005281,2025-02-01,Dom i ogród,Sklep internetowy,187.37
ZAM-2025-014124,2025-12-29,Zabawki i prezenty,Google Ads,80.75
ZAM-2025-007290,2025-12-18,Dom i ogród,Marketplace,158.63
ZAM-2025-001204,2025-08-08,Elektronika,Facebook Ads,352.12
ZAM-2025-001363,2025-09-25,Elektronika,Marketplace,645.31
ZAM-2025-013356,2025-11-23,Zabawki i prezenty,Sklep internetowy,62.36
ZAM-2025-006585,2025-07-21,Dom i ogród,Sklep internetowy,95.65
ZAM-2025-008026,2025-03-01,Uroda,Sklep internetowy,43.89
ZAM-2025-010047,2025-12-07,Uroda,Marketplace,29.7
ZAM-2025-003634,2025-06-12,Odzież,Sklep internetowy,96.77
ZAM-2025-005091,2025-12-18,Odzież,Google Ads,193.13
ZAM-2025-004206,2025-09-13,Odzież,Marketplace,120.77
ZAM-2025-000172,2025-02-03,Elektronika,Marketplace,459.28
ZAM-2025-013676,2025-12-07,Zabawki i prezenty,Sklep internetowy,61.3
ZAM-2025-001787,2025-11-22,Elektronika,Google Ads,197.18
ZAM-2025-010026,2025-12-20,Uroda,Facebook Ads,142.52
ZAM-2025-009119,2025-08-18,Uroda,Google Ads,150.03
ZAM-2025-008262,2025-04-24,Uroda,Marketplace,124.7
ZAM-2025-007414,2025-01-22,Uroda,Sklep internetowy,101.61
ZAM-2025-004857,2025-11-25,Odzież,Sklep internetowy,145.1
ZAM-2025-007476,2025-01-23,Uroda,Facebook Ads,102.02
ZAM-2025-011416,2025-07-03,Sport,Marketplace,147.75
ZAM-2025-011558,2025-07-03,Sport,Google Ads,242.87
ZAM-2025-005725,2025-04-21,Dom i ogród,Marketplace,106.11
ZAM-2025-003425,2025-05-12,Odzież,Facebook Ads,83.29
ZAM-2025-004862,2025-12-06,Odzież,Sklep internetowy,179.6
ZAM-2025-010830,2025-04-19,Sport,Google Ads,200.75
ZAM-2025-013849,2025-12-05,Zabawki i prezenty,Facebook Ads,68.7
ZAM-2025-001857,2025-11-15,Elektronika,Sklep internetowy,465.71
ZAM-2025-005063,2025-12-11,Odzież,Sklep internetowy,230.33
ZAM-2025-003218,2025-05-30,Odzież,Sklep internetowy,115.3
ZAM-2025-003427,2025-05-23,Odzież,Sklep internetowy,171.68
ZAM-2025-003791,2025-07-09,Odzież,Marketplace,106.51
ZAM-2025-010703,2025-03-13,Sport,Marketplace,131.31
ZAM-2025-012702,2025-05-19,Zabawki i prezenty,Sklep internetowy,89.29
ZAM-2025-005485,2025-03-14,Dom i ogród,Marketplace,67.73
ZAM-2025-006204,2025-06-07,Dom i ogród,Google Ads,105.31
ZAM-2025-005047,2025-12-27,Odzież,Marketplace,59.7
ZAM-2025-012680,2025-04-08,Zabawki i prezenty,Sklep internetowy,90.77
ZAM-2025-008845,2025-07-22,Uroda,Marketplace,98.6
ZAM-2025-008085,2025-03-09,Uroda,Facebook Ads,77.53
ZAM-2025-006234,2025-06-23,Dom i ogród,Facebook Ads,376.17
ZAM-2025-004322,2025-09-05,Odzież,Marketplace,134.16
ZAM-2025-004165,2025-09-24,Odzież,Sklep internetowy,159.76
ZAM-2025-011450,2025-07-30,Sport,Marketplace,230.83
ZAM-2025-013354,2025-11-20,Zabawki i prezenty,Marketplace,79.12
ZAM-2025-008388,2025-05-25,Uroda,Marketplace,66.38
ZAM-2025-014145,2025-12-26,Zabawki i prezenty,Facebook Ads,70.01
ZAM-2025-013346,2025-11-22,Zabawki i prezenty,Sklep internetowy,57.03
ZAM-2025-004141,2025-09-17,Odzież,Sklep internetowy,89.03
ZAM-2025-003402,2025-05-15,Odzież,Sklep internetowy,120.34
ZAM-2025-009628,2025-11-05,Uroda,Marketplace,90.71
ZAM-2025-011584,2025-07-02,Sport,Marketplace,235.98
ZAM-2025-013095,2025-09-20,Zabawki i prezenty,Marketplace,89.88
ZAM-2025-010655,2025-03-26,Sport,Facebook Ads,107.99
ZAM-2025-012196,2025-11-12,Sport,Sklep internetowy,201.27
ZAM-2025-004154,2025-09-13,Odzież,Facebook Ads,35.74
ZAM-2025-002599,2025-02-04,Odzież,Google Ads,143.73
ZAM-2025-001505,2025-10-27,Elektronika,Facebook Ads,443.57
ZAM-2025-009983,2025-12-14,Uroda,Sklep internetowy,149.41
ZAM-2025-004596,2025-10-04,Odzież,Facebook Ads,174.03
ZAM-2025-014166,2025-12-14,Zabawki i prezenty,Sklep internetowy,83.39
ZAM-2025-011088,2025-05-09,Sport,Sklep internetowy,164.27
ZAM-2025-007201,2025-11-17,Dom i ogród,Sklep internetowy,160.85
ZAM-2025-012954,2025-08-25,Zabawki i prezenty,Marketplace,47.17
ZAM-2025-013409,2025-11-08,Zabawki i prezenty,Sklep internetowy,78.54
ZAM-2025-003737,2025-07-01,Odzież,Facebook Ads,194.47
ZAM-2025-000868,2025-06-06,Elektronika,Marketplace,309.45
ZAM-2025-011019,2025-05-25,Sport,Facebook Ads,297.13
ZAM-2025-011243,2025-06-12,Sport,Sklep internetowy,228.29
ZAM-2025-003961,2025-08-15,Odzież,Facebook Ads,156.41
ZAM-2025-012611,2025-03-12,Zabawki i prezenty,Marketplace,90.24
ZAM-2025-002529,2025-02-03,Odzież,Sklep internetowy,131.43
ZAM-2025-000839,2025-06-01,Elektronika,Google Ads,495.53
ZAM-2025-001703,2025-11-25,Elektronika,Sklep internetowy,509.55
ZAM-2025-008496,2025-05-27,Uroda,Marketplace,156.3
ZAM-2025-012588,2025-03-24,Zabawki i prezenty,Sklep internetowy,87.48
ZAM-2025-009827,2025-12-14,Uroda,Google Ads,93.86
ZAM-2025-001509,2025-10-16,Elektronika,Sklep internetowy,419.06
ZAM-2025-002138,2025-12-14,Elektronika,Sklep internetowy,638.59
ZAM-2025-005584,2025-03-26,Dom i ogród,Sklep internetowy,180.3
ZAM-2025-004370,2025-10-17,Odzież,Sklep internetowy,90.29
ZAM-2025-004132,2025-09-16,Odzież,Facebook Ads,82.59
ZAM-2025-002868,2025-03-31,Odzież,Marketplace,87.8
ZAM-2025-012618,2025-04-18,Zabawki i prezenty,Sklep internetowy,102.99
ZAM-2025-005430,2025-03-21,Dom i ogród,Marketplace,357.47
ZAM-2025-000280,2025-03-29,Elektronika,Sklep internetowy,539.59
ZAM-2025-010602,2025-03-12,Sport,Sklep internetowy,157.71
ZAM-2025-011471,2025-07-03,Sport,Marketplace,108.38
ZAM-2025-001161,2025-08-29,Elektronika,Facebook Ads,488.78
ZAM-2025-012108,2025-11-27,Sport,Google Ads,170.45
ZAM-2025-013679,2025-12-29,Zabawki i prezenty,Marketplace,61.59
ZAM-2025-006127,2025-06-26,Dom i ogród,Marketplace,233.0
ZAM-2025-010785,2025-04-07,Sport,Marketplace,141.91
ZAM-2025-002363,2025-01-31,Odzież,Marketplace,107.62
ZAM-2025-013858,2025-12-03,Zabawki i prezenty,Sklep internetowy,83.89
ZAM-2025-007562,2025-01-22,Uroda,Marketplace,84.79
ZAM-2025-007272,2025-12-24,Dom i ogród,Facebook Ads,119.09
ZAM-2025-011280,2025-06-17,Sport,Google Ads,206.29
ZAM-2025-009590,2025-11-19,Uroda,Sklep internetowy,106.78
ZAM-2025-011082,2025-05-19,Sport,Google Ads,182.2
ZAM-2025-000116,2025-01-04,Elektronika,Sklep internetowy,278.45
ZAM-2025-006988,2025-10-09,Dom i ogród,Marketplace,137.83
ZAM-2025-002757,2025-03-11,Odzież,Sklep internetowy,200.73
ZAM-2025-013541,2025-11-03,Zabawki i prezenty,Sklep internetowy,75.42
ZAM-2025-002441,2025-02-17,Odzież,Facebook Ads,163.98
ZAM-2025-012460,2025-01-30,Zabawki i prezenty,Facebook Ads,59.68
ZAM-2025-006252,2025-06-10,Dom i ogród,Sklep internetowy,90.84
ZAM-2025-012937,2025-07-24,Zabawki i prezenty,Marketplace,94.22
ZAM-2025-014148,2025-12-19,Zabawki i prezenty,Facebook Ads,104.13
ZAM-2025-011922,2025-09-21,Sport,Facebook Ads,173.19
ZAM-2025-012465,2025-02-07,Zabawki i prezenty,Sklep internetowy,64.63
ZAM-2025-012252,2025-12-30,Sport,Sklep internetowy,107.45
ZAM-2025-001400,2025-09-19,Elektronika,Google Ads,286.73
ZAM-2025-006925,2025-09-29,Dom i ogród,Marketplace,253.63
ZAM-2025-005702,2025-04-19,Dom i ogród,Sklep internetowy,232.2
ZAM-2025-010908,2025-04-27,Sport,Sklep internetowy,157.85
ZAM-2025-005537,2025-03-12,Dom i ogród,Marketplace,79.18
ZAM-2025-009153,2025-09-11,Uroda,Sklep internetowy,60.77
ZAM-2025-000324,2025-03-08,Elektronika,Sklep internetowy,382.29
ZAM-2025-008299,2025-04-28,Uroda,Facebook Ads,77.52
ZAM-2025-001259,2025-09-18,Elektronika,Facebook Ads,176.64
ZAM-2025-012114,2025-11-24,Sport,Sklep internetowy,114.84
ZAM-2025-005217,2025-01-03,Dom i ogród,Sklep internetowy,119.88
ZAM-2025-004744,2025-11-23,Odzież,Marketplace,190.12
ZAM-2025-005277,2025-02-13,Dom i ogród,Google Ads,180.81
ZAM-2025-000850,2025-06-23,Elektronika,Marketplace,56.34
ZAM-2025-008608,2025-06-03,Uroda,Facebook Ads,68.41
ZAM-2025-001005,2025-07-20,Elektronika,Facebook Ads,621.42
ZAM-2025-006172,2025-06-25,Dom i ogród,Sklep internetowy,222.99
ZAM-2025-010122,2025-01-03,Sport,Marketplace,142.82
ZAM-2025-003226,2025-05-31,Odzież,Marketplace,83.27
ZAM-2025-004936,2025-12-07,Odzież,Sklep internetowy,209.82
ZAM-2025-011104,2025-05-23,Sport,Sklep internetowy,85.99
ZAM-2025-009872,2025-12-31,Uroda,Sklep internetowy,86.94
ZAM-2025-009742,2025-11-30,Uroda,Marketplace,127.24
ZAM-2025-010258,2025-01-02,Sport,Google Ads,156.99
ZAM-2025-000310,2025-03-16,Elektronika,Facebook Ads,368.24
ZAM-2025-013784,2025-12-21,Zabawki i prezenty,Marketplace,70.4
ZAM-2025-004906,2025-12-20,Odzież,Facebook Ads,137.91
ZAM-2025-013118,2025-09-19,Zabawki i prezenty,Google Ads,56.98
ZAM-2025-001865,2025-11-24,Elektronika,Facebook Ads,253.78
ZAM-2025-009006,2025-08-22,Uroda,Google Ads,167.37
ZAM-2025-011078,2025-05-12,Sport,Marketplace,174.02
ZAM-2025-004661,2025-11-08,Odzież,Google Ads,74.1
ZAM-2025-012773,2025-05-25,Zabawki i prezenty,Sklep internetowy,52.28
ZAM-2025-007010,2025-10-10,Dom i ogród,Facebook Ads,219.4
ZAM-2025-010773,2025-04-30,Sport,Sklep internetowy,124.6
ZAM-2025-001071,2025-07-07,Elektronika,Marketplace,412.73
ZAM-2025-001896,2025-11-24,Elektronika,Marketplace,306.46
ZAM-2025-002409,2025-01-23,Odzież,Facebook Ads,105.88
ZAM-2025-004704,2025-11-19,Odzież,Sklep internetowy,149.9
ZAM-2025-013052,2025-09-24,Zabawki i prezenty,Marketplace,46.8
ZAM-2025-000162,2025-02-02,Elektronika,Marketplace,342.69
ZAM-2025-013643,2025-11-17,Zabawki i prezenty,Google Ads,62.09
ZAM-2025-000010,2025-01-18,Elektronika,Sklep internetowy,351.67
ZAM-2025-006538,2025-07-24,Dom i ogród,Google Ads,182.15
ZAM-2025-000177,2025-02-21,Elektronika,Facebook Ads,554.25
ZAM-2025-008826,2025-07-15,Uroda,Facebook Ads,105.64
ZAM-2025-001583,2025-10-08,Elektronika,Sklep internetowy,169.32
ZAM-2025-006028,2025-05-31,Dom i ogród,Sklep internetowy,118.01
ZAM-2025-013283,2025-11-22,Zabawki i prezenty,Facebook Ads,76.78
ZAM-2025-012500,2025-02-13,Zabawki i prezenty,Marketplace,54.43
ZAM-2025-005487,2025-03-21,Dom i ogród,Marketplace,159.94
ZAM-2025-004122,2025-09-23,Odzież,Sklep internetowy,139.72
ZAM-2025-000667,2025-05-30,Elektronika,Marketplace,192.02
ZAM-2025-011321,2025-06-15,Sport,Sklep internetowy,233.32
ZAM-2025-006983,2025-10-08,Dom i ogród,Sklep internetowy,312.14
ZAM-2025-013275,2025-11-17,Zabawki i prezenty,Sklep internetowy,58.69
ZAM-2025-005364,2025-02-13,Dom i ogród,Sklep internetowy,107.31
ZAM-2025-005890,2025-05-26,Dom i ogród,Marketplace,247.73
ZAM-2025-006186,2025-06-03,Dom i ogród,Sklep internetowy,189.5
ZAM-2025-013363,2025-11-14,Zabawki i prezenty,Sklep internetowy,61.65
ZAM-2025-005607,2025-04-16,Dom i ogród,Sklep internetowy,107.72
ZAM-2025-001989,2025-12-27,Elektronika,Sklep internetowy,385.88
ZAM-2025-004625,2025-11-14,Odzież,Sklep internetowy,147.08
ZAM-2025-010388,2025-02-12,Sport,Marketplace,117.83
ZAM-2025-008257,2025-04-16,Uroda,Facebook Ads,113.79
ZAM-2025-006594,2025-08-05,Dom i ogród,Facebook Ads,286.47
ZAM-2025-002428,2025-02-04,Odzież,Sklep internetowy,155.11
ZAM-2025-010645,2025-03-27,Sport,Sklep internetowy,202.97
ZAM-2025-005011,2025-12-10,Odzież,Facebook Ads,163.1
ZAM-2025-012125,2025-11-23,Sport,Facebook Ads,235.96
ZAM-2025-006375,2025-07-02,Dom i ogród,Sklep internetowy,153.08
ZAM-2025-009941,2025-12-25,Uroda,Facebook Ads,95.62
ZAM-2025-008727,2025-06-04,Uroda,Google Ads,89.4
ZAM-2025-008785,2025-07-26,Uroda,Facebook Ads,136.18
ZAM-2025-012275,2025-12-02,Sport,Sklep internetowy,109.76
ZAM-2025-006586,2025-07-29,Dom i ogród,Marketplace,214.52
ZAM-2025-004316,2025-09-03,Odzież,Sklep internetowy,168.29
ZAM-2025-010373,2025-02-06,Sport,Facebook Ads,141.57
ZAM-2025-006167,2025-06-20,Dom i ogród,Facebook Ads,83.09
ZAM-2025-008954,2025-07-25,Uroda,Google Ads,86.64
ZAM-2025-001910,2025-11-17,Elektronika,Marketplace,580.09
ZAM-2025-012528,2025-02-07,Zabawki i prezenty,Sklep internetowy,74.47
ZAM-2025-004152,2025-09-26,Odzież,Sklep internetowy,186.44
ZAM-2025-010171,2025-01-11,Sport,Marketplace,65.66
ZAM-2025-003694,2025-07-13,Odzież,Facebook Ads,168.26
ZAM-2025-006873,2025-09-19,Dom i ogród,Sklep internetowy,272.19
ZAM-2025-004045,2025-09-20,Odzież,Google Ads,191.22
ZAM-2025-003605,2025-06-25,Odzież,Sklep internetowy,96.42
ZAM-2025-012098,2025-11-04,Sport,Sklep internetowy,256.53
ZAM-2025-011927,2025-09-13,Sport,Marketplace,68.24
ZAM-2025-010619,2025-03-11,Sport,Facebook Ads,206.39
ZAM-2025-001612,2025-10-25,Elektronika,Sklep internetowy,260.58
ZAM-2025-007839,2025-02-14,Uroda,Marketplace,98.71
ZAM-2025-003461,2025-05-29,Odzież,Facebook Ads,138.95
ZAM-2025-006890,2025-09-06,Dom i ogród,Facebook Ads,69.73
ZAM-2025-006056,2025-05-31,Dom i ogród,Facebook Ads,182.89
ZAM-2025-008603,2025-06-27,Uroda,Sklep internetowy,79.36
ZAM-2025-001894,2025-11-30,Elektronika,Google Ads,183.27
ZAM-2025-008437,2025-05-03,Uroda,Sklep internetowy,116.11
ZAM-2025-007037,2025-10-08,Dom i ogród,Sklep internetowy,188.82
ZAM-2025-000449,2025-04-04,Elektronika,Facebook Ads,250.52
ZAM-2025-011779,2025-08-31,Sport,Sklep internetowy,117.99
ZAM-2025-005403,2025-02-25,Dom i ogród,Marketplace,392.75
ZAM-2025-011664,2025-08-29,Sport,Sklep internetowy,122.39
ZAM-2025-013624,2025-11-19,Zabawki i prezenty,Sklep internetowy,21.55
ZAM-2025-007415,2025-01-26,Uroda,Marketplace,61.63
ZAM-2025-010130,2025-01-10,Sport,Marketplace,250.95
ZAM-2025-002924,2025-04-17,Odzież,Google Ads,174.38
ZAM-2025-005432,2025-03-18,Dom i ogród,Marketplace,189.61
ZAM-2025-006416,2025-07-09,Dom i ogród,Sklep internetowy,113.87
ZAM-2025-011033,2025-05-30,Sport,Marketplace,112.3
ZAM-2025-013468,2025-11-21,Zabawki i prezenty,Marketplace,47.15
ZAM-2025-014039,2025-12-30,Zabawki i prezenty,Sklep internetowy,87.61
ZAM-2025-001222,2025-08-27,Elektronika,Marketplace,512.91
ZAM-2025-011603,2025-08-09,Sport,Marketplace,173.61
ZAM-2025-009945,2025-12-28,Uroda,Marketplace,103.52
ZAM-2025-012638,2025-04-12,Zabawki i prezenty,Sklep internetowy,89.05
ZAM-2025-008461,2025-05-13,Uroda,Facebook Ads,63.69
ZAM-2025-002328,2025-01-02,Odzież,Google Ads,150.96
ZAM-2025-006601,2025-08-03,Dom i ogród,Sklep internetowy,288.07
ZAM-2025-003932,2025-08-14,Odzież,Google Ads,118.39
ZAM-2025-008478,2025-05-04,Uroda,Sklep internetowy,82.59
ZAM-2025-011727,2025-08-14,Sport,Sklep internetowy,193.27
ZAM-2025-000067,2025-01-18,Elektronika,Marketplace,206.43
ZAM-2025-001011,2025-07-22,Elektronika,Sklep internetowy,364.95
ZAM-2025-000448,2025-04-08,Elektronika,Marketplace,412.0
ZAM-2025-001221,2025-08-18,Elektronika,Sklep internetowy,359.3
ZAM-2025-005551,2025-03-14,Dom i ogród,Marketplace,111.02
ZAM-2025-009721,2025-11-25,Uroda,Sklep internetowy,106.49
ZAM-2025-011631,2025-08-05,Sport,Sklep internetowy,112.05
ZAM-2025-008866,2025-07-08,Uroda,Marketplace,116.59
ZAM-2025-003020,2025-04-19,Odzież,Facebook Ads,172.14
ZAM-2025-002746,2025-03-01,Odzież,Sklep internetowy,165.65
ZAM-2025-001718,2025-11-09,Elektronika,Sklep internetowy,495.5
ZAM-2025-010586,2025-03-17,Sport,Sklep internetowy,200.3
ZAM-2025-010961,2025-05-14,Sport,Facebook Ads,187.77
ZAM-2025-006835,2025-09-27,Dom i ogród,Facebook Ads,317.19
ZAM-2025-014048,2025-12-20,Zabawki i prezenty,Sklep internetowy,52.6
ZAM-2025-002541,2025-02-04,Odzież,Marketplace,157.09
ZAM-2025-013634,2025-11-20,Zabawki i prezenty,Sklep internetowy,86.01
ZAM-2025-003263,2025-05-08,Odzież,Facebook Ads,72.0
ZAM-2025-007855,2025-02-13,Uroda,Marketplace,54.14
ZAM-2025-014096,2025-12-15,Zabawki i prezenty,Sklep internetowy,101.39
ZAM-2025-002849,2025-03-28,Odzież,Google Ads,107.15
ZAM-2025-005000,2025-12-30,Odzież,Marketplace,110.56
ZAM-2025-002953,2025-04-06,Odzież,Marketplace,202.1
ZAM-2025-012603,2025-03-05,Zabawki i prezenty,Marketplace,72.31
ZAM-2025-001280,2025-09-14,Elektronika,Sklep internetowy,174.14
ZAM-2025-001157,2025-08-17,Elektronika,Sklep internetowy,373.96
ZAM-2025-008614,2025-06-26,Uroda,Sklep internetowy,75.31
ZAM-2025-005654,2025-04-29,Dom i ogród,Sklep internetowy,195.73
ZAM-2025-008015,2025-03-21,Uroda,Facebook Ads,68.78
ZAM-2025-009122,2025-08-29,Uroda,Marketplace,58.38
ZAM-2025-013758,2025-12-04,Zabawki i prezenty,Facebook Ads,19
ZAM-2025-008783,2025-07-09,Uroda,Facebook Ads,34.86
ZAM-2025-006256,2025-06-10,Dom i ogród,Google Ads,143.86
ZAM-2025-005540,2025-03-25,Dom i ogród,Sklep internetowy,183.85
ZAM-2025-010555,2025-03-23,Sport,Marketplace,277.49
ZAM-2025-013973,2025-12-05,Zabawki i prezenty,Facebook Ads,96.23
ZAM-2025-014119,2025-12-25,Zabawki i prezenty,Google Ads,33.96
ZAM-2025-005612,2025-04-20,Dom i ogród,Facebook Ads,117.46
ZAM-2025-013827,2025-12-07,Zabawki i prezenty,Marketplace,88.93
ZAM-2025-013435,2025-11-05,Zabawki i prezenty,Marketplace,80.13
ZAM-2025-001431,2025-10-04,Elektronika,Marketplace,385.37
ZAM-2025-004701,2025-11-09,Odzież,Marketplace,165.31
ZAM-2025-010198,2025-01-19,Sport,Sklep internetowy,117.36
ZAM-2025-011022,2025-05-26,Sport,Marketplace,196.45
ZAM-2025-008391,2025-05-01,Uroda,Google Ads,82.64
ZAM-2025-005175,2025-01-05,Dom i ogród,Facebook Ads,110.47
ZAM-2025-005227,2025-01-05,Dom i ogród,Facebook Ads,150.68
ZAM-2025-003861,2025-08-27,Odzież,Sklep internetowy,69.17
ZAM-2025-009631,2025-11-30,Uroda,Marketplace,88.96
ZAM-2025-000977,2025-07-24,Elektronika,Facebook Ads,638.36
ZAM-2025-001965,2025-12-04,Elektronika,Sklep internetowy,231.93
ZAM-2025-011097,2025-05-20,Sport,Marketplace,131.97
ZAM-2025-013282,2025-11-18,Zabawki i prezenty,Facebook Ads,69.7
ZAM-2025-003735,2025-07-13,Odzież,Marketplace,146.32
ZAM-2025-010383,2025-02-22,Sport,Marketplace,189.08
ZAM-2025-007115,2025-11-29,Dom i ogród,Sklep internetowy,162.38
ZAM-2025-001186,2025-08-27,Elektronika,Sklep internetowy,149.28
ZAM-2025-003832,2025-07-14,Odzież,Facebook Ads,153.67
ZAM-2025-000947,2025-07-25,Elektronika,Sklep internetowy,559.04
ZAM-2025-009712,2025-11-04,Uroda,Marketplace,66.45
ZAM-2025-011692,2025-08-17,Sport,Sklep internetowy,230.41
ZAM-2025-004938,2025-12-12,Odzież,Facebook Ads,97.57
ZAM-2025-007853,2025-02-06,Uroda,Sklep internetowy,79.29
ZAM-2025-011502,2025-07-27,Sport,Marketplace,155.24
ZAM-2025-008704,2025-06-07,Uroda,Facebook Ads,97.62
ZAM-2025-006485,2025-07-29,Dom i ogród,Facebook Ads,31.71
ZAM-2025-012056,2025-10-28,Sport,Sklep internetowy,192.48
ZAM-2025-009627,2025-11-28,Uroda,Facebook Ads,119.42
ZAM-2025-010584,2025-03-18,Sport,Facebook Ads,120.11
ZAM-2025-003261,2025-05-04,Odzież,Marketplace,199.74
ZAM-2025-011705,2025-08-24,Sport,Sklep internetowy,244.02
ZAM-2025-013368,2025-11-24,Zabawki i prezenty,Sklep internetowy,59.72
ZAM-2025-013925,2025-12-01,Zabawki i prezenty,Facebook Ads,44.44
ZAM-2025-006188,2025-06-27,Dom i ogród,Sklep internetowy,171.82
ZAM-2025-000789,2025-06-30,Elektronika,Google Ads,334.93
ZAM-2025-002380,2025-01-16,Odzież,Sklep internetowy,19
ZAM-2025-003417,2025-05-05,Odzież,Sklep internetowy,142.3
ZAM-2025-013581,2025-11-20,Zabawki i prezenty,Facebook Ads,120.94
ZAM-2025-013738,2025-12-31,Zabawki i prezenty,Sklep internetowy,60.09
ZAM-2025-004916,2025-12-05,Odzież,Facebook Ads,140.43
ZAM-2025-004080,2025-09-25,Odzież,Marketplace,166.16
ZAM-2025-009574,2025-10-17,Uroda,Marketplace,61.74
ZAM-2025-013328,2025-11-05,Zabawki i prezenty,Sklep internetowy,49.58
ZAM-2025-010707,2025-03-21,Sport,Marketplace,139.2
ZAM-2025-005656,2025-04-01,Dom i ogród,Facebook Ads,240.66
ZAM-2025-012922,2025-07-15,Zabawki i prezenty,Facebook Ads,100.49
ZAM-2025-003746,2025-07-13,Odzież,Google Ads,95.65
ZAM-2025-012873,2025-07-11,Zabawki i prezenty,Sklep internetowy,120.34
ZAM-2025-008793,2025-07-08,Uroda,Marketplace,44.14
ZAM-2025-003382,2025-05-29,Odzież,Sklep internetowy,175.74
ZAM-2025-007885,2025-03-20,Uroda,Facebook Ads,89.42
ZAM-2025-008899,2025-07-11,Uroda,Marketplace,127.78
ZAM-2025-008176,2025-04-02,Uroda,Sklep internetowy,83.76
ZAM-2025-011543,2025-07-30,Sport,Google Ads,131.52
ZAM-2025-003265,2025-05-11,Odzież,Facebook Ads,186.58
ZAM-2025-001130,2025-08-25,Elektronika,Sklep internetowy,203.74
ZAM-2025-001743,2025-11-08,Elektronika,Google Ads,584.73
ZAM-2025-000845,2025-06-01,Elektronika,Sklep internetowy,297.31
ZAM-2025-000855,2025-06-17,Elektronika,Sklep internetowy,501.23
ZAM-2025-000184,2025-02-02,Elektronika,Sklep internetowy,320.56
ZAM-2025-014090,2025-12-25,Zabawki i prezenty,Sklep internetowy,86.97
ZAM-2025-005838,2025-05-30,Dom i ogród,Sklep internetowy,212.76
ZAM-2025-010200,2025-01-04,Sport,Sklep internetowy,189.19
ZAM-2025-010185,2025-01-23,Sport,Marketplace,234.09
ZAM-2025-013556,2025-11-06,Zabawki i prezenty,Facebook Ads,111.11
ZAM-2025-011845,2025-09-27,Sport,Sklep internetowy,155.3
ZAM-2025-011290,2025-06-07,Sport,Google Ads,53.73
ZAM-2025-000486,2025-04-04,Elektronika,Sklep internetowy,342.85
ZAM-2025-007509,2025-01-03,Uroda,Marketplace,120.21
ZAM-2025-002102,2025-12-24,Elektronika,Sklep internetowy,441.2
ZAM-2025-000991,2025-07-06,Elektronika,Marketplace,519.66
ZAM-2025-005638,2025-04-06,Dom i ogród,Sklep internetowy,227.4
ZAM-2025-006092,2025-06-30,Dom i ogród,Google Ads,365.04
ZAM-2025-000544,2025-04-18,Elektronika,Sklep internetowy,371.55
ZAM-2025-008892,2025-07-27,Uroda,Google Ads,119.13
ZAM-2025-003765,2025-07-26,Odzież,Sklep internetowy,116.63
ZAM-2025-002907,2025-04-04,Odzież,Google Ads,116.39
ZAM-2025-013100,2025-09-29,Zabawki i prezenty,Facebook Ads,95.31
ZAM-2025-004354,2025-10-29,Odzież,Marketplace,180.86
ZAM-2025-001169,2025-08-24,Elektronika,Marketplace,19
ZAM-2025-007902,2025-03-29,Uroda,Sklep internetowy,81.74
ZAM-2025-012520,2025-02-14,Zabawki i prezenty,Google Ads,87.18
ZAM-2025-000508,2025-04-15,Elektronika,Facebook Ads,289.46
ZAM-2025-003622,2025-06-26,Odzież,Facebook Ads,142.28
ZAM-2025-009057,2025-08-02,Uroda,Marketplace,154.99
ZAM-2025-009337,2025-09-16,Uroda,Facebook Ads,144.94
ZAM-2025-010931,2025-04-06,Sport,Sklep internetowy,188.97
ZAM-2025-009515,2025-10-29,Uroda,Facebook Ads,123.24
ZAM-2025-005037,2025-12-09,Odzież,Marketplace,151.15
ZAM-2025-000254,2025-02-01,Elektronika,Sklep internetowy,275.11
ZAM-2025-007197,2025-11-11,Dom i ogród,Marketplace,223.84
ZAM-2025-005043,2025-12-24,Odzież,Sklep internetowy,167.01
ZAM-2025-012284,2025-12-08,Sport,Google Ads,118.6
ZAM-2025-003713,2025-07-08,Odzież,Sklep internetowy,183.76
ZAM-2025-012139,2025-11-04,Sport,Google Ads,224.57
ZAM-2025-001506,2025-10-07,Elektronika,Google Ads,369.18
ZAM-2025-008181,2025-04-03,Uroda,Marketplace,69.44
ZAM-2025-011944,2025-09-22,Sport,Sklep internetowy,178.38
ZAM-2025-009593,2025-11-01,Uroda,Facebook Ads,54.5
ZAM-2025-004218,2025-09-30,Odzież,Sklep internetowy,175.69
ZAM-2025-008224,2025-04-23,Uroda,Marketplace,85.53
ZAM-2025-000745,2025-05-20,Elektronika,Sklep internetowy,276.84
ZAM-2025-000173,2025-02-17,Elektronika,Google Ads,433.35
ZAM-2025-009043,2025-08-17,Uroda,Sklep internetowy,138.27
ZAM-2025-003964,2025-08-16,Odzież,Marketplace,175.67
ZAM-2025-005923,2025-05-14,Dom i ogród,Sklep internetowy,185.94
ZAM-2025-006133,2025-06-11,Dom i ogród,Marketplace,247.5
ZAM-2025-004917,2025-12-19,Odzież,Sklep internetowy,68.97
ZAM-2025-011737,2025-08-06,Sport,Google Ads,178.11
ZAM-2025-007814,2025-02-26,Uroda,Facebook Ads,94.56
ZAM-2025-013038,2025-09-11,Zabawki i prezenty,Facebook Ads,96.16
ZAM-2025-007775,2025-02-08,Uroda,Sklep internetowy,57.35
ZAM-2025-012875,2025-07-29,Zabawki i prezenty,Facebook Ads,72.52
ZAM-2025-010016,2025-12-24,Uroda,Sklep internetowy,22.19
ZAM-2025-002832,2025-03-03,Odzież,Sklep internetowy,28.15
ZAM-2025-009364,2025-10-18,Uroda,Sklep internetowy,139.25
ZAM-2025-000539,2025-04-06,Elektronika,Sklep internetowy,486.83
ZAM-2025-001178,2025-08-18,Elektronika,Sklep internetowy,175.31
ZAM-2025-012523,2025-02-07,Zabawki i prezenty,Marketplace,42.82
ZAM-2025-007768,2025-02-26,Uroda,Google Ads,103.95
ZAM-2025-006249,2025-06-17,Dom i ogród,Google Ads,114.91
ZAM-2025-014056,2025-12-24,Zabawki i prezenty,Marketplace,32.72
ZAM-2025-002050,2025-12-24,Elektronika,Sklep internetowy,163.87
ZAM-2025-000746,2025-05-10,Elektronika,Sklep internetowy,192.63
ZAM-2025-009931,2025-12-31,Uroda,Sklep internetowy,141.92
ZAM-2025-006039,2025-05-17,Dom i ogród,Sklep internetowy,214.44
ZAM-2025-010060,2025-12-08,Uroda,Sklep internetowy,134.17
ZAM-2025-012032,2025-10-23,Sport,Marketplace,191.19
ZAM-2025-010732,2025-03-26,Sport,Sklep internetowy,81.26
ZAM-2025-012318,2025-12-05,Sport,Marketplace,64.61
ZAM-2025-006882,2025-09-01,Dom i ogród,Marketplace,176.35
ZAM-2025-008104,2025-04-01,Uroda,Google Ads,65.11
ZAM-2025-011797,2025-09-11,Sport,Sklep internetowy,178.33
ZAM-2025-001582,2025-10-10,Elektronika,Facebook Ads,319.66
ZAM-2025-004686,2025-11-11,Odzież,Sklep internetowy,190.35
ZAM-2025-008434,2025-05-20,Uroda,Sklep internetowy,171.62
ZAM-2025-002258,2025-01-23,Odzież,Facebook Ads,156.59
ZAM-2025-008317,2025-05-14,Uroda,Sklep internetowy,89.7
ZAM-2025-008582,2025-06-11,Uroda,Marketplace,73.39
ZAM-2025-010618,2025-03-18,Sport,Marketplace,243.17
ZAM-2025-013018,2025-08-13,Zabawki i prezenty,Facebook Ads,51.61
ZAM-2025-003121,2025-04-29,Odzież,Marketplace,103.15
ZAM-2025-002622,2025-03-07,Odzież,Marketplace,173.83
ZAM-2025-009594,2025-11-07,Uroda,Marketplace,71.62
ZAM-2025-001669,2025-11-14,Elektronika,Sklep internetowy,441.3
ZAM-2025-005768,2025-04-12,Dom i ogród,Google Ads,136.4
ZAM-2025-010677,2025-03-10,Sport,Facebook Ads,145.57
ZAM-2025-001715,2025-11-24,Elektronika,Sklep internetowy,263.47
ZAM-2025-009069,2025-08-02,Uroda,Sklep internetowy,90.92
ZAM-2025-011632,2025-08-25,Sport,Sklep internetowy,19
ZAM-2025-007444,2025-01-22,Uroda,Marketplace,136.56
ZAM-2025-011647,2025-08-14,Sport,Google Ads,144.8
ZAM-2025-001297,2025-09-09,Elektronika,Marketplace,514.69
ZAM-2025-006347,2025-06-25,Dom i ogród,Sklep internetowy,217.38
ZAM-2025-013217,2025-10-25,Zabawki i prezenty,Sklep internetowy,51.03
ZAM-2025-013069,2025-09-15,Zabawki i prezenty,Facebook Ads,91.17
ZAM-2025-012043,2025-10-15,Sport,Sklep internetowy,25.92
ZAM-2025-002843,2025-03-10,Odzież,Google Ads,82.3
ZAM-2025-007692,2025-02-12,Uroda,Facebook Ads,115.47
ZAM-2025-013854,2025-12-26,Zabawki i prezenty,Marketplace,110.16
ZAM-2025-007542,2025-01-07,Uroda,Sklep internetowy,61.05
ZAM-2025-010470,2025-02-01,Sport,Sklep internetowy,235.1
ZAM-2025-002199,2025-12-18,Elektronika,Sklep internetowy,208.72
ZAM-2025-005544,2025-03-26,Dom i ogród,Marketplace,89.58
ZAM-2025-005248,2025-01-24,Dom i ogród,Marketplace,286.94
ZAM-2025-007793,2025-02-18,Uroda,Marketplace,140.13
ZAM-2025-008919,2025-07-06,Uroda,Sklep internetowy,75.2
ZAM-2025-003281,2025-05-28,Odzież,Sklep internetowy,158.83
ZAM-2025-009853,2025-12-03,Uroda,Sklep internetowy,109.98
ZAM-2025-000703,2025-05-29,Elektronika,Sklep internetowy,715.7
ZAM-2025-013483,2025-11-20,Zabawki i prezenty,Google Ads,88.69
ZAM-2025-005601,2025-04-11,Dom i ogród,Google Ads,121.93
ZAM-2025-010012,2025-12-17,Uroda,Sklep internetowy,64.29
ZAM-2025-008151,2025-04-26,Uroda,Marketplace,126.99
ZAM-2025-006664,2025-08-08,Dom i ogród,Facebook Ads,264.58
ZAM-2025-009157,2025-09-08,Uroda,Marketplace,149.13
ZAM-2025-011040,2025-05-21,Sport,Sklep internetowy,104.72
ZAM-2025-007394,2025-12-05,Dom i ogród,Sklep internetowy,200.59
ZAM-2025-011288,2025-06-26,Sport,Marketplace,168.21
ZAM-2025-005818,2025-04-29,Dom i ogród,Sklep internetowy,91.81
ZAM-2025-008668,2025-06-25,Uroda,Sklep internetowy,72.6
ZAM-2025-001321,2025-09-10,Elektronika,Sklep internetowy,295.67
ZAM-2025-005023,2025-12-28,Odzież,Sklep internetowy,165.21
ZAM-2025-009095,2025-08-01,Uroda,Marketplace,63.27
ZAM-2025-002967,2025-04-28,Odzież,Facebook Ads,94.93
ZAM-2025-007989,2025-03-09,Uroda,Facebook Ads,85.49
ZAM-2025-005099,2025-12-05,Odzież,Sklep internetowy,177.67
ZAM-2025-005422,2025-03-10,Dom i ogród,Facebook Ads,374.49
ZAM-2025-010534,2025-02-19,Sport,Sklep internetowy,181.47
ZAM-2025-009849,2025-12-10,Uroda,Sklep internetowy,19
ZAM-2025-003714,2025-07-12,Odzież,Sklep internetowy,144.97
ZAM-2025-006611,2025-08-20,Dom i ogród,Sklep internetowy,380.08
ZAM-2025-005693,2025-04-22,Dom i ogród,Marketplace,152.06
ZAM-2025-013415,2025-11-30,Zabawki i prezenty,Facebook Ads,83.78
ZAM-2025-011434,2025-07-16,Sport,Facebook Ads,120.13
ZAM-2025-001216,2025-08-12,Elektronika,Marketplace,293.51
ZAM-2025-008512,2025-05-07,Uroda,Sklep internetowy,111.47
ZAM-2025-010540,2025-02-19,Sport,Sklep internetowy,311.41
ZAM-2025-001012,2025-07-19,Elektronika,Sklep internetowy,147.42
ZAM-2025-009091,2025-08-16,Uroda,Marketplace,53.76
ZAM-2025-009451,2025-10-09,Uroda,Marketplace,148.99
ZAM-2025-008547,2025-05-27,Uroda,Google Ads,103.31
ZAM-2025-011905,2025-09-16,Sport,Facebook Ads,145.21
ZAM-2025-010389,2025-02-18,Sport,Facebook Ads,187.41
ZAM-2025-006769,2025-08-05,Dom i ogród,Marketplace,274.85
ZAM-2025-013718,2025-12-22,Zabawki i prezenty,Marketplace,53.43
ZAM-2025-002094,2025-12-23,Elektronika,Sklep internetowy,452.8
ZAM-2025-011504,2025-07-15,Sport,Google Ads,159.72
ZAM-2025-000090,2025-01-05,Elektronika,Sklep internetowy,262.11
ZAM-2025-007613,2025-02-11,Uroda,Sklep internetowy,61.61
ZAM-2025-000288,2025-03-30,Elektronika,Sklep internetowy,215.07
ZAM-2025-013230,2025-10-19,Zabawki i prezenty,Google Ads,90.09
ZAM-2025-011986,2025-10-18,Sport,Sklep internetowy,84.88
ZAM-2025-014052,2025-12-22,Zabawki i prezenty,Sklep internetowy,77.63
ZAM-2025-003976,2025-08-14,Odzież,Google Ads,212.69
ZAM-2025-004011,2025-08-19,Odzież,Sklep internetowy,21.94
ZAM-2025-002254,2025-01-29,Odzież,Sklep internetowy,90.17
ZAM-2025-010633,2025-03-08,Sport,Sklep internetowy,103.43
ZAM-2025-013843,2025-12-19,Zabawki i prezenty,Sklep internetowy,38.88
ZAM-2025-002710,2025-03-31,Odzież,Facebook Ads,102.19
ZAM-2025-011989,2025-10-28,Sport,Sklep internetowy,143.31
ZAM-2025-004506,2025-10-20,Odzież,Marketplace,102.26
ZAM-2025-004404,2025-10-26,Odzież,Marketplace,201.95
ZAM-2025-012435,2025-01-09,Zabawki i prezenty,Google Ads,116.39
ZAM-2025-012218,2025-11-25,Sport,Facebook Ads,100.6
ZAM-2025-000872,2025-06-01,Elektronika,Facebook Ads,200.39
ZAM-2025-001920,2025-11-14,Elektronika,Facebook Ads,378.5
ZAM-2025-004478,2025-10-01,Odzież,Marketplace,95.15
ZAM-2025-003908,2025-08-09,Odzież,Marketplace,104.75
ZAM-2025-009525,2025-10-11,Uroda,Marketplace,50.59
ZAM-2025-003526,2025-06-22,Odzież,Sklep internetowy,158.62
ZAM-2025-005096,2025-12-25,Odzież,Facebook Ads,190.69
ZAM-2025-007753,2025-02-12,Uroda,Sklep internetowy,106.44
ZAM-2025-014063,2025-12-29,Zabawki i prezenty,Marketplace,83.43
ZAM-2025-001077,2025-08-23,Elektronika,Sklep internetowy,335.42
ZAM-2025-005517,2025-03-17,Dom i ogród,Google Ads,181.82
ZAM-2025-002337,2025-01-22,Odzież,Sklep internetowy,85.13
ZAM-2025-008839,2025-07-12,Uroda,Sklep internetowy,121.6
ZAM-2025-008038,2025-03-15,Uroda,Marketplace,88.61
ZAM-2025-002861,2025-03-01,Odzież,Google Ads,163.31
ZAM-2025-007475,2025-01-14,Uroda,Google Ads,96.23
ZAM-2025-000170,2025-02-05,Elektronika,Sklep internetowy,314.56
ZAM-2025-009253,2025-09-28,Uroda,Google Ads,82.78
ZAM-2025-007251,2025-12-20,Dom i ogród,Sklep internetowy,208.97
ZAM-2025-001329,2025-09-10,Elektronika,Facebook Ads,310.19
ZAM-2025-013229,2025-10-09,Zabawki i prezenty,Sklep internetowy,97.66
ZAM-2025-003434,2025-05-31,Odzież,Facebook Ads,206.88
ZAM-2025-004991,2025-12-24,Odzież,Facebook Ads,119.74
ZAM-2025-000484,2025-04-10,Elektronika,Marketplace,175.17
ZAM-2025-011289,2025-06-13,Sport,Sklep internetowy,176.81
ZAM-2025-013863,2025-12-25,Zabawki i prezenty,Facebook Ads,74.73
ZAM-2025-011937,2025-09-25,Sport,Facebook Ads,231.28
ZAM-2025-007590,2025-01-12,Uroda,Google Ads,80.36
ZAM-2025-001106,2025-08-02,Elektronika,Sklep internetowy,424.53
ZAM-2025-009605,2025-11-10,Uroda,Sklep internetowy,75.52
ZAM-2025-006831,2025-09-11,Dom i ogród,Sklep internetowy,202.55
ZAM-2025-011720,2025-08-22,Sport,Facebook Ads,109.58
ZAM-2025-009981,2025-12-09,Uroda,Sklep internetowy,101.52
ZAM-2025-001832,2025-11-12,Elektronika,Sklep internetowy,298.57
ZAM-2025-007148,2025-11-05,Dom i ogród,Sklep internetowy,251.05
ZAM-2025-010347,2025-02-25,Sport,Sklep internetowy,203.25
ZAM-2025-001602,2025-10-06,Elektronika,Sklep internetowy,209.84
ZAM-2025-004009,2025-08-25,Odzież,Facebook Ads,163.88
ZAM-2025-006523,2025-07-07,Dom i ogród,Marketplace,281.69
ZAM-2025-002373,2025-01-12,Odzież,Sklep internetowy,94.17
ZAM-2025-013040,2025-09-14,Zabawki i prezenty,Google Ads,94.31
ZAM-2025-009232,2025-09-27,Uroda,Facebook Ads,92.76
ZAM-2025-008656,2025-06-28,Uroda,Sklep internetowy,62.97
ZAM-2025-006641,2025-08-15,Dom i ogród,Sklep internetowy,136.68
ZAM-2025-012730,2025-05-12,Zabawki i prezenty,Sklep internetowy,91.45
ZAM-2025-006418,2025-07-26,Dom i ogród,Marketplace,297.29
ZAM-2025-000595,2025-04-02,Elektronika,Sklep internetowy,235.34
ZAM-2025-011364,2025-06-21,Sport,Facebook Ads,251.45
ZAM-2025-009991,2025-12-29,Uroda,Facebook Ads,72.22
ZAM-2025-005311,2025-02-24,Dom i ogród,Facebook Ads,177.95
ZAM-2025-007661,2025-02-17,Uroda,Facebook Ads,25.72
ZAM-2025-012556,2025-03-06,Zabawki i prezenty,Facebook Ads,50.03
ZAM-2025-006522,2025-07-20,Dom i ogród,Marketplace,99.68
ZAM-2025-008353,2025-05-12,Uroda,Facebook Ads,125.76
ZAM-2025-001794,2025-11-27,Elektronika,Sklep internetowy,520.8
ZAM-2025-008337,2025-05-20,Uroda,Google Ads,99.42
ZAM-2025-012200,2025-11-03,Sport,Sklep internetowy,63.79
ZAM-2025-001653,2025-11-26,Elektronika,Google Ads,275.15
ZAM-2025-002874,2025-03-29,Odzież,Facebook Ads,94.1
ZAM-2025-002841,2025-03-19,Odzież,Sklep internetowy,148.98
ZAM-2025-000885,2025-06-13,Elektronika,Marketplace,288.4
ZAM-2025-011994,2025-10-04,Sport,Marketplace,163.64
ZAM-2025-013846,2025-12-03,Zabawki i prezenty,Facebook Ads,102.3
ZAM-2025-010056,2025-12-19,Uroda,Marketplace,60.8
ZAM-2025-005104,2025-12-06,Odzież,Sklep internetowy,129.77
ZAM-2025-011090,2025-05-09,Sport,Marketplace,150.85
ZAM-2025-004551,2025-10-09,Odzież,Sklep internetowy,153.5
ZAM-2025-004074,2025-09-18,Odzież,Marketplace,118.58
ZAM-2025-011067,2025-05-07,Sport,Marketplace,122.38
ZAM-2025-000841,2025-06-25,Elektronika,Marketplace,299.18
ZAM-2025-012260,2025-12-26,Sport,Marketplace,94.71
ZAM-2025-004485,2025-10-08,Odzież,Facebook Ads,123.4
ZAM-2025-010330,2025-01-02,Sport,Marketplace,159.98
ZAM-2025-000974,2025-07-21,Elektronika,Sklep internetowy,374.75
ZAM-2025-005808,2025-04-11,Dom i ogród,Marketplace,243.55
ZAM-2025-004572,2025-10-13,Odzież,Facebook Ads,207.24
ZAM-2025-010717,2025-03-16,Sport,Sklep internetowy,191.82
ZAM-2025-013185,2025-10-08,Zabawki i prezenty,Facebook Ads,104.74
ZAM-2025-006861,2025-09-18,Dom i ogród,Google Ads,167.81
ZAM-2025-014139,2025-12-30,Zabawki i prezenty,Marketplace,78.73
ZAM-2025-008475,2025-05-07,Uroda,Sklep internetowy,128.84
ZAM-2025-005486,2025-03-30,Dom i ogród,Sklep internetowy,270.1
ZAM-2025-001901,2025-11-11,Elektronika,Sklep internetowy,324.46
ZAM-2025-000979,2025-07-31,Elektronika,Google Ads,189.99
ZAM-2025-010385,2025-02-15,Sport,Marketplace,147.53
ZAM-2025-011857,2025-09-20,Sport,Marketplace,158.65
ZAM-2025-009046,2025-08-31,Uroda,Google Ads,90.44
ZAM-2025-000967,2025-07-15,Elektronika,Sklep internetowy,238.44
ZAM-2025-005568,2025-03-10,Dom i ogród,Marketplace,140.03
ZAM-2025-006430,2025-07-09,Dom i ogród,Facebook Ads,186.52
ZAM-2025-002574,2025-02-22,Odzież,Facebook Ads,164.58
ZAM-2025-010551,2025-03-11,Sport,Facebook Ads,107.58
ZAM-2025-003124,2025-04-12,Odzież,Google Ads,187.06
ZAM-2025-004284,2025-09-12,Odzież,Sklep internetowy,151.71
ZAM-2025-001357,2025-09-26,Elektronika,Facebook Ads,407.03
ZAM-2025-005456,2025-03-10,Dom i ogród,Sklep internetowy,178.17
ZAM-2025-001661,2025-11-09,Elektronika,Sklep internetowy,463.71
ZAM-2025-007165,2025-11-11,Dom i ogród,Marketplace,108.02
ZAM-2025-008574,2025-06-12,Uroda,Marketplace,92.95
ZAM-2025-001503,2025-10-01,Elektronika,Marketplace,567.84
ZAM-2025-008806,2025-07-08,Uroda,Sklep internetowy,123.05
ZAM-2025-014020,2025-12-11,Zabawki i prezenty,Sklep internetowy,89.93
ZAM-2025-013200,2025-10-17,Zabawki i prezenty,Marketplace,98.76
ZAM-2025-007628,2025-02-24,Uroda,Sklep internetowy,78.26
ZAM-2025-007586,2025-01-15,Uroda,Facebook Ads,73.61
ZAM-2025-009517,2025-10-04,Uroda,Facebook Ads,123.54
ZAM-2025-000807,2025-06-27,Elektronika,Sklep internetowy,337.99
ZAM-2025-005971,2025-05-02,Dom i ogród,Sklep internetowy,221.9
ZAM-2025-011784,2025-08-01,Sport,Google Ads,122.62
ZAM-2025-004982,2025-12-13,Odzież,Facebook Ads,84.85
ZAM-2025-001628,2025-11-06,Elektronika,Marketplace,315.76
ZAM-2025-006758,2025-08-23,Dom i ogród,Marketplace,131.36
ZAM-2025-002291,2025-01-20,Odzież,Google Ads,247.21
ZAM-2025-009664,2025-11-05,Uroda,Marketplace,67.16
ZAM-2025-007209,2025-11-26,Dom i ogród,Google Ads,281.36
ZAM-2025-013671,2025-12-26,Zabawki i prezenty,Sklep internetowy,58.59
ZAM-2025-009354,2025-09-12,Uroda,Marketplace,33.75
ZAM-2025-009750,2025-11-11,Uroda,Google Ads,110.95
ZAM-2025-007767,2025-02-16,Uroda,Facebook Ads,101.48
ZAM-2025-011355,2025-06-15,Sport,Marketplace,209.55
ZAM-2025-003519,2025-06-14,Odzież,Marketplace,169.65
ZAM-2025-011263,2025-06-03,Sport,Marketplace,147.59
ZAM-2025-003316,2025-05-29,Odzież,Sklep internetowy,149.01
ZAM-2025-008583,2025-06-04,Uroda,Sklep internetowy,40.68
ZAM-2025-009822,2025-12-05,Uroda,Google Ads,153.93
ZAM-2025-002122,2025-12-26,Elektronika,Google Ads,219.6
ZAM-2025-012880,2025-07-22,Zabawki i prezenty,Sklep internetowy,77.75
ZAM-2025-008215,2025-04-22,Uroda,Sklep internetowy,114.81
ZAM-2025-013012,2025-08-17,Zabawki i prezenty,Sklep internetowy,64.45
ZAM-2025-002284,2025-01-19,Odzież,Sklep internetowy,181.69
ZAM-2025-006757,2025-08-01,Dom i ogród,Google Ads,256.42
ZAM-2025-009146,2025-08-14,Uroda,Facebook Ads,103.71
ZAM-2025-001085,2025-08-24,Elektronika,Marketplace,292.03
ZAM-2025-010641,2025-03-07,Sport,Sklep internetowy,128.53
ZAM-2025-007747,2025-02-03,Uroda,Marketplace,88.19
ZAM-2025-009287,2025-09-07,Uroda,Marketplace,68.14
ZAM-2025-011653,2025-08-24,Sport,Facebook Ads,102.84
ZAM-2025-012279,2025-12-21,Sport,Marketplace,172.14
ZAM-2025-000624,2025-05-19,Elektronika,Google Ads,386.59
ZAM-2025-010638,2025-03-08,Sport,Marketplace,77.54
ZAM-2025-001478,2025-10-06,Elektronika,Sklep internetowy,575.8
ZAM-2025-013702,2025-12-11,Zabawki i prezenty,Facebook Ads,135.44
ZAM-2025-008150,2025-04-10,Uroda,Google Ads,97.24
ZAM-2025-004970,2025-12-24,Odzież,Sklep internetowy,24.17
ZAM-2025-012384,2025-01-10,Zabawki i prezenty,Marketplace,78.88
ZAM-2025-003359,2025-05-01,Odzież,Marketplace,178.62
ZAM-2025-012620,2025-04-15,Zabawki i prezenty,Sklep internetowy,26.62
ZAM-2025-012349,2025-12-25,Sport,Sklep internetowy,165.88
ZAM-2025-002797,2025-03-05,Odzież,Google Ads,147.57
ZAM-2025-003227,2025-05-05,Odzież,Facebook Ads,148.63
ZAM-2025-009645,2025-11-29,Uroda,Google Ads,92.97
ZAM-2025-002513,2025-02-17,Odzież,Sklep internetowy,165.44
ZAM-2025-009526,2025-10-09,Uroda,Marketplace,107.09
ZAM-2025-007412,2025-01-02,Uroda,Sklep internetowy,136.16
ZAM-2025-011823,2025-09-16,Sport,Sklep internetowy,238.58
ZAM-2025-003618,2025-06-09,Odzież,Sklep internetowy,202.15
ZAM-2025-007862,2025-02-12,Uroda,Marketplace,90.15
ZAM-2025-001035,2025-07-30,Elektronika,Sklep internetowy,360.58
ZAM-2025-008945,2025-07-24,Uroda,Sklep internetowy,96.54
ZAM-2025-002893,2025-04-13,Odzież,Google Ads,79.44
ZAM-2025-010069,2025-12-15,Uroda,Marketplace,56.63
ZAM-2025-009469,2025-10-02,Uroda,Sklep internetowy,68.79
ZAM-2025-006644,2025-08-17,Dom i ogród,Marketplace,156.78
ZAM-2025-012786,2025-05-10,Zabawki i prezenty,Marketplace,57.36
ZAM-2025-004945,2025-12-24,Odzież,Sklep internetowy,117.0
ZAM-2025-002583,2025-02-17,Odzież,Facebook Ads,111.43
ZAM-2025-004575,2025-10-30,Odzież,Sklep internetowy,61.89
ZAM-2025-011042,2025-05-30,Sport,Facebook Ads,185.61
ZAM-2025-000167,2025-02-01,Elektronika,Sklep internetowy,347.5
ZAM-2025-007520,2025-01-29,Uroda,Marketplace,112.39
ZAM-2025-002985,2025-04-13,Odzież,Sklep internetowy,202.19
ZAM-2025-013511,2025-11-09,Zabawki i prezenty,Sklep internetowy,47.95
ZAM-2025-011641,2025-08-23,Sport,Sklep internetowy,157.87
ZAM-2025-007749,2025-02-24,Uroda,Google Ads,63.11
ZAM-2025-006392,2025-07-20,Dom i ogród,Sklep internetowy,328.93
ZAM-2025-005516,2025-03-16,Dom i ogród,Sklep internetowy,223.56
ZAM-2025-012970,2025-08-01,Zabawki i prezenty,Facebook Ads,83.07
ZAM-2025-010662,2025-03-13,Sport,Facebook Ads,195.8
ZAM-2025-010032,2025-12-17,Uroda,Sklep internetowy,84.3
ZAM-2025-003445,2025-05-23,Odzież,Sklep internetowy,100.68
ZAM-2025-009101,2025-08-06,Uroda,Marketplace,121.83
ZAM-2025-004855,2025-11-16,Odzież,Marketplace,195.49
ZAM-2025-013986,2025-12-21,Zabawki i prezenty,Marketplace,86.48
ZAM-2025-012749,2025-05-12,Zabawki i prezenty,Facebook Ads,80.7
ZAM-2025-010306,2025-01-01,Sport,Google Ads,226.77
ZAM-2025-003069,2025-04-23,Odzież,Marketplace,106.52
ZAM-2025-005421,2025-03-03,Dom i ogród,Facebook Ads,141.65
ZAM-2025-001213,2025-08-10,Elektronika,Marketplace,614.2
ZAM-2025-014087,2025-12-18,Zabawki i prezenty,Marketplace,84.72
ZAM-2025-013345,2025-11-25,Zabawki i prezenty,Sklep internetowy,78.93
ZAM-2025-008165,2025-04-29,Uroda,Marketplace,84.08
ZAM-2025-007608,2025-02-08,Uroda,Marketplace,95.3
ZAM-2025-007867,2025-03-04,Uroda,Facebook Ads,138.12
ZAM-2025-007434,2025-01-28,Uroda,Google Ads,107.19
ZAM-2025-008956,2025-07-23,Uroda,Marketplace,87.29
ZAM-2025-004307,2025-09-21,Odzież,Facebook Ads,133.36
ZAM-2025-003458,2025-05-11,Odzież,Sklep internetowy,94.58
ZAM-2025-007861,2025-02-15,Uroda,Google Ads,69.26
ZAM-2025-008360,2025-05-30,Uroda,Facebook Ads,141.47
ZAM-2025-008072,2025-03-15,Uroda,Sklep internetowy,109.98
ZAM-2025-012628,2025-04-23,Zabawki i prezenty,Marketplace,82.08
ZAM-2025-011419,2025-07-08,Sport,Google Ads,280.14
ZAM-2025-005300,2025-02-12,Dom i ogród,Marketplace,194.43
ZAM-2025-000078,2025-01-29,Elektronika,Marketplace,477.07
ZAM-2025-008035,2025-03-06,Uroda,Sklep internetowy,94.47
ZAM-2025-001102,2025-08-30,Elektronika,Sklep internetowy,308.64
ZAM-2025-001379,2025-09-20,Elektronika,Sklep internetowy,664.93
ZAM-2025-006067,2025-05-12,Dom i ogród,Facebook Ads,261.17
ZAM-2025-007565,2025-01-02,Uroda,Marketplace,92.66
ZAM-2025-009994,2025-12-12,Uroda,Google Ads,116.52
ZAM-2025-007077,2025-10-05,Dom i ogród,Marketplace,133.94
ZAM-2025-010479,2025-02-10,Sport,Marketplace,227.37
ZAM-2025-006371,2025-07-09,Dom i ogród,Google Ads,223.13
ZAM-2025-011740,2025-08-18,Sport,Sklep internetowy,154.85
ZAM-2025-002788,2025-03-16,Odzież,Sklep internetowy,170.72
ZAM-2025-001338,2025-09-02,Elektronika,Sklep internetowy,700.71
ZAM-2025-011811,2025-09-14,Sport,Sklep internetowy,175.31
ZAM-2025-012851,2025-06-22,Zabawki i prezenty,Google Ads,69.12
ZAM-2025-008564,2025-05-31,Uroda,Marketplace,87.81
ZAM-2025-012736,2025-05-09,Zabawki i prezenty,Google Ads,102.78
ZAM-2025-012392,2025-01-19,Zabawki i prezenty,Sklep internetowy,97.48
ZAM-2025-012336,2025-12-17,Sport,Google Ads,208.71
ZAM-2025-013253,2025-10-25,Zabawki i prezenty,Facebook Ads,42.96
ZAM-2025-002617,2025-03-06,Odzież,Sklep internetowy,173.34
ZAM-2025-010652,2025-03-09,Sport,Marketplace,172.31
ZAM-2025-006595,2025-08-06,Dom i ogród,Google Ads,200.39
ZAM-2025-014047,2025-12-23,Zabawki i prezenty,Marketplace,85.04
ZAM-2025-001108,2025-08-09,Elektronika,Google Ads,533.06
ZAM-2025-011411,2025-07-06,Sport,Marketplace,125.92
ZAM-2025-003156,2025-04-13,Odzież,Facebook Ads,88.79
ZAM-2025-005106,2025-12-21,Odzież,Marketplace,22.33
ZAM-2025-009688,2025-11-27,Uroda,Sklep internetowy,83.07
ZAM-2025-005820,2025-04-12,Dom i ogród,Sklep internetowy,269.2
ZAM-2025-013326,2025-11-15,Zabawki i prezenty,Google Ads,68.26
ZAM-2025-002047,2025-12-19,Elektronika,Sklep internetowy,447.91
ZAM-2025-011928,2025-09-07,Sport,Sklep internetowy,245.35
ZAM-2025-000316,2025-03-11,Elektronika,Marketplace,174.32
ZAM-2025-012354,2025-12-31,Sport,Facebook Ads,299.42
ZAM-2025-010559,2025-03-27,Sport,Marketplace,152.04
ZAM-2025-000395,2025-03-05,Elektronika,Marketplace,435.6
ZAM-2025-000332,2025-03-13,Elektronika,Sklep internetowy,247.13
ZAM-2025-005228,2025-01-24,Dom i ogród,Sklep internetowy,243.65
ZAM-2025-006870,2025-09-21,Dom i ogród,Marketplace,186.76
ZAM-2025-008522,2025-05-17,Uroda,Google Ads,120.96
ZAM-2025-005050,2025-12-02,Odzież,Sklep internetowy,172.93
ZAM-2025-010744,2025-03-07,Sport,Google Ads,208.84
ZAM-2025-000373,2025-03-26,Elektronika,Marketplace,511.45
ZAM-2025-001180,2025-08-13,Elektronika,Marketplace,345.78
ZAM-2025-012434,2025-01-16,Zabawki i prezenty,Google Ads,32.83
ZAM-2025-006097,2025-06-20,Dom i ogród,Google Ads,220.95
ZAM-2025-011703,2025-08-18,Sport,Facebook Ads,250.71
ZAM-2025-001143,2025-08-21,Elektronika,Marketplace,323.96
ZAM-2025-006139,2025-06-06,Dom i ogród,Sklep internetowy,128.6
ZAM-2025-007548,2025-01-07,Uroda,Sklep internetowy,79.83
ZAM-2025-008654,2025-06-15,Uroda,Google Ads,70.06
ZAM-2025-001757,2025-11-03,Elektronika,Sklep internetowy,173.58
ZAM-2025-012825,2025-06-09,Zabawki i prezenty,Sklep internetowy,81.36
ZAM-2025-005348,2025-02-14,Dom i ogród,Sklep internetowy,109.51
ZAM-2025-004368,2025-10-23,Odzież,Sklep internetowy,50.27
ZAM-2025-011799,2025-09-14,Sport,Facebook Ads,112.61
ZAM-2025-004668,2025-11-02,Odzież,Facebook Ads,113.27
ZAM-2025-005495,2025-03-30,Dom i ogród,Sklep internetowy,120.66
ZAM-2025-013130,2025-09-17,Zabawki i prezenty,Marketplace,54.92
ZAM-2025-002007,2025-12-12,Elektronika,Sklep internetowy,351.17
ZAM-2025-004389,2025-10-16,Odzież,Facebook Ads,114.49
ZAM-2025-012955,2025-08-03,Zabawki i prezenty,Marketplace,82.14
ZAM-2025-011349,2025-06-26,Sport,Sklep internetowy,189.64
ZAM-2025-001171,2025-08-30,Elektronika,Google Ads,736.78
ZAM-2025-010271,2025-01-02,Sport,Sklep internetowy,73.93
ZAM-2025-010686,2025-03-15,Sport,Sklep internetowy,111.26
ZAM-2025-001533,2025-10-20,Elektronika,Facebook Ads,308.33
ZAM-2025-009247,2025-09-05,Uroda,Facebook Ads,77.55
ZAM-2025-003209,2025-05-01,Odzież,Google Ads,99.53
ZAM-2025-007850,2025-02-23,Uroda,Facebook Ads,85.58
ZAM-2025-011176,2025-06-09,Sport,Facebook Ads,150.19
ZAM-2025-009156,2025-09-15,Uroda,Sklep internetowy,105.56
ZAM-2025-001270,2025-09-05,Elektronika,Google Ads,651.91
ZAM-2025-006739,2025-08-06,Dom i ogród,Sklep internetowy,113.15
ZAM-2025-007742,2025-02-03,Uroda,Google Ads,139.16
ZAM-2025-005020,2025-12-17,Odzież,Google Ads,40.05
ZAM-2025-003722,2025-07-22,Odzież,Facebook Ads,108.83
ZAM-2025-014033,2025-12-28,Zabawki i prezenty,Marketplace,65.54
ZAM-2025-009867,2025-12-11,Uroda,Marketplace,73.44
ZAM-2025-011470,2025-07-31,Sport,Google Ads,195.02
ZAM-2025-009373,2025-10-06,Uroda,Marketplace,113.9
ZAM-2025-003558,2025-06-14,Odzież,Facebook Ads,152.85
ZAM-2025-011936,2025-09-16,Sport,Sklep internetowy,324.39
ZAM-2025-009297,2025-09-07,Uroda,Google Ads,133.99
ZAM-2025-013445,2025-11-30,Zabawki i prezenty,Google Ads,67.41
ZAM-2025-010930,2025-04-23,Sport,Marketplace,213.33
ZAM-2025-009907,2025-12-11,Uroda,Facebook Ads,126.88
ZAM-2025-002889,2025-04-04,Odzież,Facebook Ads,28.55
ZAM-2025-011750,2025-08-26,Sport,Marketplace,189.95
ZAM-2025-000873,2025-06-19,Elektronika,Sklep internetowy,273.54
ZAM-2025-000826,2025-06-19,Elektronika,Sklep internetowy,288.37
ZAM-2025-013203,2025-10-29,Zabawki i prezenty,Marketplace,64.27
ZAM-2025-002940,2025-04-28,Odzież,Sklep internetowy,156.88
ZAM-2025-009838,2025-12-15,Uroda,Sklep internetowy,122.82
ZAM-2025-012945,2025-07-20,Zabawki i prezenty,Marketplace,95.19
ZAM-2025-013512,2025-11-08,Zabawki i prezenty,Sklep internetowy,35.32
ZAM-2025-004559,2025-10-26,Odzież,Facebook Ads,106.92
ZAM-2025-004617,2025-10-11,Odzież,Facebook Ads,30.78
ZAM-2025-010361,2025-02-20,Sport,Marketplace,110.57
ZAM-2025-012543,2025-03-28,Zabawki i prezenty,Sklep internetowy,66.24
ZAM-2025-001733,2025-11-24,Elektronika,Sklep internetowy,560.3
ZAM-2025-008724,2025-06-01,Uroda,Facebook Ads,115.54
ZAM-2025-010579,2025-03-11,Sport,Sklep internetowy,147.13
ZAM-2025-000714,2025-05-27,Elektronika,Sklep internetowy,237.89
ZAM-2025-009500,2025-10-02,Uroda,Sklep internetowy,108.57
ZAM-2025-009702,2025-11-19,Uroda,Google Ads,60.99
ZAM-2025-004410,2025-10-24,Odzież,Sklep internetowy,96.98
ZAM-2025-002156,2025-12-15,Elektronika,Facebook Ads,185.61
ZAM-2025-010763,2025-03-26,Sport,Marketplace,235.49
ZAM-2025-008226,2025-04-16,Uroda,Sklep internetowy,73.91
ZAM-2025-013162,2025-10-04,Zabawki i prezenty,Google Ads,90.37
ZAM-2025-011114,2025-05-24,Sport,Sklep internetowy,256.88
ZAM-2025-013631,2025-11-22,Zabawki i prezenty,Marketplace,59.65
ZAM-2025-014107,2025-12-30,Zabawki i prezenty,Google Ads,94.88
ZAM-2025-001495,2025-10-26,Elektronika,Google Ads,244.65
ZAM-2025-008492,2025-05-06,Uroda,Facebook Ads,84.16
ZAM-2025-001796,2025-11-05,Elektronika,Google Ads,134.85
ZAM-2025-008453,2025-05-27,Uroda,Marketplace,65.07
ZAM-2025-009768,2025-11-30,Uroda,Sklep internetowy,44.22
ZAM-2025-001786,2025-11-08,Elektronika,Sklep internetowy,498.29
ZAM-2025-005216,2025-01-29,Dom i ogród,Sklep internetowy,233.88
ZAM-2025-008689,2025-06-23,Uroda,Sklep internetowy,112.55
ZAM-2025-002965,2025-04-02,Odzież,Marketplace,140.83
ZAM-2025-000290,2025-03-02,Elektronika,Sklep internetowy,707.43
ZAM-2025-004553,2025-10-12,Odzież,Sklep internetowy,159.08
ZAM-2025-003015,2025-04-22,Odzież,Sklep internetowy,183.98
ZAM-2025-008086,2025-03-07,Uroda,Marketplace,105.77
ZAM-2025-008090,2025-04-30,Uroda,Facebook Ads,109.34
ZAM-2025-005174,2025-01-31,Dom i ogród,Sklep internetowy,19
ZAM-2025-010962,2025-05-03,Sport,Marketplace,220.82
ZAM-2025-005110,2025-12-21,Odzież,Marketplace,153.31
ZAM-2025-006883,2025-09-17,Dom i ogród,Marketplace,327.67
ZAM-2025-013021,2025-08-10,Zabawki i prezenty,Sklep internetowy,66.94
ZAM-2025-012009,2025-10-14,Sport,Google Ads,114.04
ZAM-2025-007992,2025-03-21,Uroda,Facebook Ads,51.97
ZAM-2025-013090,2025-09-18,Zabawki i prezenty,Google Ads,71.62
ZAM-2025-010789,2025-04-23,Sport,Facebook Ads,88.02
ZAM-2025-004468,2025-10-13,Odzież,Sklep internetowy,140.96
ZAM-2025-005414,2025-02-21,Dom i ogród,Marketplace,151.56
ZAM-2025-010604,2025-03-08,Sport,Sklep internetowy,222.8
ZAM-2025-011327,2025-06-09,Sport,Sklep internetowy,240.62
ZAM-2025-001774,2025-11-28,Elektronika,Facebook Ads,42.09
ZAM-2025-013439,2025-11-27,Zabawki i prezenty,Sklep internetowy,106.79
ZAM-2025-011464,2025-07-08,Sport,Sklep internetowy,167.28
ZAM-2025-006455,2025-07-11,Dom i ogród,Facebook Ads,193.94
ZAM-2025-013355,2025-11-13,Zabawki i prezenty,Google Ads,99.81
ZAM-2025-012367,2025-12-08,Sport,Google Ads,97.77
ZAM-2025-003949,2025-08-10,Odzież,Marketplace,128.51
ZAM-2025-004191,2025-09-10,Odzież,Facebook Ads,142.51
ZAM-2025-009040,2025-08-24,Uroda,Google Ads,66.22
ZAM-2025-003365,2025-05-13,Odzież,Facebook Ads,226.8
ZAM-2025-011036,2025-05-25,Sport,Sklep internetowy,67.57
ZAM-2025-012918,2025-07-14,Zabawki i prezenty,Sklep internetowy,50.91
ZAM-2025-002446,2025-02-26,Odzież,Sklep internetowy,61.0
ZAM-2025-005242,2025-01-29,Dom i ogród,Sklep internetowy,411.5
ZAM-2025-006412,2025-07-18,Dom i ogród,Facebook Ads,245.36
ZAM-2025-002202,2025-12-27,Elektronika,Marketplace,177.22
ZAM-2025-010558,2025-03-06,Sport,Sklep internetowy,97.75
ZAM-2025-009061,2025-08-23,Uroda,Sklep internetowy,84.88
ZAM-2025-003939,2025-08-27,Odzież,Sklep internetowy,80.01
ZAM-2025-004600,2025-10-29,Odzież,Google Ads,231.06
ZAM-2025-013524,2025-11-17,Zabawki i prezenty,Marketplace,53.09
ZAM-2025-002785,2025-03-30,Odzież,Sklep internetowy,116.58
ZAM-2025-012573,2025-03-24,Zabawki i prezenty,Sklep internetowy,70.38
ZAM-2025-007918,2025-03-18,Uroda,Marketplace,140.99
ZAM-2025-011375,2025-06-04,Sport,Sklep internetowy,156.42
ZAM-2025-004786,2025-11-28,Odzież,Marketplace,88.94
ZAM-2025-010181,2025-01-09,Sport,Marketplace,204.08
ZAM-2025-002800,2025-03-30,Odzież,Google Ads,146.5
ZAM-2025-005797,2025-04-25,Dom i ogród,Google Ads,60.56
ZAM-2025-000638,2025-05-24,Elektronika,Facebook Ads,36.2
ZAM-2025-012327,2025-12-02,Sport,Facebook Ads,197.9
ZAM-2025-001453,2025-10-27,Elektronika,Google Ads,172.41
ZAM-2025-007778,2025-02-06,Uroda,Google Ads,68.14
ZAM-2025-004293,2025-09-09,Odzież,Facebook Ads,126.62
ZAM-2025-012859,2025-06-30,Zabawki i prezenty,Marketplace,57.19
ZAM-2025-005219,2025-01-22,Dom i ogród,Sklep internetowy,380.23
ZAM-2025-007330,2025-12-04,Dom i ogród,Google Ads,202.68
ZAM-2025-011086,2025-05-05,Sport,Sklep internetowy,182.7
ZAM-2025-001323,2025-09-18,Elektronika,Sklep internetowy,60.25
ZAM-2025-009268,2025-09-27,Uroda,Sklep internetowy,62.57
ZAM-2025-013418,2025-11-01,Zabawki i prezenty,Google Ads,55.72
ZAM-2025-008183,2025-04-14,Uroda,Facebook Ads,41.47
ZAM-2025-005873,2025-05-19,Dom i ogród,Facebook Ads,113.78
ZAM-2025-007093,2025-10-23,Dom i ogród,Facebook Ads,78.47
ZAM-2025-011977,2025-10-03,Sport,Sklep internetowy,135.02
ZAM-2025-012575,2025-03-09,Zabawki i prezenty,Google Ads,101.21
ZAM-2025-001041,2025-07-04,Elektronika,Marketplace,296.54
ZAM-2025-013331,2025-11-03,Zabawki i prezenty,Sklep internetowy,78.03
ZAM-2025-009792,2025-11-12,Uroda,Sklep internetowy,125.37
ZAM-2025-013476,2025-11-10,Zabawki i prezenty,Facebook Ads,82.27
ZAM-2025-002882,2025-03-05,Odzież,Marketplace,114.66
ZAM-2025-002165,2025-12-08,Elektronika,Facebook Ads,113.85
ZAM-2025-011813,2025-09-20,Sport,Sklep internetowy,212.49
ZAM-2025-003536,2025-06-19,Odzież,Google Ads,137.87
ZAM-2025-013236,2025-10-31,Zabawki i prezenty,Sklep internetowy,64.57
ZAM-2025-011902,2025-09-06,Sport,Marketplace,118.54
ZAM-2025-003889,2025-08-12,Odzież,Sklep internetowy,86.24
ZAM-2025-002745,2025-03-24,Odzież,Marketplace,122.01
ZAM-2025-004646,2025-11-15,Odzież,Marketplace,175.88
ZAM-2025-005832,2025-05-13,Dom i ogród,Marketplace,365.72
ZAM-2025-009064,2025-08-12,Uroda,Facebook Ads,91.21
ZAM-2025-009408,2025-10-15,Uroda,Google Ads,53.34
ZAM-2025-013728,2025-12-22,Zabawki i prezenty,Facebook Ads,70.22
ZAM-2025-009363,2025-10-05,Uroda,Sklep internetowy,135.85
ZAM-2025-002853,2025-03-30,Odzież,Marketplace,192.69
ZAM-2025-011856,2025-09-11,Sport,Facebook Ads,127.45
ZAM-2025-011608,2025-08-09,Sport,Sklep internetowy,230.88
ZAM-2025-004394,2025-10-23,Odzież,Facebook Ads,64.68
ZAM-2025-011566,2025-07-04,Sport,Marketplace,32.24
ZAM-2025-007204,2025-11-01,Dom i ogród,Facebook Ads,302.74
ZAM-2025-002653,2025-03-25,Odzież,Sklep internetowy,197.65
ZAM-2025-011255,2025-06-20,Sport,Sklep internetowy,211.32
ZAM-2025-009784,2025-11-06,Uroda,Sklep internetowy,99.44
ZAM-2025-005018,2025-12-26,Odzież,Facebook Ads,98.71
ZAM-2025-011874,2025-09-22,Sport,Sklep internetowy,141.87
ZAM-2025-010273,2025-01-20,Sport,Facebook Ads,238.43
ZAM-2025-013149,2025-10-19,Zabawki i prezenty,Google Ads,61.99
ZAM-2025-010398,2025-02-12,Sport,Facebook Ads,150.95
ZAM-2025-004913,2025-12-20,Odzież,Facebook Ads,126.65
ZAM-2025-002763,2025-03-27,Odzież,Facebook Ads,126.29
ZAM-2025-012991,2025-08-27,Zabawki i prezenty,Sklep internetowy,112.17
ZAM-2025-005754,2025-04-06,Dom i ogród,Facebook Ads,220.95
ZAM-2025-002702,2025-03-17,Odzież,Google Ads,119.18
ZAM-2025-013859,2025-12-11,Zabawki i prezenty,Google Ads,47.49
ZAM-2025-011491,2025-07-30,Sport,Sklep internetowy,151.98
ZAM-2025-003008,2025-04-20,Odzież,Sklep internetowy,135.6
ZAM-2025-003659,2025-06-23,Odzież,Marketplace,190.5
ZAM-2025-001775,2025-11-11,Elektronika,Marketplace,391.59
ZAM-2025-003604,2025-06-06,Odzież,Google Ads,94.91
ZAM-2025-001600,2025-10-29,Elektronika,Sklep internetowy,401.02
ZAM-2025-000322,2025-03-03,Elektronika,Sklep internetowy,78.3
ZAM-2025-013302,2025-11-29,Zabawki i prezenty,Sklep internetowy,75.88
ZAM-2025-003510,2025-06-11,Odzież,Marketplace,146.35
ZAM-2025-001124,2025-08-21,Elektronika,Sklep internetowy,162.8
ZAM-2025-005869,2025-05-16,Dom i ogród,Marketplace,295.78
ZAM-2025-013129,2025-09-15,Zabawki i prezenty,Marketplace,101.08
ZAM-2025-007780,2025-02-03,Uroda,Marketplace,33.67
ZAM-2025-000919,2025-06-21,Elektronika,Sklep internetowy,603.78
ZAM-2025-008862,2025-07-27,Uroda,Marketplace,63.71
ZAM-2025-003782,2025-07-22,Odzież,Sklep internetowy,122.07
ZAM-2025-006922,2025-09-20,Dom i ogród,Google Ads,33.25
ZAM-2025-011957,2025-09-02,Sport,Facebook Ads,131.85
ZAM-2025-009856,2025-12-24,Uroda,Sklep internetowy,126.22
ZAM-2025-010762,2025-03-02,Sport,Facebook Ads,168.78
ZAM-2025-003664,2025-06-07,Odzież,Marketplace,180.17
ZAM-2025-009201,2025-09-23,Uroda,Marketplace,51.92
ZAM-2025-008666,2025-06-11,Uroda,Google Ads,88.74
ZAM-2025-004048,2025-09-27,Odzież,Facebook Ads,151.58
ZAM-2025-004287,2025-09-19,Odzież,Google Ads,135.91
ZAM-2025-012716,2025-05-04,Zabawki i prezenty,Facebook Ads,81.34
ZAM-2025-009521,2025-10-28,Uroda,Sklep internetowy,104.71
ZAM-2025-009495,2025-10-22,Uroda,Marketplace,83.23
ZAM-2025-012924,2025-07-09,Zabawki i prezenty,Google Ads,101.22
ZAM-2025-003452,2025-05-18,Odzież,Marketplace,86.74
ZAM-2025-002147,2025-12-26,Elektronika,Marketplace,410.33
ZAM-2025-006600,2025-08-04,Dom i ogród,Marketplace,241.9
ZAM-2025-000015,2025-01-22,Elektronika,Marketplace,121.8
ZAM-2025-013592,2025-11-15,Zabawki i prezenty,Sklep internetowy,97.91
ZAM-2025-006410,2025-07-06,Dom i ogród,Sklep internetowy,369.66
ZAM-2025-010942,2025-04-07,Sport,Marketplace,160.56
ZAM-2025-008807,2025-07-20,Uroda,Facebook Ads,95.23
ZAM-2025-004371,2025-10-09,Odzież,Sklep internetowy,148.07
ZAM-2025-007954,2025-03-21,Uroda,Sklep internetowy,118.73
ZAM-2025-009528,2025-10-10,Uroda,Sklep internetowy,66.53
ZAM-2025-007070,2025-10-05,Dom i ogród,Sklep internetowy,154.32
ZAM-2025-001940,2025-11-10,Elektronika,Sklep internetowy,410.16
ZAM-2025-011179,2025-06-26,Sport,Facebook Ads,172.68
ZAM-2025-010100,2025-01-31,Sport,Marketplace,220.64
ZAM-2025-000060,2025-01-16,Elektronika,Facebook Ads,579.03
ZAM-2025-012919,2025-07-02,Zabawki i prezenty,Facebook Ads,69.84
ZAM-2025-009342,2025-09-04,Uroda,Sklep internetowy,102.41
ZAM-2025-013906,2025-12-17,Zabawki i prezenty,Marketplace,76.68
ZAM-2025-012658,2025-04-05,Zabawki i prezenty,Marketplace,92.17
ZAM-2025-013661,2025-12-25,Zabawki i prezenty,Facebook Ads,64.42
ZAM-2025-004040,2025-09-14,Odzież,Sklep internetowy,155.79
ZAM-2025-002836,2025-03-07,Odzież,Facebook Ads,87.04
ZAM-2025-002737,2025-03-08,Odzież,Google Ads,124.77
ZAM-2025-005405,2025-02-17,Dom i ogród,Marketplace,225.2
ZAM-2025-009925,2025-12-15,Uroda,Sklep internetowy,126.47
ZAM-2025-003655,2025-06-22,Odzież,Marketplace,210.77
ZAM-2025-010887,2025-04-14,Sport,Facebook Ads,181.39
ZAM-2025-001856,2025-11-06,Elektronika,Marketplace,492.88
ZAM-2025-011735,2025-08-23,Sport,Facebook Ads,274.76
ZAM-2025-003180,2025-04-25,Odzież,Google Ads,181.59
ZAM-2025-008533,2025-05-23,Uroda,Sklep internetowy,73.05
ZAM-2025-007314,2025-12-18,Dom i ogród,Google Ads,176.17
ZAM-2025-003602,2025-06-09,Odzież,Sklep internetowy,172.55
ZAM-2025-007340,2025-12-04,Dom i ogród,Facebook Ads,241.77
ZAM-2025-014146,2025-12-02,Zabawki i prezenty,Sklep internetowy,66.24
ZAM-2025-000323,2025-03-14,Elektronika,Marketplace,140.92
ZAM-2025-001217,2025-08-22,Elektronika,Sklep internetowy,391.36
ZAM-2025-006265,2025-06-08,Dom i ogród,Google Ads,254.77
ZAM-2025-009458,2025-10-08,Uroda,Sklep internetowy,95.02
ZAM-2025-001197,2025-08-27,Elektronika,Marketplace,286.28
ZAM-2025-000863,2025-06-13,Elektronika,Facebook Ads,490.5
ZAM-2025-011611,2025-08-05,Sport,Sklep internetowy,269.93
ZAM-2025-000291,2025-03-24,Elektronika,Sklep internetowy,273.65
ZAM-2025-003539,2025-06-19,Odzież,Sklep internetowy,89.99
ZAM-2025-002743,2025-03-26,Odzież,Facebook Ads,196.59
ZAM-2025-007771,2025-02-22,Uroda,Sklep internetowy,76.73
ZAM-2025-008611,2025-06-25,Uroda,Sklep internetowy,94.65
ZAM-2025-009978,2025-12-22,Uroda,Sklep internetowy,146.57
ZAM-2025-009505,2025-10-30,Uroda,Marketplace,92.0
ZAM-2025-003304,2025-05-10,Odzież,Facebook Ads,173.56
ZAM-2025-012554,2025-03-23,Zabawki i prezenty,Marketplace,27.05
ZAM-2025-014054,2025-12-29,Zabawki i prezenty,Sklep internetowy,89.41
ZAM-2025-001523,2025-10-27,Elektronika,Marketplace,420.21
ZAM-2025-002382,2025-01-01,Odzież,Sklep internetowy,119.62
ZAM-2025-003816,2025-07-01,Odzież,Facebook Ads,167.62
ZAM-2025-005927,2025-05-14,Dom i ogród,Sklep internetowy,201.49
ZAM-2025-009188,2025-09-12,Uroda,Google Ads,90.09
ZAM-2025-004649,2025-11-02,Odzież,Sklep internetowy,174.43
ZAM-2025-012536,2025-03-28,Zabawki i prezenty,Marketplace,94.05
ZAM-2025-013875,2025-12-07,Zabawki i prezenty,Facebook Ads,117.07
ZAM-2025-010262,2025-01-16,Sport,Sklep internetowy,174.55
ZAM-2025-002319,2025-01-28,Odzież,Sklep internetowy,130.3
ZAM-2025-003804,2025-07-12,Odzież,Sklep internetowy,202.94
ZAM-2025-012903,2025-07-14,Zabawki i prezenty,Marketplace,74.16
ZAM-2025-010699,2025-03-24,Sport,Facebook Ads,161.05
ZAM-2025-005448,2025-03-01,Dom i ogród,Sklep internetowy,253.33
ZAM-2025-005944,2025-05-22,Dom i ogród,Sklep internetowy,79.75
ZAM-2025-006076,2025-05-17,Dom i ogród,Google Ads,132.81
ZAM-2025-009928,2025-12-16,Uroda,Facebook Ads,94.0
ZAM-2025-001114,2025-08-12,Elektronika,Marketplace,326.35
ZAM-2025-012901,2025-07-22,Zabawki i prezenty,Sklep internetowy,89.51
ZAM-2025-001079,2025-08-26,Elektronika,Sklep internetowy,235.55
ZAM-2025-000488,2025-04-27,Elektronika,Sklep internetowy,438.48
ZAM-2025-005083,2025-12-14,Odzież,Facebook Ads,118.18
ZAM-2025-008684,2025-06-22,Uroda,Google Ads,99.38
ZAM-2025-001741,2025-11-10,Elektronika,Sklep internetowy,575.76
ZAM-2025-011966,2025-10-16,Sport,Facebook Ads,208.43
ZAM-2025-007769,2025-02-21,Uroda,Marketplace,63.94
ZAM-2025-000655,2025-05-27,Elektronika,Facebook Ads,131.69
ZAM-2025-004228,2025-09-21,Odzież,Marketplace,118.1
ZAM-2025-011160,2025-06-10,Sport,Sklep internetowy,128.71
ZAM-2025-001985,2025-12-10,Elektronika,Facebook Ads,316.08
ZAM-2025-004146,2025-09-17,Odzież,Marketplace,63.0
ZAM-2025-005437,2025-03-14,Dom i ogród,Marketplace,19.81
ZAM-2025-012978,2025-08-11,Zabawki i prezenty,Marketplace,97.77
ZAM-2025-012756,2025-05-13,Zabawki i prezenty,Marketplace,38.25
ZAM-2025-010817,2025-04-25,Sport,Sklep internetowy,211.98
ZAM-2025-008056,2025-03-17,Uroda,Marketplace,66.76
ZAM-2025-006977,2025-10-06,Dom i ogród,Marketplace,294.29
ZAM-2025-003593,2025-06-08,Odzież,Sklep internetowy,183.14
ZAM-2025-003573,2025-06-27,Odzież,Google Ads,62.35
ZAM-2025-005951,2025-05-08,Dom i ogród,Sklep internetowy,188.39
ZAM-2025-013726,2025-12-13,Zabawki i prezenty,Sklep internetowy,114.99
ZAM-2025-000771,2025-06-17,Elektronika,Sklep internetowy,385.3
ZAM-2025-009350,2025-09-02,Uroda,Facebook Ads,86.15
ZAM-2025-006280,2025-06-16,Dom i ogród,Marketplace,203.33
ZAM-2025-010140,2025-01-10,Sport,Facebook Ads,76.2
ZAM-2025-001395,2025-09-27,Elektronika,Sklep internetowy,438.37
ZAM-2025-011168,2025-06-25,Sport,Facebook Ads,144.68
ZAM-2025-011212,2025-06-02,Sport,Marketplace,190.17
ZAM-2025-013598,2025-11-27,Zabawki i prezenty,Sklep internetowy,69.05
ZAM-2025-009799,2025-12-18,Uroda,Sklep internetowy,103.7
ZAM-2025-005647,2025-04-08,Dom i ogród,Sklep internetowy,309.14
ZAM-2025-007957,2025-03-22,Uroda,Sklep internetowy,111.49
ZAM-2025-005881,2025-05-15,Dom i ogród,Sklep internetowy,161.94
ZAM-2025-010363,2025-02-17,Sport,Google Ads,311.74
ZAM-2025-004068,2025-09-12,Odzież,Facebook Ads,178.01
ZAM-2025-007121,2025-11-22,Dom i ogród,Marketplace,91.0
ZAM-2025-008354,2025-05-03,Uroda,Marketplace,44.98
ZAM-2025-012996,2025-08-24,Zabawki i prezenty,Google Ads,83.44
ZAM-2025-002375,2025-01-02,Odzież,Google Ads,105.92
ZAM-2025-008295,2025-04-24,Uroda,Google Ads,40.73
ZAM-2025-008772,2025-06-26,Uroda,Google Ads,75.07
ZAM-2025-010495,2025-02-27,Sport,Marketplace,189.33
ZAM-2025-008773,2025-06-21,Uroda,Marketplace,111.73
ZAM-2025-000030,2025-01-15,Elektronika,Sklep internetowy,565.81
ZAM-2025-002518,2025-02-24,Odzież,Sklep internetowy,189.31
ZAM-2025-012459,2025-01-26,Zabawki i prezenty,Sklep internetowy,53.06
ZAM-2025-011675,2025-08-14,Sport,Marketplace,81.57
ZAM-2025-001261,2025-09-12,Elektronika,Marketplace,505.95
ZAM-2025-001196,2025-08-20,Elektronika,Facebook Ads,232.26
ZAM-2025-007986,2025-03-29,Uroda,Sklep internetowy,97.38
ZAM-2025-001748,2025-11-03,Elektronika,Marketplace,331.97
ZAM-2025-006513,2025-07-04,Dom i ogród,Sklep internetowy,158.9
ZAM-2025-005814,2025-04-06,Dom i ogród,Sklep internetowy,122.73
ZAM-2025-011540,2025-07-17,Sport,Sklep internetowy,215.94
ZAM-2025-003529,2025-06-28,Odzież,Marketplace,189.46
ZAM-2025-000896,2025-06-05,Elektronika,Sklep internetowy,428.87
ZAM-2025-004832,2025-11-09,Odzież,Facebook Ads,174.37
ZAM-2025-009589,2025-11-02,Uroda,Marketplace,154.36
ZAM-2025-003479,2025-06-30,Odzież,Marketplace,203.86
ZAM-2025-008865,2025-07-14,Uroda,Google Ads,68.51
ZAM-2025-009508,2025-10-04,Uroda,Marketplace,87.47
ZAM-2025-008567,2025-05-16,Uroda,Sklep internetowy,105.22
ZAM-2025-005766,2025-04-17,Dom i ogród,Google Ads,85.6
ZAM-2025-002274,2025-01-18,Odzież,Sklep internetowy,133.4
ZAM-2025-009026,2025-08-30,Uroda,Facebook Ads,112.33
ZAM-2025-002214,2025-12-21,Elektronika,Facebook Ads,497.0
ZAM-2025-001942,2025-11-17,Elektronika,Google Ads,644.98
ZAM-2025-006701,2025-08-30,Dom i ogród,Facebook Ads,103.41
ZAM-2025-007761,2025-02-28,Uroda,Marketplace,95.61
ZAM-2025-008801,2025-07-02,Uroda,Sklep internetowy,58.62
ZAM-2025-011627,2025-08-15,Sport,Marketplace,158.0
ZAM-2025-008823,2025-07-01,Uroda,Sklep internetowy,131.11
ZAM-2025-005646,2025-04-07,Dom i ogród,Facebook Ads,261.99
ZAM-2025-011152,2025-05-12,Sport,Marketplace,184.72
ZAM-2025-010646,2025-03-24,Sport,Marketplace,231.91
ZAM-2025-002977,2025-04-07,Odzież,Marketplace,73.73
ZAM-2025-005970,2025-05-13,Dom i ogród,Google Ads,296.77
ZAM-2025-011876,2025-09-15,Sport,Marketplace,68.26
ZAM-2025-000747,2025-05-03,Elektronika,Facebook Ads,314.67
ZAM-2025-007948,2025-03-29,Uroda,Facebook Ads,94.16
ZAM-2025-011039,2025-05-15,Sport,Sklep internetowy,141.6
ZAM-2025-012111,2025-11-20,Sport,Marketplace,118.87
ZAM-2025-008203,2025-04-04,Uroda,Facebook Ads,72.65
ZAM-2025-009774,2025-11-25,Uroda,Google Ads,75.75
ZAM-2025-002391,2025-01-31,Odzież,Sklep internetowy,86.62
ZAM-2025-007851,2025-02-27,Uroda,Sklep internetowy,104.68
ZAM-2025-008037,2025-03-04,Uroda,Marketplace,132.23
ZAM-2025-001110,2025-08-11,Elektronika,Sklep internetowy,409.55
ZAM-2025-009580,2025-10-27,Uroda,Facebook Ads,110.25
ZAM-2025-010374,2025-02-11,Sport,Sklep internetowy,190.32
ZAM-2025-008289,2025-04-05,Uroda,Marketplace,136.42
ZAM-2025-009789,2025-11-18,Uroda,Google Ads,100.53
ZAM-2025-005368,2025-02-07,Dom i ogród,Marketplace,214.45
ZAM-2025-006043,2025-05-14,Dom i ogród,Marketplace,236.77
ZAM-2025-008467,2025-05-19,Uroda,Sklep internetowy,91.23
ZAM-2025-009717,2025-11-17,Uroda,Google Ads,99.48
ZAM-2025-003686,2025-07-30,Odzież,Google Ads,212.81
ZAM-2025-013051,2025-09-07,Zabawki i prezenty,Sklep internetowy,86.84
ZAM-2025-002600,2025-02-28,Odzież,Sklep internetowy,219.09
ZAM-2025-013434,2025-11-20,Zabawki i prezenty,Sklep internetowy,120.09
ZAM-2025-002237,2025-01-19,Odzież,Marketplace,261.43
ZAM-2025-006086,2025-05-16,Dom i ogród,Facebook Ads,109.52
ZAM-2025-006536,2025-07-22,Dom i ogród,Marketplace,186.05
ZAM-2025-009049,2025-08-24,Uroda,Marketplace,106.22
ZAM-2025-011725,2025-08-17,Sport,Sklep internetowy,222.26
ZAM-2025-008669,2025-06-15,Uroda,Marketplace,81.11
ZAM-2025-010682,2025-03-11,Sport,Marketplace,275.96
ZAM-2025-010323,2025-01-02,Sport,Marketplace,54.46
ZAM-2025-006802,2025-09-06,Dom i ogród,Marketplace,284.54
ZAM-2025-001790,2025-11-24,Elektronika,Sklep internetowy,247.14
ZAM-2025-000792,2025-06-09,Elektronika,Marketplace,287.19
ZAM-2025-005374,2025-02-06,Dom i ogród,Sklep internetowy,165.83
ZAM-2025-001861,2025-11-09,Elektronika,Marketplace,280.66
ZAM-2025-008441,2025-05-23,Uroda,Google Ads,68.48
ZAM-2025-001957,2025-12-21,Elektronika,Sklep internetowy,410.4
ZAM-2025-001061,2025-07-12,Elektronika,Marketplace,360.57
ZAM-2025-005262,2025-01-04,Dom i ogród,Marketplace,291.15
ZAM-2025-003251,2025-05-28,Odzież,Sklep internetowy,114.71
ZAM-2025-005774,2025-04-30,Dom i ogród,Google Ads,99.32
ZAM-2025-002480,2025-02-09,Odzież,Marketplace,151.0
ZAM-2025-011913,2025-09-24,Sport,Marketplace,169.25
ZAM-2025-010471,2025-02-28,Sport,Facebook Ads,187.86
ZAM-2025-001860,2025-11-16,Elektronika,Marketplace,400.8
ZAM-2025-000538,2025-04-22,Elektronika,Google Ads,417.03
ZAM-2025-002512,2025-02-10,Odzież,Sklep internetowy,128.8
ZAM-2025-014168,2025-12-05,Zabawki i prezenty,Sklep internetowy,94.64
ZAM-2025-009390,2025-10-13,Uroda,Facebook Ads,112.64
ZAM-2025-004813,2025-11-18,Odzież,Google Ads,159.68
ZAM-2025-012192,2025-11-17,Sport,Facebook Ads,157.9
ZAM-2025-010909,2025-04-01,Sport,Sklep internetowy,79.95
ZAM-2025-007002,2025-10-29,Dom i ogród,Facebook Ads,208.43
ZAM-2025-003042,2025-04-07,Odzież,Marketplace,119.61
ZAM-2025-005666,2025-04-11,Dom i ogród,Facebook Ads,224.83
ZAM-2025-001244,2025-08-03,Elektronika,Marketplace,304.38
ZAM-2025-009673,2025-11-05,Uroda,Sklep internetowy,107.02
ZAM-2025-011929,2025-09-23,Sport,Marketplace,261.71
ZAM-2025-003958,2025-08-14,Odzież,Sklep internetowy,255.15
ZAM-2025-003091,2025-04-09,Odzież,Google Ads,93.9
ZAM-2025-012308,2025-12-18,Sport,Facebook Ads,115.66
ZAM-2025-012191,2025-11-26,Sport,Sklep internetowy,191.37
ZAM-2025-007325,2025-12-24,Dom i ogród,Sklep internetowy,19
ZAM-2025-008401,2025-05-16,Uroda,Marketplace,127.15
ZAM-2025-009065,2025-08-07,Uroda,Google Ads,101.54
ZAM-2025-004164,2025-09-13,Odzież,Marketplace,175.73
ZAM-2025-004876,2025-12-17,Odzież,Sklep internetowy,124.36
ZAM-2025-002693,2025-03-02,Odzież,Marketplace,156.34
ZAM-2025-008849,2025-07-18,Uroda,Facebook Ads,81.97
ZAM-2025-010580,2025-03-16,Sport,Facebook Ads,112.72
ZAM-2025-004365,2025-10-30,Odzież,Facebook Ads,139.31
ZAM-2025-003109,2025-04-21,Odzież,Sklep internetowy,183.81
ZAM-2025-001454,2025-10-10,Elektronika,Sklep internetowy,368.16
ZAM-2025-003805,2025-07-11,Odzież,Sklep internetowy,65.12
ZAM-2025-010510,2025-02-26,Sport,Marketplace,233.05
ZAM-2025-014150,2025-12-25,Zabawki i prezenty,Marketplace,96.45
ZAM-2025-004671,2025-11-20,Odzież,Google Ads,86.87
ZAM-2025-011148,2025-05-03,Sport,Sklep internetowy,150.89
ZAM-2025-007060,2025-10-02,Dom i ogród,Marketplace,219.49
ZAM-2025-013192,2025-10-18,Zabawki i prezenty,Sklep internetowy,86.62
ZAM-2025-002771,2025-03-27,Odzież,Sklep internetowy,129.24
ZAM-2025-013542,2025-11-17,Zabawki i prezenty,Sklep internetowy,47.26
ZAM-2025-009720,2025-11-18,Uroda,Marketplace,77.02
ZAM-2025-002471,2025-02-11,Odzież,Sklep internetowy,115.95
ZAM-2025-011083,2025-05-28,Sport,Facebook Ads,136.73
ZAM-2025-005918,2025-05-25,Dom i ogród,Facebook Ads,301.36
ZAM-2025-000009,2025-01-02,Elektronika,Marketplace,303.83
ZAM-2025-006082,2025-05-22,Dom i ogród,Sklep internetowy,131.83
ZAM-2025-000445,2025-04-18,Elektronika,Facebook Ads,672.99
ZAM-2025-004583,2025-10-31,Odzież,Sklep internetowy,110.72
ZAM-2025-011089,2025-05-31,Sport,Sklep internetowy,145.76
ZAM-2025-005028,2025-12-27,Odzież,Sklep internetowy,146.5
ZAM-2025-006370,2025-07-22,Dom i ogród,Sklep internetowy,124.74
ZAM-2025-010307,2025-01-21,Sport,Sklep internetowy,186.49
ZAM-2025-010862,2025-04-04,Sport,Google Ads,73.44
ZAM-2025-000741,2025-05-06,Elektronika,Sklep internetowy,271.01
ZAM-2025-003345,2025-05-02,Odzież,Sklep internetowy,208.13
ZAM-2025-000253,2025-02-25,Elektronika,Marketplace,516.45
ZAM-2025-005671,2025-04-01,Dom i ogród,Marketplace,232.56
ZAM-2025-001711,2025-11-23,Elektronika,Sklep internetowy,404.55
ZAM-2025-013190,2025-10-12,Zabawki i prezenty,Marketplace,84.07
ZAM-2025-005445,2025-03-27,Dom i ogród,Marketplace,216.69
ZAM-2025-005893,2025-05-21,Dom i ogród,Sklep internetowy,72.43
ZAM-2025-008196,2025-04-09,Uroda,Google Ads,123.5
ZAM-2025-009058,2025-08-17,Uroda,Sklep internetowy,123.7
ZAM-2025-007660,2025-02-24,Uroda,Facebook Ads,87.44
ZAM-2025-006348,2025-06-28,Dom i ogród,Facebook Ads,318.17
ZAM-2025-014037,2025-12-30,Zabawki i prezenty,Marketplace,55.61
ZAM-2025-011615,2025-08-26,Sport,Marketplace,170.18
ZAM-2025-013657,2025-12-31,Zabawki i prezenty,Sklep internetowy,72.59
ZAM-2025-008831,2025-07-05,Uroda,Google Ads,107.25
ZAM-2025-005932,2025-05-24,Dom i ogród,Sklep internetowy,186.83
ZAM-2025-007555,2025-01-05,Uroda,Sklep internetowy,77.29
ZAM-2025-007300,2025-12-31,Dom i ogród,Facebook Ads,198.02
ZAM-2025-003419,2025-05-06,Odzież,Sklep internetowy,178.53
ZAM-2025-003320,2025-05-08,Odzież,Facebook Ads,178.58
ZAM-2025-006505,2025-07-12,Dom i ogród,Google Ads,225.26
ZAM-2025-012140,2025-11-28,Sport,Google Ads,201.2
ZAM-2025-002900,2025-04-16,Odzież,Facebook Ads,102.24
ZAM-2025-011424,2025-07-21,Sport,Marketplace,97.52
ZAM-2025-007465,2025-01-21,Uroda,Google Ads,35.24
ZAM-2025-007889,2025-03-07,Uroda,Marketplace,76.94
ZAM-2025-011778,2025-08-26,Sport,Sklep internetowy,167.81
ZAM-2025-001494,2025-10-03,Elektronika,Google Ads,596.89
ZAM-2025-003535,2025-06-10,Odzież,Sklep internetowy,117.16
ZAM-2025-000932,2025-07-14,Elektronika,Facebook Ads,276.99
ZAM-2025-011080,2025-05-10,Sport,Marketplace,184.35
ZAM-2025-008803,2025-07-27,Uroda,Sklep internetowy,143.88
ZAM-2025-007632,2025-02-26,Uroda,Sklep internetowy,87.03
ZAM-2025-008493,2025-05-02,Uroda,Facebook Ads,95.5
ZAM-2025-012422,2025-01-26,Zabawki i prezenty,Sklep internetowy,112.68
ZAM-2025-004870,2025-12-02,Odzież,Facebook Ads,134.28
ZAM-2025-012287,2025-12-12,Sport,Sklep internetowy,196.62
ZAM-2025-012823,2025-06-12,Zabawki i prezenty,Google Ads,68.12
ZAM-2025-001610,2025-10-04,Elektronika,Google Ads,525.16
ZAM-2025-006247,2025-06-18,Dom i ogród,Google Ads,250.24
ZAM-2025-011500,2025-07-13,Sport,Sklep internetowy,244.58
ZAM-2025-012080,2025-10-21,Sport,Google Ads,149.27
ZAM-2025-000646,2025-05-27,Elektronika,Marketplace,570.14
ZAM-2025-010993,2025-05-07,Sport,Facebook Ads,137.19
ZAM-2025-007129,2025-11-13,Dom i ogród,Sklep internetowy,188.94
ZAM-2025-006195,2025-06-14,Dom i ogród,Facebook Ads,209.77
ZAM-2025-010423,2025-02-09,Sport,Google Ads,126.33
ZAM-2025-003606,2025-06-18,Odzież,Sklep internetowy,183.32
ZAM-2025-001095,2025-08-02,Elektronika,Marketplace,297.93
ZAM-2025-005070,2025-12-26,Odzież,Google Ads,86.82
ZAM-2025-008734,2025-06-28,Uroda,Facebook Ads,42.24
ZAM-2025-004208,2025-09-03,Odzież,Marketplace,138.72
ZAM-2025-002315,2025-01-05,Odzież,Marketplace,180.24
ZAM-2025-011569,2025-07-08,Sport,Facebook Ads,211.34
ZAM-2025-007958,2025-03-22,Uroda,Sklep internetowy,104.51
ZAM-2025-007823,2025-02-28,Uroda,Marketplace,88.54
ZAM-2025-011334,2025-06-28,Sport,Sklep internetowy,146.0
ZAM-2025-007212,2025-11-08,Dom i ogród,Marketplace,178.35
ZAM-2025-005199,2025-01-29,Dom i ogród,Sklep internetowy,160.97
ZAM-2025-012842,2025-06-19,Zabawki i prezenty,Sklep internetowy,74.27
ZAM-2025-000475,2025-04-07,Elektronika,Google Ads,391.57
ZAM-2025-009813,2025-12-15,Uroda,Sklep internetowy,120.17
ZAM-2025-010208,2025-01-17,Sport,Google Ads,81.79
ZAM-2025-009484,2025-10-01,Uroda,Google Ads,145.02
ZAM-2025-009459,2025-10-06,Uroda,Google Ads,88.25
ZAM-2025-009013,2025-08-14,Uroda,Marketplace,98.38
ZAM-2025-011959,2025-09-25,Sport,Sklep internetowy,134.91
ZAM-2025-012141,2025-11-23,Sport,Sklep internetowy,137.7
ZAM-2025-007443,2025-01-26,Uroda,Marketplace,54.26
ZAM-2025-005049,2025-12-28,Odzież,Sklep internetowy,81.86
ZAM-2025-003667,2025-06-08,Odzież,Google Ads,135.85
ZAM-2025-009676,2025-11-24,Uroda,Facebook Ads,88.32
ZAM-2025-008848,2025-07-09,Uroda,Facebook Ads,140.42
ZAM-2025-007842,2025-02-01,Uroda,Sklep internetowy,65.39
ZAM-2025-002660,2025-03-18,Odzież,Google Ads,191.67
ZAM-2025-004449,2025-10-04,Odzież,Sklep internetowy,120.3
ZAM-2025-013946,2025-12-09,Zabawki i prezenty,Google Ads,97.89
ZAM-2025-013714,2025-12-29,Zabawki i prezenty,Google Ads,78.61
ZAM-2025-013466,2025-11-01,Zabawki i prezenty,Google Ads,110.22
ZAM-2025-007695,2025-02-02,Uroda,Sklep internetowy,120.72
ZAM-2025-005856,2025-05-26,Dom i ogród,Facebook Ads,147.77
ZAM-2025-012846,2025-06-12,Zabawki i prezenty,Sklep internetowy,87.85
ZAM-2025-012524,2025-02-13,Zabawki i prezenty,Marketplace,66.2
ZAM-2025-008683,2025-06-27,Uroda,Marketplace,83.41
ZAM-2025-009662,2025-11-01,Uroda,Sklep internetowy,90.53
ZAM-2025-008770,2025-06-01,Uroda,Sklep internetowy,19
ZAM-2025-007668,2025-02-12,Uroda,Sklep internetowy,165.33
ZAM-2025-001052,2025-07-16,Elektronika,Marketplace,391.71
ZAM-2025-006231,2025-06-11,Dom i ogród,Sklep internetowy,148.44
ZAM-2025-008073,2025-03-10,Uroda,Sklep internetowy,69.73
ZAM-2025-007354,2025-12-26,Dom i ogród,Facebook Ads,142.87
ZAM-2025-005359,2025-02-01,Dom i ogród,Sklep internetowy,219.32
ZAM-2025-004817,2025-11-22,Odzież,Sklep internetowy,137.1
ZAM-2025-013003,2025-08-28,Zabawki i prezenty,Google Ads,88.49
ZAM-2025-007681,2025-02-01,Uroda,Google Ads,119.33
ZAM-2025-012075,2025-10-04,Sport,Sklep internetowy,154.03
ZAM-2025-007413,2025-01-18,Uroda,Google Ads,132.36
ZAM-2025-000142,2025-02-09,Elektronika,Marketplace,253.08
ZAM-2025-013769,2025-12-28,Zabawki i prezenty,Sklep internetowy,50.56
ZAM-2025-001518,2025-10-16,Elektronika,Facebook Ads,28.37
ZAM-2025-008024,2025-03-08,Uroda,Sklep internetowy,81.81
ZAM-2025-001780,2025-11-01,Elektronika,Google Ads,176.54
ZAM-2025-008491,2025-05-28,Uroda,Sklep internetowy,61.25
ZAM-2025-011341,2025-06-20,Sport,Google Ads,177.76
ZAM-2025-002881,2025-03-05,Odzież,Facebook Ads,152.68
ZAM-2025-010459,2025-02-08,Sport,Facebook Ads,147.07
ZAM-2025-009428,2025-10-27,Uroda,Google Ads,103.33
ZAM-2025-007429,2025-01-24,Uroda,Marketplace,77.63
ZAM-2025-006989,2025-10-20,Dom i ogród,Sklep internetowy,138.01
ZAM-2025-000437,2025-04-01,Elektronika,Sklep internetowy,286.99
ZAM-2025-012320,2025-12-16,Sport,Marketplace,227.57
ZAM-2025-012750,2025-05-24,Zabawki i prezenty,Sklep internetowy,67.08
ZAM-2025-006979,2025-10-29,Dom i ogród,Facebook Ads,98.17
ZAM-2025-003009,2025-04-18,Odzież,Facebook Ads,28.12
ZAM-2025-008107,2025-04-16,Uroda,Facebook Ads,78.18
ZAM-2025-010239,2025-01-29,Sport,Sklep internetowy,187.07
ZAM-2025-001229,2025-08-09,Elektronika,Marketplace,290.07
ZAM-2025-002789,2025-03-05,Odzież,Sklep internetowy,96.68
ZAM-2025-002925,2025-04-08,Odzież,Facebook Ads,105.54
ZAM-2025-006081,2025-05-22,Dom i ogród,Facebook Ads,100.6
ZAM-2025-005035,2025-12-23,Odzież,Sklep internetowy,102.81
ZAM-2025-010244,2025-01-27,Sport,Google Ads,247.65
ZAM-2025-003422,2025-05-31,Odzież,Marketplace,33.45
ZAM-2025-012504,2025-02-05,Zabawki i prezenty,Marketplace,52.28
ZAM-2025-000849,2025-06-15,Elektronika,Marketplace,415.38
ZAM-2025-004961,2025-12-02,Odzież,Marketplace,219.83
ZAM-2025-013463,2025-11-22,Zabawki i prezenty,Facebook Ads,42.22
ZAM-2025-011637,2025-08-07,Sport,Marketplace,81.87
ZAM-2025-008658,2025-06-04,Uroda,Marketplace,75.0
ZAM-2025-000665,2025-05-19,Elektronika,Facebook Ads,629.43
ZAM-2025-003328,2025-05-12,Odzież,Sklep internetowy,159.14
ZAM-2025-003591,2025-06-04,Odzież,Google Ads,134.13
ZAM-2025-008670,2025-06-15,Uroda,Google Ads,118.42
ZAM-2025-000465,2025-04-03,Elektronika,Sklep internetowy,294.46
ZAM-2025-007009,2025-10-05,Dom i ogród,Sklep internetowy,201.15
ZAM-2025-013004,2025-08-27,Zabawki i prezenty,Marketplace,80.08
ZAM-2025-013256,2025-10-12,Zabawki i prezenty,Sklep internetowy,102.89
ZAM-2025-004589,2025-10-13,Odzież,Sklep internetowy,180.49
ZAM-2025-011804,2025-09-16,Sport,Marketplace,183.56
ZAM-2025-000555,2025-04-17,Elektronika,Google Ads,860.26
ZAM-2025-003442,2025-05-30,Odzież,Facebook Ads,167.78
ZAM-2025-009901,2025-12-09,Uroda,Marketplace,105.18
ZAM-2025-003346,2025-05-03,Odzież,Sklep internetowy,94.85
ZAM-2025-012018,2025-10-11,Sport,Marketplace,178.79
ZAM-2025-013793,2025-12-26,Zabawki i prezenty,Facebook Ads,64.47
ZAM-2025-001205,2025-08-05,Elektronika,Marketplace,453.68
ZAM-2025-013713,2025-12-24,Zabawki i prezenty,Sklep internetowy,87.88
ZAM-2025-007956,2025-03-15,Uroda,Sklep internetowy,62.98
ZAM-2025-011239,2025-06-20,Sport,Sklep internetowy,97.68
ZAM-2025-010595,2025-03-19,Sport,Facebook Ads,153.96
ZAM-2025-000577,2025-04-06,Elektronika,Sklep internetowy,403.07
ZAM-2025-000459,2025-04-30,Elektronika,Google Ads,584.99
ZAM-2025-010639,2025-03-07,Sport,Marketplace,161.89
ZAM-2025-007436,2025-01-26,Uroda,Marketplace,105.1
ZAM-2025-005417,2025-02-11,Dom i ogród,Facebook Ads,204.93
ZAM-2025-001617,2025-10-12,Elektronika,Marketplace,383.54
ZAM-2025-008818,2025-07-27,Uroda,Marketplace,44.34
ZAM-2025-011333,2025-06-08,Sport,Facebook Ads,199.52
ZAM-2025-006160,2025-06-14,Dom i ogród,Facebook Ads,203.89
ZAM-2025-001193,2025-08-18,Elektronika,Marketplace,491.04
ZAM-2025-009430,2025-10-31,Uroda,Sklep internetowy,63.07
ZAM-2025-000988,2025-07-14,Elektronika,Marketplace,407.97
ZAM-2025-003721,2025-07-15,Odzież,Google Ads,123.97
ZAM-2025-013695,2025-12-08,Zabawki i prezenty,Google Ads,63.34
ZAM-2025-005980,2025-05-01,Dom i ogród,Marketplace,206.85
ZAM-2025-013469,2025-11-01,Zabawki i prezenty,Sklep internetowy,83.09
ZAM-2025-008146,2025-04-20,Uroda,Marketplace,109.23
ZAM-2025-000153,2025-02-18,Elektronika,Marketplace,457.01
ZAM-2025-004467,2025-10-30,Odzież,Marketplace,176.53
ZAM-2025-000150,2025-02-07,Elektronika,Marketplace,403.78
ZAM-2025-001626,2025-11-28,Elektronika,Sklep internetowy,261.79
ZAM-2025-006444,2025-07-15,Dom i ogród,Facebook Ads,208.3
ZAM-2025-004136,2025-09-12,Odzież,Google Ads,172.76
ZAM-2025-004595,2025-10-10,Odzież,Google Ads,123.78
ZAM-2025-000940,2025-07-24,Elektronika,Marketplace,500.62
ZAM-2025-006048,2025-05-03,Dom i ogród,Sklep internetowy,186.85
ZAM-2025-002331,2025-01-23,Odzież,Sklep internetowy,108.52
ZAM-2025-006292,2025-06-14,Dom i ogród,Sklep internetowy,224.16
ZAM-2025-008541,2025-05-13,Uroda,Marketplace,117.34
ZAM-2025-007258,2025-12-15,Dom i ogród,Facebook Ads,259.52
ZAM-2025-003058,2025-04-02,Odzież,Sklep internetowy,157.3
ZAM-2025-005152,2025-12-04,Odzież,Marketplace,188.84
ZAM-2025-002113,2025-12-01,Elektronika,Google Ads,441.7
ZAM-2025-003647,2025-06-17,Odzież,Facebook Ads,119.6
ZAM-2025-007835,2025-02-01,Uroda,Facebook Ads,73.57
ZAM-2025-004493,2025-10-12,Odzież,Sklep internetowy,169.61
ZAM-2025-014076,2025-12-03,Zabawki i prezenty,Sklep internetowy,74.91
ZAM-2025-006537,2025-07-21,Dom i ogród,Sklep internetowy,172.9
ZAM-2025-011516,2025-07-09,Sport,Facebook Ads,119.53
ZAM-2025-010009,2025-12-18,Uroda,Google Ads,35.15
ZAM-2025-008552,2025-05-08,Uroda,Marketplace,73.97
ZAM-2025-013273,2025-11-25,Zabawki i prezenty,Marketplace,61.35
ZAM-2025-003549,2025-06-10,Odzież,Facebook Ads,211.4
ZAM-2025-007709,2025-02-25,Uroda,Facebook Ads,107.85
ZAM-2025-002076,2025-12-27,Elektronika,Facebook Ads,329.69
ZAM-2025-010917,2025-04-05,Sport,Marketplace,151.24
ZAM-2025-000693,2025-05-18,Elektronika,Marketplace,217.69
ZAM-2025-004094,2025-09-03,Odzież,Sklep internetowy,94.74
ZAM-2025-007387,2025-12-23,Dom i ogród,Marketplace,328.97
ZAM-2025-005933,2025-05-27,Dom i ogród,Facebook Ads,39.64
ZAM-2025-013360,2025-11-30,Zabawki i prezenty,Sklep internetowy,113.13
ZAM-2025-009198,2025-09-01,Uroda,Sklep internetowy,117.77
ZAM-2025-009920,2025-12-13,Uroda,Facebook Ads,93.98
ZAM-2025-007570,2025-01-22,Uroda,Sklep internetowy,53.62
ZAM-2025-013447,2025-11-29,Zabawki i prezenty,Marketplace,60.59
ZAM-2025-012400,2025-01-06,Zabawki i prezenty,Sklep internetowy,50.68
ZAM-2025-011808,2025-09-30,Sport,Google Ads,272.82
ZAM-2025-011476,2025-07-02,Sport,Marketplace,231.1
ZAM-2025-011318,2025-06-10,Sport,Facebook Ads,197.13
ZAM-2025-000238,2025-02-18,Elektronika,Sklep internetowy,461.49
ZAM-2025-002996,2025-04-21,Odzież,Marketplace,121.48
ZAM-2025-013168,2025-10-26,Zabawki i prezenty,Sklep internetowy,87.57
ZAM-2025-014115,2025-12-20,Zabawki i prezenty,Sklep internetowy,38.98
ZAM-2025-002086,2025-12-28,Elektronika,Google Ads,459.69
ZAM-2025-007219,2025-11-30,Dom i ogród,Facebook Ads,95.71
ZAM-2025-013473,2025-11-27,Zabawki i prezenty,Sklep internetowy,45.72
ZAM-2025-009971,2025-12-04,Uroda,Marketplace,148.52
ZAM-2025-006869,2025-09-17,Dom i ogród,Marketplace,67.79
ZAM-2025-012993,2025-08-01,Zabawki i prezenty,Facebook Ads,90.55
ZAM-2025-001319,2025-09-08,Elektronika,Marketplace,476.8
ZAM-2025-001997,2025-12-29,Elektronika,Google Ads,414.79
ZAM-2025-012352,2025-12-02,Sport,Facebook Ads,210.21
ZAM-2025-000632,2025-05-21,Elektronika,Sklep internetowy,465.54
ZAM-2025-007017,2025-10-14,Dom i ogród,Sklep internetowy,198.79
ZAM-2025-006030,2025-05-17,Dom i ogród,Sklep internetowy,94.6
ZAM-2025-008731,2025-06-28,Uroda,Sklep internetowy,91.17
ZAM-2025-006906,2025-09-11,Dom i ogród,Sklep internetowy,274.03
ZAM-2025-001820,2025-11-17,Elektronika,Facebook Ads,379.22
ZAM-2025-007946,2025-03-14,Uroda,Sklep internetowy,123.52
ZAM-2025-009938,2025-12-12,Uroda,Sklep internetowy,76.18
ZAM-2025-004298,2025-09-23,Odzież,Marketplace,125.35
ZAM-2025-011156,2025-05-02,Sport,Sklep internetowy,82.64
ZAM-2025-010493,2025-02-09,Sport,Marketplace,236.78
ZAM-2025-000795,2025-06-08,Elektronika,Sklep internetowy,499.24
ZAM-2025-012731,2025-05-07,Zabawki i prezenty,Sklep internetowy,70.52
ZAM-2025-010943,2025-04-15,Sport,Google Ads,148.25
ZAM-2025-013225,2025-10-31,Zabawki i prezenty,Google Ads,44.03
ZAM-2025-002553,2025-02-15,Odzież,Sklep internetowy,199.77
ZAM-2025-009904,2025-12-18,Uroda,Sklep internetowy,118.21
ZAM-2025-012242,2025-12-13,Sport,Facebook Ads,115.94
ZAM-2025-012881,2025-07-26,Zabawki i prezenty,Facebook Ads,82.05
ZAM-2025-003658,2025-06-28,Odzież,Facebook Ads,225.13
ZAM-2025-005598,2025-04-12,Dom i ogród,Marketplace,253.62
ZAM-2025-006574,2025-07-24,Dom i ogród,Marketplace,212.47
ZAM-2025-004188,2025-09-14,Odzież,Marketplace,63.31
ZAM-2025-005655,2025-04-25,Dom i ogród,Marketplace,188.45
ZAM-2025-009778,2025-11-08,Uroda,Sklep internetowy,103.25
ZAM-2025-000523,2025-04-13,Elektronika,Google Ads,356.4
ZAM-2025-004669,2025-11-08,Odzież,Facebook Ads,107.47
ZAM-2025-002561,2025-02-02,Odzież,Marketplace,19
ZAM-2025-013882,2025-12-30,Zabawki i prezenty,Google Ads,99.28
ZAM-2025-003760,2025-07-24,Odzież,Marketplace,61.91
ZAM-2025-007064,2025-10-02,Dom i ogród,Facebook Ads,143.27
ZAM-2025-009826,2025-12-03,Uroda,Google Ads,105.89
ZAM-2025-011402,2025-07-08,Sport,Sklep internetowy,117.62
ZAM-2025-006896,2025-09-28,Dom i ogród,Marketplace,155.15
ZAM-2025-011410,2025-07-19,Sport,Sklep internetowy,106.25
ZAM-2025-008244,2025-04-20,Uroda,Sklep internetowy,111.25
ZAM-2025-006065,2025-05-14,Dom i ogród,Google Ads,144.57
ZAM-2025-008737,2025-06-28,Uroda,Sklep internetowy,135.27
ZAM-2025-008708,2025-06-17,Uroda,Google Ads,112.67
ZAM-2025-006250,2025-06-06,Dom i ogród,Facebook Ads,158.35
ZAM-2025-009765,2025-11-05,Uroda,Facebook Ads,141.21
ZAM-2025-010003,2025-12-20,Uroda,Marketplace,99.0
ZAM-2025-004685,2025-11-03,Odzież,Facebook Ads,150.6
ZAM-2025-006235,2025-06-25,Dom i ogród,Facebook Ads,86.66
ZAM-2025-004698,2025-11-25,Odzież,Sklep internetowy,84.21
ZAM-2025-008940,2025-07-18,Uroda,Facebook Ads,128.53
ZAM-2025-003917,2025-08-18,Odzież,Google Ads,19
ZAM-2025-002023,2025-12-03,Elektronika,Facebook Ads,347.38
ZAM-2025-008607,2025-06-15,Uroda,Sklep internetowy,64.33
ZAM-2025-009883,2025-12-10,Uroda,Facebook Ads,111.0
ZAM-2025-011767,2025-08-01,Sport,Sklep internetowy,220.32
ZAM-2025-002984,2025-04-14,Odzież,Marketplace,97.84
ZAM-2025-005620,2025-04-05,Dom i ogród,Facebook Ads,148.75
ZAM-2025-000803,2025-06-10,Elektronika,Marketplace,491.48
ZAM-2025-003468,2025-05-23,Odzież,Sklep internetowy,139.18
ZAM-2025-011437,2025-07-29,Sport,Facebook Ads,148.15
ZAM-2025-010556,2025-03-06,Sport,Sklep internetowy,172.49
ZAM-2025-004021,2025-08-23,Odzież,Sklep internetowy,191.23
ZAM-2025-011578,2025-07-29,Sport,Sklep internetowy,148.51
ZAM-2025-000141,2025-01-09,Elektronika,Sklep internetowy,488.78
ZAM-2025-008882,2025-07-31,Uroda,Google Ads,112.51
ZAM-2025-012855,2025-06-13,Zabawki i prezenty,Marketplace,106.54
ZAM-2025-010465,2025-02-10,Sport,Facebook Ads,156.33
ZAM-2025-012051,2025-10-15,Sport,Facebook Ads,256.8
ZAM-2025-000353,2025-03-14,Elektronika,Marketplace,605.05
ZAM-2025-011755,2025-08-13,Sport,Sklep internetowy,76.44
ZAM-2025-006339,2025-06-24,Dom i ogród,Google Ads,95.33
ZAM-2025-010175,2025-01-09,Sport,Marketplace,83.16
ZAM-2025-000995,2025-07-27,Elektronika,Sklep internetowy,416.79
ZAM-2025-001983,2025-12-18,Elektronika,Sklep internetowy,597.04
ZAM-2025-010302,2025-01-30,Sport,Facebook Ads,198.93
ZAM-2025-003710,2025-07-16,Odzież,Marketplace,163.24
ZAM-2025-010015,2025-12-01,Uroda,Facebook Ads,92.52
ZAM-2025-012953,2025-08-18,Zabawki i prezenty,Sklep internetowy,78.21
ZAM-2025-010165,2025-01-06,Sport,Facebook Ads,138.3
ZAM-2025-008575,2025-06-19,Uroda,Google Ads,67.87
ZAM-2025-012059,2025-10-27,Sport,Google Ads,119.92
ZAM-2025-001408,2025-09-27,Elektronika,Marketplace,632.58
ZAM-2025-011551,2025-07-22,Sport,Marketplace,199.74
ZAM-2025-011421,2025-07-24,Sport,Marketplace,235.87
ZAM-2025-010366,2025-02-08,Sport,Sklep internetowy,199.89
ZAM-2025-000211,2025-02-09,Elektronika,Sklep internetowy,559.57
ZAM-2025-003926,2025-08-28,Odzież,Sklep internetowy,187.61
ZAM-2025-007847,2025-02-09,Uroda,Sklep internetowy,128.12
ZAM-2025-004089,2025-09-08,Odzież,Sklep internetowy,175.86
ZAM-2025-005549,2025-03-29,Dom i ogród,Facebook Ads,216.84
ZAM-2025-005628,2025-04-02,Dom i ogród,Facebook Ads,191.57
ZAM-2025-008577,2025-06-02,Uroda,Sklep internetowy,73.52
ZAM-2025-006794,2025-09-18,Dom i ogród,Sklep internetowy,322.01
ZAM-2025-005825,2025-04-11,Dom i ogród,Marketplace,159.32
ZAM-2025-010099,2025-01-17,Sport,Facebook Ads,71.23
ZAM-2025-011298,2025-06-25,Sport,Sklep internetowy,151.41
ZAM-2025-006075,2025-05-31,Dom i ogród,Sklep internetowy,119.76
ZAM-2025-013622,2025-11-14,Zabawki i prezenty,Marketplace,63.63
ZAM-2025-012431,2025-01-14,Zabawki i prezenty,Marketplace,83.41
ZAM-2025-003967,2025-08-14,Odzież,Sklep internetowy,94.6
ZAM-2025-000258,2025-02-27,Elektronika,Facebook Ads,711.73
ZAM-2025-004091,2025-09-17,Odzież,Google Ads,127.14
ZAM-2025-004566,2025-10-18,Odzież,Sklep internetowy,157.4
ZAM-2025-006857,2025-09-22,Dom i ogród,Facebook Ads,139.28
ZAM-2025-003802,2025-07-26,Odzież,Sklep internetowy,105.68
ZAM-2025-012541,2025-03-25,Zabawki i prezenty,Sklep internetowy,35.44
ZAM-2025-009378,2025-10-27,Uroda,Facebook Ads,140.34
ZAM-2025-009776,2025-11-15,Uroda,Facebook Ads,98.51
ZAM-2025-008792,2025-07-25,Uroda,Marketplace,82.52
ZAM-2025-013304,2025-11-21,Zabawki i prezenty,Marketplace,50.0
ZAM-2025-007227,2025-11-16,Dom i ogród,Sklep internetowy,293.23
ZAM-2025-004765,2025-11-23,Odzież,Sklep internetowy,140.94
ZAM-2025-000130,2025-01-30,Elektronika,Facebook Ads,751.17
ZAM-2025-003921,2025-08-10,Odzież,Sklep internetowy,264.68
ZAM-2025-013267,2025-11-08,Zabawki i prezenty,Sklep internetowy,62.49
ZAM-2025-009876,2025-12-14,Uroda,Marketplace,109.72
ZAM-2025-006005,2025-05-01,Dom i ogród,Google Ads,331.33
ZAM-2025-012812,2025-06-18,Zabawki i prezenty,Facebook Ads,70.11
ZAM-2025-007625,2025-02-20,Uroda,Marketplace,96.47
ZAM-2025-007281,2025-12-03,Dom i ogród,Marketplace,164.37
ZAM-2025-000045,2025-01-23,Elektronika,Facebook Ads,615.89
ZAM-2025-000168,2025-02-21,Elektronika,Sklep internetowy,434.7
ZAM-2025-011383,2025-07-23,Sport,Sklep internetowy,176.96
ZAM-2025-010657,2025-03-27,Sport,Sklep internetowy,147.33
ZAM-2025-010875,2025-04-22,Sport,Marketplace,131.52
ZAM-2025-004192,2025-09-09,Odzież,Google Ads,199.07
ZAM-2025-007038,2025-10-06,Dom i ogród,Google Ads,45.59
ZAM-2025-000087,2025-01-19,Elektronika,Sklep internetowy,607.71
ZAM-2025-012769,2025-05-25,Zabawki i prezenty,Facebook Ads,94.09
ZAM-2025-007702,2025-02-17,Uroda,Facebook Ads,60.27
ZAM-2025-005547,2025-03-17,Dom i ogród,Facebook Ads,184.05
ZAM-2025-008131,2025-04-17,Uroda,Marketplace,20.01
ZAM-2025-011979,2025-10-01,Sport,Marketplace,197.9
ZAM-2025-001995,2025-12-23,Elektronika,Sklep internetowy,140.17
ZAM-2025-000950,2025-07-21,Elektronika,Sklep internetowy,570.65
ZAM-2025-004651,2025-11-05,Odzież,Facebook Ads,145.91
ZAM-2025-008645,2025-06-08,Uroda,Sklep internetowy,75.11
ZAM-2025-005415,2025-02-03,Dom i ogród,Marketplace,238.4
ZAM-2025-007516,2025-01-23,Uroda,Sklep internetowy,125.49
ZAM-2025-000283,2025-03-22,Elektronika,Google Ads,571.61
ZAM-2025-010375,2025-02-26,Sport,Facebook Ads,283.41
ZAM-2025-002957,2025-04-29,Odzież,Sklep internetowy,162.41
ZAM-2025-011728,2025-08-10,Sport,Marketplace,114.19
ZAM-2025-006780,2025-09-24,Dom i ogród,Marketplace,188.42
ZAM-2025-008497,2025-05-22,Uroda,Google Ads,87.09
ZAM-2025-001330,2025-09-07,Elektronika,Sklep internetowy,347.25
ZAM-2025-000330,2025-03-08,Elektronika,Sklep internetowy,278.97
ZAM-2025-001869,2025-11-16,Elektronika,Google Ads,249.2
ZAM-2025-012985,2025-08-22,Zabawki i prezenty,Marketplace,90.9
ZAM-2025-005649,2025-04-12,Dom i ogród,Marketplace,124.47
ZAM-2025-005903,2025-05-04,Dom i ogród,Google Ads,181.33
ZAM-2025-008500,2025-05-10,Uroda,Google Ads,95.13
ZAM-2025-009630,2025-11-19,Uroda,Google Ads,60.78
ZAM-2025-000942,2025-07-14,Elektronika,Marketplace,444.73
ZAM-2025-006237,2025-06-06,Dom i ogród,Marketplace,172.93
ZAM-2025-009224,2025-09-20,Uroda,Sklep internetowy,88.99
ZAM-2025-010043,2025-12-15,Uroda,Marketplace,86.47
ZAM-2025-013365,2025-11-10,Zabawki i prezenty,Sklep internetowy,86.7
ZAM-2025-001841,2025-11-25,Elektronika,Facebook Ads,518.53
ZAM-2025-010331,2025-01-12,Sport,Marketplace,211.66
ZAM-2025-000467,2025-04-30,Elektronika,Facebook Ads,600.2
ZAM-2025-013637,2025-11-21,Zabawki i prezenty,Facebook Ads,92.04
ZAM-2025-004060,2025-09-22,Odzież,Sklep internetowy,213.22
ZAM-2025-006244,2025-06-16,Dom i ogród,Sklep internetowy,162.25
ZAM-2025-013796,2025-12-15,Zabawki i prezenty,Sklep internetowy,97.89
ZAM-2025-009823,2025-12-16,Uroda,Facebook Ads,48.52
ZAM-2025-003650,2025-06-10,Odzież,Marketplace,135.7
ZAM-2025-007154,2025-11-05,Dom i ogród,Facebook Ads,148.87
ZAM-2025-008060,2025-03-22,Uroda,Sklep internetowy,121.93
ZAM-2025-003057,2025-04-16,Odzież,Marketplace,83.11
ZAM-2025-001223,2025-08-17,Elektronika,Sklep internetowy,182.7
ZAM-2025-004598,2025-10-10,Odzież,Sklep internetowy,236.19
ZAM-2025-007691,2025-02-08,Uroda,Sklep internetowy,71.95
ZAM-2025-005597,2025-04-25,Dom i ogród,Sklep internetowy,191.36
ZAM-2025-003371,2025-05-21,Odzież,Sklep internetowy,211.06
ZAM-2025-005926,2025-05-11,Dom i ogród,Sklep internetowy,208.22
ZAM-2025-013902,2025-12-04,Zabawki i prezenty,Google Ads,79.28
ZAM-2025-001938,2025-11-03,Elektronika,Facebook Ads,504.28
ZAM-2025-010966,2025-05-23,Sport,Sklep internetowy,138.49
ZAM-2025-004457,2025-10-09,Odzież,Sklep internetowy,154.8
ZAM-2025-002481,2025-02-21,Odzież,Sklep internetowy,156.8
ZAM-2025-010769,2025-04-15,Sport,Facebook Ads,201.73
ZAM-2025-011189,2025-06-26,Sport,Sklep internetowy,143.25
ZAM-2025-003114,2025-04-23,Odzież,Facebook Ads,49.72
ZAM-2025-004707,2025-11-07,Odzież,Sklep internetowy,91.7
ZAM-2025-008054,2025-03-14,Uroda,Sklep internetowy,107.38
ZAM-2025-011124,2025-05-27,Sport,Google Ads,178.75
ZAM-2025-013792,2025-12-30,Zabawki i prezenty,Sklep internetowy,50.74
ZAM-2025-006948,2025-09-18,Dom i ogród,Marketplace,268.79
ZAM-2025-003137,2025-04-13,Odzież,Facebook Ads,150.93
ZAM-2025-004544,2025-10-26,Odzież,Google Ads,208.0
ZAM-2025-004063,2025-09-13,Odzież,Facebook Ads,154.74
ZAM-2025-002562,2025-02-19,Odzież,Facebook Ads,129.74
ZAM-2025-008377,2025-05-26,Uroda,Marketplace,23.15
ZAM-2025-005783,2025-04-02,Dom i ogród,Sklep internetowy,201.26
ZAM-2025-006872,2025-09-09,Dom i ogród,Facebook Ads,163.32
ZAM-2025-002854,2025-03-26,Odzież,Facebook Ads,95.64
ZAM-2025-011262,2025-06-24,Sport,Facebook Ads,91.56
ZAM-2025-007112,2025-11-04,Dom i ogród,Google Ads,221.99
ZAM-2025-006245,2025-06-16,Dom i ogród,Sklep internetowy,215.5
ZAM-2025-008159,2025-04-22,Uroda,Google Ads,52.16
ZAM-2025-010400,2025-02-26,Sport,Google Ads,154.09
ZAM-2025-004128,2025-09-22,Odzież,Facebook Ads,43.32
ZAM-2025-010953,2025-05-15,Sport,Marketplace,75.21
ZAM-2025-008426,2025-05-03,Uroda,Marketplace,95.43
ZAM-2025-000369,2025-03-31,Elektronika,Sklep internetowy,703.29
ZAM-2025-002730,2025-03-10,Odzież,Facebook Ads,81.19
ZAM-2025-002602,2025-02-15,Odzież,Google Ads,58.8
ZAM-2025-003286,2025-05-22,Odzież,Google Ads,157.26
ZAM-2025-007200,2025-11-22,Dom i ogród,Sklep internetowy,168.09
ZAM-2025-002336,2025-01-26,Odzież,Sklep internetowy,88.91
ZAM-2025-008363,2025-05-02,Uroda,Sklep internetowy,83.63
ZAM-2025-008943,2025-07-21,Uroda,Facebook Ads,91.79
ZAM-2025-007797,2025-02-09,Uroda,Sklep internetowy,71.01
ZAM-2025-002634,2025-03-22,Odzież,Facebook Ads,127.27
ZAM-2025-007811,2025-02-01,Uroda,Sklep internetowy,31.26
ZAM-2025-014077,2025-12-19,Zabawki i prezenty,Marketplace,114.78
ZAM-2025-006935,2025-09-17,Dom i ogród,Google Ads,200.58
ZAM-2025-013529,2025-11-23,Zabawki i prezenty,Marketplace,52.29
ZAM-2025-002752,2025-03-27,Odzież,Facebook Ads,103.31
ZAM-2025-007913,2025-03-19,Uroda,Google Ads,67.19
ZAM-2025-003367,2025-05-15,Odzież,Sklep internetowy,144.07
ZAM-2025-009113,2025-08-29,Uroda,Facebook Ads,96.09
ZAM-2025-001702,2025-11-25,Elektronika,Sklep internetowy,212.03
ZAM-2025-011023,2025-05-31,Sport,Sklep internetowy,146.47
ZAM-2025-012456,2025-01-29,Zabawki i prezenty,Sklep internetowy,50.77
ZAM-2025-004903,2025-12-25,Odzież,Sklep internetowy,125.18
ZAM-2025-001332,2025-09-27,Elektronika,Sklep internetowy,199.91
ZAM-2025-005805,2025-04-27,Dom i ogród,Sklep internetowy,208.47
ZAM-2025-005794,2025-04-12,Dom i ogród,Sklep internetowy,187.45
ZAM-2025-011607,2025-08-08,Sport,Sklep internetowy,249.36
ZAM-2025-000321,2025-03-14,Elektronika,Sklep internetowy,715.67
ZAM-2025-000299,2025-03-11,Elektronika,Sklep internetowy,166.83
ZAM-2025-001803,2025-11-11,Elektronika,Sklep internetowy,628.5
ZAM-2025-010211,2025-01-04,Sport,Sklep internetowy,132.95
ZAM-2025-005033,2025-12-22,Odzież,Sklep internetowy,140.68
ZAM-2025-011815,2025-09-02,Sport,Facebook Ads,178.39
ZAM-2025-010890,2025-04-24,Sport,Marketplace,82.31
ZAM-2025-007127,2025-11-05,Dom i ogród,Facebook Ads,195.6
ZAM-2025-000355,2025-03-19,Elektronika,Sklep internetowy,497.04
ZAM-2025-007098,2025-11-22,Dom i ogród,Google Ads,184.55
ZAM-2025-011234,2025-06-14,Sport,Sklep internetowy,233.56
ZAM-2025-008906,2025-07-11,Uroda,Sklep internetowy,107.03
ZAM-2025-001525,2025-10-07,Elektronika,Sklep internetowy,393.77
ZAM-2025-007784,2025-02-17,Uroda,Facebook Ads,74.61
ZAM-2025-004873,2025-12-02,Odzież,Sklep internetowy,108.75
ZAM-2025-005021,2025-12-16,Odzież,Sklep internetowy,82.98
ZAM-2025-011371,2025-06-14,Sport,Sklep internetowy,113.73
ZAM-2025-006734,2025-08-24,Dom i ogród,Marketplace,179.86
ZAM-2025-008687,2025-06-22,Uroda,Marketplace,128.29
ZAM-2025-011335,2025-06-27,Sport,Sklep internetowy,209.17
ZAM-2025-003929,2025-08-17,Odzież,Sklep internetowy,165.41
ZAM-2025-005150,2025-12-11,Odzież,Sklep internetowy,188.13
ZAM-2025-004198,2025-09-17,Odzież,Sklep internetowy,133.61
ZAM-2025-007181,2025-11-30,Dom i ogród,Sklep internetowy,126.42
ZAM-2025-013464,2025-11-11,Zabawki i prezenty,Google Ads,110.61
ZAM-2025-004129,2025-09-06,Odzież,Marketplace,111.65
ZAM-2025-004826,2025-11-25,Odzież,Sklep internetowy,126.61
ZAM-2025-001770,2025-11-08,Elektronika,Google Ads,290.38
ZAM-2025-001558,2025-10-14,Elektronika,Facebook Ads,423.93
ZAM-2025-000220,2025-02-28,Elektronika,Marketplace,522.1
ZAM-2025-008157,2025-04-29,Uroda,Marketplace,76.19
ZAM-2025-010315,2025-01-13,Sport,Sklep internetowy,157.23
ZAM-2025-003228,2025-05-05,Odzież,Marketplace,220.78
ZAM-2025-012484,2025-02-10,Zabawki i prezenty,Sklep internetowy,37.36
ZAM-2025-012960,2025-08-20,Zabawki i prezenty,Marketplace,89.68
ZAM-2025-002923,2025-04-10,Odzież,Sklep internetowy,95.17
ZAM-2025-005053,2025-12-06,Odzież,Marketplace,56.51
ZAM-2025-003828,2025-07-20,Odzież,Facebook Ads,122.52
ZAM-2025-009393,2025-10-24,Uroda,Sklep internetowy,85.49
ZAM-2025-001816,2025-11-28,Elektronika,Sklep internetowy,287.52
ZAM-2025-012118,2025-11-24,Sport,Sklep internetowy,126.8
ZAM-2025-003858,2025-08-20,Odzież,Sklep internetowy,156.42
ZAM-2025-002218,2025-12-09,Elektronika,Marketplace,369.35
ZAM-2025-005577,2025-03-26,Dom i ogród,Sklep internetowy,238.4
ZAM-2025-010270,2025-01-17,Sport,Sklep internetowy,145.66
ZAM-2025-012369,2025-12-28,Sport,Facebook Ads,86.69
ZAM-2025-008763,2025-06-23,Uroda,Facebook Ads,49.23
ZAM-2025-003326,2025-05-12,Odzież,Marketplace,145.51
ZAM-2025-007175,2025-11-08,Dom i ogród,Facebook Ads,253.09
ZAM-2025-010254,2025-01-10,Sport,Sklep internetowy,145.44
ZAM-2025-006445,2025-07-28,Dom i ogród,Marketplace,310.81
ZAM-2025-002774,2025-03-25,Odzież,Sklep internetowy,115.18
ZAM-2025-008928,2025-07-12,Uroda,Marketplace,80.6
ZAM-2025-007450,2025-01-12,Uroda,Sklep internetowy,109.01
ZAM-2025-000892,2025-06-04,Elektronika,Marketplace,280.63
ZAM-2025-014093,2025-12-13,Zabawki i prezenty,Facebook Ads,27.13
ZAM-2025-005630,2025-04-23,Dom i ogród,Marketplace,287.64
ZAM-2025-002840,2025-03-11,Odzież,Facebook Ads,121.61
ZAM-2025-008296,2025-04-05,Uroda,Marketplace,21.85
ZAM-2025-006631,2025-08-19,Dom i ogród,Sklep internetowy,112.21
ZAM-2025-001980,2025-12-12,Elektronika,Marketplace,478.68
ZAM-2025-013878,2025-12-22,Zabawki i prezenty,Marketplace,80.18
ZAM-2025-000456,2025-04-07,Elektronika,Google Ads,668.58
ZAM-2025-010746,2025-03-10,Sport,Facebook Ads,173.23
ZAM-2025-009478,2025-10-29,Uroda,Sklep internetowy,77.68
ZAM-2025-004793,2025-11-21,Odzież,Sklep internetowy,154.9
ZAM-2025-011671,2025-08-15,Sport,Google Ads,40.16
ZAM-2025-008485,2025-05-20,Uroda,Sklep internetowy,94.53
ZAM-2025-007370,2025-12-10,Dom i ogród,Sklep internetowy,117.86
ZAM-2025-006323,2025-06-26,Dom i ogród,Sklep internetowy,68.29
ZAM-2025-000861,2025-06-01,Elektronika,Facebook Ads,410.48
ZAM-2025-008025,2025-03-21,Uroda,Sklep internetowy,91.93
ZAM-2025-000084,2025-01-24,Elektronika,Sklep internetowy,247.44
ZAM-2025-007023,2025-10-27,Dom i ogród,Facebook Ads,155.9
ZAM-2025-007952,2025-03-05,Uroda,Sklep internetowy,108.9
ZAM-2025-003454,2025-05-20,Odzież,Google Ads,93.04
ZAM-2025-011605,2025-08-19,Sport,Facebook Ads,138.75
ZAM-2025-004282,2025-09-08,Odzież,Sklep internetowy,159.19
ZAM-2025-000726,2025-05-04,Elektronika,Sklep internetowy,642.82
ZAM-2025-006303,2025-06-22,Dom i ogród,Google Ads,344.87
ZAM-2025-006764,2025-08-28,Dom i ogród,Marketplace,178.05
ZAM-2025-011454,2025-07-15,Sport,Sklep internetowy,164.55
ZAM-2025-001867,2025-11-15,Elektronika,Sklep internetowy,510.44
ZAM-2025-008852,2025-07-07,Uroda,Sklep internetowy,115.14
ZAM-2025-011196,2025-06-22,Sport,Google Ads,127.92
ZAM-2025-008597,2025-06-07,Uroda,Sklep internetowy,96.14
ZAM-2025-002670,2025-03-05,Odzież,Sklep internetowy,156.12
ZAM-2025-003178,2025-04-03,Odzież,Marketplace,84.78
ZAM-2025-000377,2025-03-04,Elektronika,Facebook Ads,618.48
ZAM-2025-013725,2025-12-02,Zabawki i prezenty,Sklep internetowy,88.45
ZAM-2025-002194,2025-12-09,Elektronika,Sklep internetowy,601.55
ZAM-2025-014120,2025-12-28,Zabawki i prezenty,Sklep internetowy,73.29
ZAM-2025-006871,2025-09-26,Dom i ogród,Sklep internetowy,102.6
ZAM-2025-010952,2025-05-14,Sport,Facebook Ads,196.74
ZAM-2025-008444,2025-05-05,Uroda,Facebook Ads,58.64
ZAM-2025-001514,2025-10-30,Elektronika,Marketplace,230.38
ZAM-2025-013619,2025-11-13,Zabawki i prezenty,Sklep internetowy,57.14
ZAM-2025-009179,2025-09-01,Uroda,Marketplace,135.28
ZAM-2025-000836,2025-06-11,Elektronika,Google Ads,348.02
ZAM-2025-012061,2025-10-10,Sport,Facebook Ads,141.57
ZAM-2025-006785,2025-09-04,Dom i ogród,Google Ads,228.15
ZAM-2025-007675,2025-02-24,Uroda,Google Ads,104.84
ZAM-2025-000721,2025-05-08,Elektronika,Marketplace,371.62
ZAM-2025-001318,2025-09-04,Elektronika,Sklep internetowy,499.42
ZAM-2025-004302,2025-09-25,Odzież,Google Ads,132.12
ZAM-2025-012208,2025-11-15,Sport,Sklep internetowy,188.11
ZAM-2025-003064,2025-04-10,Odzież,Sklep internetowy,115.7
ZAM-2025-013953,2025-12-20,Zabawki i prezenty,Marketplace,80.58
ZAM-2025-003803,2025-07-07,Odzież,Facebook Ads,270.32
ZAM-2025-013259,2025-10-11,Zabawki i prezenty,Marketplace,75.13
ZAM-2025-004433,2025-10-02,Odzież,Sklep internetowy,163.61
ZAM-2025-000981,2025-07-24,Elektronika,Sklep internetowy,501.14
ZAM-2025-009779,2025-11-03,Uroda,Google Ads,63.28
ZAM-2025-004260,2025-09-11,Odzież,Sklep internetowy,132.32
ZAM-2025-012444,2025-01-28,Zabawki i prezenty,Marketplace,80.17
ZAM-2025-008888,2025-07-28,Uroda,Sklep internetowy,84.54
ZAM-2025-014159,2025-12-05,Zabawki i prezenty,Marketplace,71.49
ZAM-2025-007377,2025-12-13,Dom i ogród,Sklep internetowy,198.63
ZAM-2025-001188,2025-08-23,Elektronika,Sklep internetowy,489.83
ZAM-2025-005161,2025-01-18,Dom i ogród,Facebook Ads,193.0
ZAM-2025-012100,2025-11-06,Sport,Google Ads,156.34
ZAM-2025-000531,2025-04-25,Elektronika,Sklep internetowy,253.38
ZAM-2025-001292,2025-09-04,Elektronika,Facebook Ads,312.43
ZAM-2025-005375,2025-02-09,Dom i ogród,Google Ads,180.37
ZAM-2025-011293,2025-06-19,Sport,Marketplace,121.71
ZAM-2025-000183,2025-02-22,Elektronika,Sklep internetowy,589.88
ZAM-2025-011802,2025-09-05,Sport,Sklep internetowy,123.72
ZAM-2025-006291,2025-06-13,Dom i ogród,Sklep internetowy,308.32
ZAM-2025-013292,2025-11-20,Zabawki i prezenty,Sklep internetowy,114.73
ZAM-2025-012366,2025-12-06,Sport,Sklep internetowy,198.07
ZAM-2025-012235,2025-12-06,Sport,Sklep internetowy,252.02
ZAM-2025-001597,2025-10-13,Elektronika,Google Ads,431.71
ZAM-2025-012943,2025-07-06,Zabawki i prezenty,Sklep internetowy,72.64
ZAM-2025-008440,2025-05-10,Uroda,Facebook Ads,67.79
ZAM-2025-003352,2025-05-13,Odzież,Sklep internetowy,189.93
ZAM-2025-003111,2025-04-06,Odzież,Facebook Ads,60.25
ZAM-2025-007711,2025-02-14,Uroda,Google Ads,90.04
ZAM-2025-002945,2025-04-18,Odzież,Google Ads,113.29
ZAM-2025-002799,2025-03-04,Odzież,Marketplace,57.76
ZAM-2025-005819,2025-04-13,Dom i ogród,Sklep internetowy,178.43
ZAM-2025-011519,2025-07-18,Sport,Facebook Ads,87.92
ZAM-2025-006079,2025-05-15,Dom i ogród,Marketplace,230.34
ZAM-2025-012653,2025-04-16,Zabawki i prezenty,Google Ads,94.94
ZAM-2025-010329,2025-01-09,Sport,Facebook Ads,229.78
ZAM-2025-003665,2025-06-30,Odzież,Google Ads,119.27
ZAM-2025-007304,2025-12-08,Dom i ogród,Sklep internetowy,246.2
ZAM-2025-008194,2025-04-03,Uroda,Sklep internetowy,115.68
ZAM-2025-011365,2025-06-24,Sport,Sklep internetowy,257.75
ZAM-2025-011912,2025-09-13,Sport,Marketplace,164.14
ZAM-2025-013467,2025-11-12,Zabawki i prezenty,Sklep internetowy,37.74
ZAM-2025-007020,2025-10-08,Dom i ogród,Facebook Ads,90.31
ZAM-2025-012077,2025-10-11,Sport,Sklep internetowy,134.59
ZAM-2025-002733,2025-03-13,Odzież,Marketplace,186.26
ZAM-2025-002498,2025-02-20,Odzież,Facebook Ads,195.35
ZAM-2025-002959,2025-04-13,Odzież,Sklep internetowy,190.93
ZAM-2025-001370,2025-09-11,Elektronika,Marketplace,481.3
ZAM-2025-002958,2025-04-21,Odzież,Sklep internetowy,156.13
ZAM-2025-008049,2025-03-09,Uroda,Marketplace,137.99
ZAM-2025-004830,2025-11-23,Odzież,Marketplace,19
ZAM-2025-005681,2025-04-30,Dom i ogród,Facebook Ads,223.48
ZAM-2025-000163,2025-02-06,Elektronika,Sklep internetowy,378.45
ZAM-2025-009475,2025-10-08,Uroda,Sklep internetowy,76.22
ZAM-2025-005642,2025-04-09,Dom i ogród,Marketplace,114.93
ZAM-2025-014051,2025-12-31,Zabawki i prezenty,Marketplace,105.0
ZAM-2025-011030,2025-05-17,Sport,Sklep internetowy,56.21
ZAM-2025-004834,2025-11-02,Odzież,Google Ads,160.24
ZAM-2025-005640,2025-04-27,Dom i ogród,Facebook Ads,354.73
ZAM-2025-008223,2025-04-15,Uroda,Sklep internetowy,54.09
ZAM-2025-007724,2025-02-14,Uroda,Marketplace,59.44
ZAM-2025-005319,2025-02-23,Dom i ogród,Sklep internetowy,248.89
ZAM-2025-004033,2025-08-03,Odzież,Sklep internetowy,92.17
ZAM-2025-002591,2025-02-01,Odzież,Marketplace,124.66
ZAM-2025-004956,2025-12-28,Odzież,Sklep internetowy,208.17
ZAM-2025-003811,2025-07-06,Odzież,Sklep internetowy,84.38
ZAM-2025-011145,2025-05-23,Sport,Marketplace,131.89
ZAM-2025-002169,2025-12-12,Elektronika,Marketplace,433.82
ZAM-2025-007479,2025-01-15,Uroda,Sklep internetowy,120.68
ZAM-2025-000277,2025-02-26,Elektronika,Sklep internetowy,303.22
ZAM-2025-004167,2025-09-26,Odzież,Facebook Ads,155.66
ZAM-2025-002714,2025-03-12,Odzież,Marketplace,198.7
ZAM-2025-002514,2025-02-04,Odzież,Marketplace,112.8
ZAM-2025-004032,2025-08-14,Odzież,Marketplace,120.09
ZAM-2025-010927,2025-04-13,Sport,Marketplace,203.18
ZAM-2025-000056,2025-01-20,Elektronika,Sklep internetowy,531.29
ZAM-2025-013350,2025-11-29,Zabawki i prezenty,Marketplace,91.82
ZAM-2025-013867,2025-12-06,Zabawki i prezenty,Sklep internetowy,86.06
ZAM-2025-003035,2025-04-18,Odzież,Marketplace,138.74
ZAM-2025-003305,2025-05-08,Odzież,Sklep internetowy,35.93
ZAM-2025-011556,2025-07-15,Sport,Facebook Ads,106.35
ZAM-2025-007752,2025-02-21,Uroda,Sklep internetowy,90.27
ZAM-2025-000011,2025-01-10,Elektronika,Sklep internetowy,166.21
ZAM-2025-006214,2025-06-18,Dom i ogród,Google Ads,112.62
ZAM-2025-008358,2025-05-18,Uroda,Google Ads,94.49
ZAM-2025-005845,2025-05-21,Dom i ogród,Sklep internetowy,188.05
ZAM-2025-008820,2025-07-15,Uroda,Sklep internetowy,141.59
ZAM-2025-006164,2025-06-08,Dom i ogród,Marketplace,269.92
ZAM-2025-006899,2025-09-03,Dom i ogród,Google Ads,266.3
ZAM-2025-012155,2025-11-07,Sport,Facebook Ads,217.68
ZAM-2025-005409,2025-02-28,Dom i ogród,Marketplace,214.34
ZAM-2025-013158,2025-10-04,Zabawki i prezenty,Marketplace,61.45
ZAM-2025-009266,2025-09-11,Uroda,Google Ads,49.63
ZAM-2025-001959,2025-12-06,Elektronika,Marketplace,560.68
ZAM-2025-005030,2025-12-09,Odzież,Marketplace,129.03
ZAM-2025-009241,2025-09-17,Uroda,Sklep internetowy,88.79
ZAM-2025-012989,2025-08-29,Zabawki i prezenty,Google Ads,89.42
ZAM-2025-009591,2025-11-26,Uroda,Marketplace,108.43
ZAM-2025-006990,2025-10-09,Dom i ogród,Sklep internetowy,244.03
ZAM-2025-002145,2025-12-29,Elektronika,Facebook Ads,603.17
ZAM-2025-006170,2025-06-26,Dom i ogród,Sklep internetowy,217.76
ZAM-2025-009015,2025-08-30,Uroda,Facebook Ads,73.86
ZAM-2025-008590,2025-06-04,Uroda,Sklep internetowy,142.21
ZAM-2025-005786,2025-04-05,Dom i ogród,Facebook Ads,119.85
ZAM-2025-001838,2025-11-20,Elektronika,Facebook Ads,178.89
ZAM-2025-002941,2025-04-28,Odzież,Marketplace,66.87
ZAM-2025-010911,2025-04-10,Sport,Facebook Ads,189.03
ZAM-2025-001375,2025-09-04,Elektronika,Sklep internetowy,424.84
ZAM-2025-009162,2025-09-21,Uroda,Marketplace,113.03
ZAM-2025-005947,2025-05-11,Dom i ogród,Marketplace,159.61
ZAM-2025-011372,2025-06-27,Sport,Marketplace,80.14
ZAM-2025-011006,2025-05-31,Sport,Marketplace,232.96
ZAM-2025-010820,2025-04-26,Sport,Sklep internetowy,152.79
ZAM-2025-012266,2025-12-06,Sport,Sklep internetowy,104.32
ZAM-2025-011483,2025-07-07,Sport,Sklep internetowy,222.99
ZAM-2025-009745,2025-11-13,Uroda,Sklep internetowy,135.19
ZAM-2025-009409,2025-10-10,Uroda,Facebook Ads,91.62
ZAM-2025-006394,2025-07-03,Dom i ogród,Marketplace,185.08
ZAM-2025-000126,2025-01-03,Elektronika,Facebook Ads,470.34
ZAM-2025-004049,2025-09-10,Odzież,Sklep internetowy,129.95
ZAM-2025-008071,2025-03-17,Uroda,Facebook Ads,104.83
ZAM-2025-003117,2025-04-20,Odzież,Facebook Ads,140.76
ZAM-2025-005060,2025-12-06,Odzież,Google Ads,151.01
ZAM-2025-002896,2025-04-30,Odzież,Google Ads,40.8
ZAM-2025-002605,2025-02-16,Odzież,Facebook Ads,161.38
ZAM-2025-001288,2025-09-21,Elektronika,Sklep internetowy,404.79
ZAM-2025-010846,2025-04-19,Sport,Facebook Ads,171.48
ZAM-2025-010969,2025-05-04,Sport,Marketplace,171.82
ZAM-2025-004612,2025-10-23,Odzież,Marketplace,114.59
ZAM-2025-004345,2025-10-31,Odzież,Facebook Ads,75.09
ZAM-2025-001657,2025-11-08,Elektronika,Marketplace,381.27
ZAM-2025-009705,2025-11-22,Uroda,Google Ads,19
ZAM-2025-000718,2025-05-03,Elektronika,Marketplace,312.74
ZAM-2025-009264,2025-09-29,Uroda,Sklep internetowy,105.13
ZAM-2025-010796,2025-04-19,Sport,Marketplace,214.47
ZAM-2025-008261,2025-04-23,Uroda,Facebook Ads,89.78
ZAM-2025-009189,2025-09-20,Uroda,Marketplace,117.8
ZAM-2025-004745,2025-11-17,Odzież,Facebook Ads,60.62
ZAM-2025-002059,2025-12-28,Elektronika,Facebook Ads,374.92
ZAM-2025-004683,2025-11-02,Odzież,Facebook Ads,163.49
ZAM-2025-007075,2025-10-14,Dom i ogród,Marketplace,125.44
ZAM-2025-005737,2025-04-26,Dom i ogród,Sklep internetowy,131.22
ZAM-2025-000463,2025-04-24,Elektronika,Facebook Ads,412.05
ZAM-2025-011203,2025-06-17,Sport,Marketplace,231.35
ZAM-2025-007523,2025-01-25,Uroda,Google Ads,84.16
ZAM-2025-008651,2025-06-13,Uroda,Sklep internetowy,75.09
ZAM-2025-008456,2025-05-08,Uroda,Sklep internetowy,155.59
ZAM-2025-013436,2025-11-15,Zabawki i prezenty,Google Ads,63.07
ZAM-2025-002511,2025-02-09,Odzież,Facebook Ads,143.34
ZAM-2025-011487,2025-07-29,Sport,Facebook Ads,222.56
ZAM-2025-010853,2025-04-25,Sport,Facebook Ads,101.21
ZAM-2025-002804,2025-03-12,Odzież,Marketplace,125.9
ZAM-2025-006328,2025-06-21,Dom i ogród,Marketplace,238.65
ZAM-2025-012300,2025-12-30,Sport,Marketplace,150.64
ZAM-2025-007651,2025-02-07,Uroda,Sklep internetowy,141.49
ZAM-2025-004943,2025-12-06,Odzież,Marketplace,158.25
ZAM-2025-001364,2025-09-03,Elektronika,Sklep internetowy,278.24
ZAM-2025-004605,2025-10-27,Odzież,Facebook Ads,162.85
ZAM-2025-004001,2025-08-02,Odzież,Marketplace,113.12
ZAM-2025-010726,2025-03-01,Sport,Marketplace,131.63
ZAM-2025-002456,2025-02-04,Odzież,Marketplace,156.69
ZAM-2025-009986,2025-12-09,Uroda,Facebook Ads,57.47
ZAM-2025-013810,2025-12-11,Zabawki i prezenty,Marketplace,74.26
ZAM-2025-012019,2025-10-20,Sport,Marketplace,71.01
ZAM-2025-010869,2025-04-26,Sport,Sklep internetowy,79.77
ZAM-2025-004020,2025-08-30,Odzież,Facebook Ads,95.28
ZAM-2025-007666,2025-02-22,Uroda,Sklep internetowy,65.14
ZAM-2025-012129,2025-11-27,Sport,Sklep internetowy,236.32
ZAM-2025-007366,2025-12-01,Dom i ogród,Sklep internetowy,102.94
ZAM-2025-008692,2025-06-27,Uroda,Sklep internetowy,55.65
ZAM-2025-012496,2025-02-10,Zabawki i prezenty,Google Ads,43.39
ZAM-2025-000473,2025-04-03,Elektronika,Facebook Ads,565.73
ZAM-2025-011061,2025-05-10,Sport,Google Ads,278.18
ZAM-2025-009773,2025-11-03,Uroda,Marketplace,90.08
ZAM-2025-013612,2025-11-12,Zabawki i prezenty,Facebook Ads,104.86
ZAM-2025-007820,2025-02-05,Uroda,Sklep internetowy,91.37
ZAM-2025-002539,2025-02-25,Odzież,Facebook Ads,167.91
ZAM-2025-005998,2025-05-05,Dom i ogród,Sklep internetowy,285.62
ZAM-2025-005129,2025-12-16,Odzież,Sklep internetowy,106.41
ZAM-2025-012755,2025-05-10,Zabawki i prezenty,Facebook Ads,105.6
ZAM-2025-002263,2025-01-09,Odzież,Sklep internetowy,93.61
ZAM-2025-010783,2025-04-11,Sport,Google Ads,154.4
ZAM-2025-008805,2025-07-06,Uroda,Sklep internetowy,68.03
ZAM-2025-001167,2025-08-05,Elektronika,Sklep internetowy,369.23
ZAM-2025-009443,2025-10-05,Uroda,Sklep internetowy,74.06
ZAM-2025-006832,2025-09-10,Dom i ogród,Sklep internetowy,291.48
ZAM-2025-001234,2025-08-16,Elektronika,Google Ads,231.63
ZAM-2025-007040,2025-10-13,Dom i ogród,Google Ads,349.73
ZAM-2025-005461,2025-03-31,Dom i ogród,Sklep internetowy,19
ZAM-2025-001941,2025-11-21,Elektronika,Sklep internetowy,366.43
ZAM-2025-007810,2025-02-04,Uroda,Marketplace,112.91
ZAM-2025-005904,2025-05-08,Dom i ogród,Facebook Ads,186.91
ZAM-2025-006792,2025-09-17,Dom i ogród,Sklep internetowy,213.01
ZAM-2025-001289,2025-09-21,Elektronika,Marketplace,315.38
ZAM-2025-010548,2025-02-03,Sport,Google Ads,166.88
ZAM-2025-006728,2025-08-23,Dom i ogród,Google Ads,291.5
ZAM-2025-006109,2025-06-29,Dom i ogród,Marketplace,236.8
ZAM-2025-005617,2025-04-07,Dom i ogród,Sklep internetowy,218.88
ZAM-2025-006635,2025-08-30,Dom i ogród,Sklep internetowy,169.8
ZAM-2025-004029,2025-08-24,Odzież,Sklep internetowy,69.47
ZAM-2025-011514,2025-07-13,Sport,Sklep internetowy,163.51
ZAM-2025-002209,2025-12-19,Elektronika,Marketplace,220.97
ZAM-2025-001477,2025-10-15,Elektronika,Sklep internetowy,456.48
ZAM-2025-012415,2025-01-16,Zabawki i prezenty,Marketplace,68.03
ZAM-2025-002823,2025-03-24,Odzież,Sklep internetowy,45.7
ZAM-2025-007327,2025-12-11,Dom i ogród,Marketplace,214.69
ZAM-2025-013000,2025-08-16,Zabawki i prezenty,Sklep internetowy,49.97
ZAM-2025-008350,2025-05-29,Uroda,Sklep internetowy,103.53
ZAM-2025-007893,2025-03-31,Uroda,Sklep internetowy,79.06
ZAM-2025-012778,2025-05-09,Zabawki i prezenty,Marketplace,71.01
ZAM-2025-010443,2025-02-20,Sport,Facebook Ads,135.1
ZAM-2025-012382,2025-01-19,Zabawki i prezenty,Google Ads,71.77
ZAM-2025-010779,2025-04-16,Sport,Marketplace,152.6
ZAM-2025-012807,2025-06-24,Zabawki i prezenty,Marketplace,83.42
ZAM-2025-008718,2025-06-17,Uroda,Facebook Ads,70.85
ZAM-2025-013058,2025-09-11,Zabawki i prezenty,Marketplace,65.8
ZAM-2025-006413,2025-07-12,Dom i ogród,Google Ads,166.12
ZAM-2025-002371,2025-01-20,Odzież,Facebook Ads,117.36
ZAM-2025-013563,2025-11-28,Zabawki i prezenty,Marketplace,86.99
ZAM-2025-004024,2025-08-19,Odzież,Sklep internetowy,108.9
ZAM-2025-001360,2025-09-30,Elektronika,Google Ads,409.2
ZAM-2025-007953,2025-03-11,Uroda,Marketplace,114.85
ZAM-2025-009731,2025-11-05,Uroda,Sklep internetowy,99.54
ZAM-2025-010109,2025-01-15,Sport,Sklep internetowy,157.69
ZAM-2025-008557,2025-05-06,Uroda,Marketplace,79.95
ZAM-2025-006198,2025-06-01,Dom i ogród,Sklep internetowy,122.27
ZAM-2025-012771,2025-05-22,Zabawki i prezenty,Sklep internetowy,85.72
ZAM-2025-001776,2025-11-27,Elektronika,Google Ads,345.92
ZAM-2025-012195,2025-11-29,Sport,Sklep internetowy,185.32
ZAM-2025-010318,2025-01-20,Sport,Facebook Ads,171.5
ZAM-2025-001950,2025-11-21,Elektronika,Google Ads,316.48
ZAM-2025-002170,2025-12-04,Elektronika,Sklep internetowy,403.73
ZAM-2025-008768,2025-06-08,Uroda,Sklep internetowy,67.79
ZAM-2025-008323,2025-05-15,Uroda,Facebook Ads,100.54
ZAM-2025-011173,2025-06-18,Sport,Marketplace,206.63
ZAM-2025-004965,2025-12-24,Odzież,Marketplace,105.89
ZAM-2025-006006,2025-05-07,Dom i ogród,Sklep internetowy,126.31
ZAM-2025-002850,2025-03-15,Odzież,Sklep internetowy,179.2
ZAM-2025-011949,2025-09-30,Sport,Google Ads,235.94
ZAM-2025-001945,2025-11-21,Elektronika,Google Ads,480.78
ZAM-2025-010136,2025-01-29,Sport,Marketplace,61.98
ZAM-2025-011369,2025-06-13,Sport,Marketplace,107.87
ZAM-2025-002558,2025-02-22,Odzież,Marketplace,146.23
ZAM-2025-005839,2025-05-15,Dom i ogród,Facebook Ads,73.85
ZAM-2025-002437,2025-02-13,Odzież,Sklep internetowy,197.63
ZAM-2025-013502,2025-11-02,Zabawki i prezenty,Google Ads,89.09
ZAM-2025-000597,2025-04-16,Elektronika,Sklep internetowy,383.83
ZAM-2025-009892,2025-12-22,Uroda,Facebook Ads,87.69
ZAM-2025-010066,2025-12-17,Uroda,Marketplace,109.49
ZAM-2025-001072,2025-07-12,Elektronika,Facebook Ads,167.26
ZAM-2025-002643,2025-03-17,Odzież,Google Ads,193.69
ZAM-2025-011265,2025-06-26,Sport,Sklep internetowy,80.26
ZAM-2025-003766,2025-07-09,Odzież,Facebook Ads,103.34
ZAM-2025-010502,2025-02-18,Sport,Facebook Ads,176.98
ZAM-2025-002863,2025-03-12,Odzież,Marketplace,122.64
ZAM-2025-011465,2025-07-09,Sport,Sklep internetowy,78.61
ZAM-2025-004147,2025-09-12,Odzież,Sklep internetowy,137.18
ZAM-2025-005957,2025-05-14,Dom i ogród,Marketplace,253.48
ZAM-2025-013271,2025-11-29,Zabawki i prezenty,Sklep internetowy,64.88
ZAM-2025-010907,2025-04-15,Sport,Sklep internetowy,195.67
ZAM-2025-005593,2025-03-27,Dom i ogród,Marketplace,200.61
ZAM-2025-013814,2025-12-05,Zabawki i prezenty,Marketplace,77.42
ZAM-2025-003770,2025-07-27,Odzież,Marketplace,141.96
ZAM-2025-007268,2025-12-14,Dom i ogród,Sklep internetowy,188.85
ZAM-2025-012687,2025-04-22,Zabawki i prezenty,Sklep internetowy,89.53
ZAM-2025-008612,2025-06-09,Uroda,Sklep internetowy,53.91
ZAM-2025-009665,2025-11-20,Uroda,Marketplace,63.08
ZAM-2025-009725,2025-11-16,Uroda,Marketplace,117.08
ZAM-2025-000732,2025-05-08,Elektronika,Google Ads,350.4
ZAM-2025-000195,2025-02-16,Elektronika,Sklep internetowy,485.83
ZAM-2025-002571,2025-02-01,Odzież,Sklep internetowy,163.67
ZAM-2025-003909,2025-08-12,Odzież,Facebook Ads,100.09
ZAM-2025-002339,2025-01-09,Odzież,Marketplace,105.4
ZAM-2025-002117,2025-12-18,Elektronika,Facebook Ads,424.64
ZAM-2025-004425,2025-10-18,Odzież,Marketplace,104.46
ZAM-2025-004981,2025-12-22,Odzież,Google Ads,132.18
ZAM-2025-003241,2025-05-27,Odzież,Sklep internetowy,110.0
ZAM-2025-007739,2025-02-03,Uroda,Sklep internetowy,85.91
ZAM-2025-007830,2025-02-17,Uroda,Sklep internetowy,141.43
ZAM-2025-007857,2025-02-04,Uroda,Marketplace,60.0
ZAM-2025-005841,2025-05-09,Dom i ogród,Facebook Ads,175.42
ZAM-2025-004259,2025-09-14,Odzież,Facebook Ads,150.76
ZAM-2025-001674,2025-11-04,Elektronika,Marketplace,172.79
ZAM-2025-003234,2025-05-20,Odzież,Sklep internetowy,137.09
ZAM-2025-001443,2025-10-19,Elektronika,Marketplace,281.44
ZAM-2025-001224,2025-08-14,Elektronika,Google Ads,152.94
ZAM-2025-004407,2025-10-05,Odzież,Sklep internetowy,79.8
ZAM-2025-011177,2025-06-04,Sport,Google Ads,149.66
ZAM-2025-013629,2025-11-24,Zabawki i prezenty,Marketplace,99.21
ZAM-2025-012793,2025-06-17,Zabawki i prezenty,Facebook Ads,54.49
ZAM-2025-009490,2025-10-27,Uroda,Facebook Ads,124.11
ZAM-2025-009466,2025-10-31,Uroda,Facebook Ads,91.33
ZAM-2025-006767,2025-08-29,Dom i ogród,Sklep internetowy,150.84
ZAM-2025-000837,2025-06-20,Elektronika,Sklep internetowy,581.9
ZAM-2025-011474,2025-07-06,Sport,Sklep internetowy,91.57
ZAM-2025-001452,2025-10-25,Elektronika,Marketplace,595.0
ZAM-2025-003842,2025-07-18,Odzież,Marketplace,187.85
ZAM-2025-007993,2025-03-22,Uroda,Marketplace,63.21
ZAM-2025-011122,2025-05-28,Sport,Sklep internetowy,113.46
ZAM-2025-001284,2025-09-24,Elektronika,Sklep internetowy,187.66
ZAM-2025-008311,2025-05-06,Uroda,Sklep internetowy,125.41
ZAM-2025-012975,2025-08-20,Zabawki i prezenty,Sklep internetowy,94.66
ZAM-2025-013615,2025-11-06,Zabawki i prezenty,Sklep internetowy,77.75
ZAM-2025-013569,2025-11-21,Zabawki i prezenty,Sklep internetowy,56.97
ZAM-2025-005764,2025-04-22,Dom i ogród,Facebook Ads,157.48
ZAM-2025-009446,2025-10-21,Uroda,Sklep internetowy,55.94
ZAM-2025-006918,2025-09-28,Dom i ogród,Marketplace,159.33
ZAM-2025-010467,2025-02-12,Sport,Google Ads,141.99
ZAM-2025-004719,2025-11-15,Odzież,Sklep internetowy,112.18
ZAM-2025-011311,2025-06-16,Sport,Facebook Ads,179.77
ZAM-2025-005447,2025-03-08,Dom i ogród,Facebook Ads,250.39
ZAM-2025-009558,2025-10-22,Uroda,Facebook Ads,106.86
ZAM-2025-002351,2025-01-01,Odzież,Marketplace,188.76
ZAM-2025-009296,2025-09-08,Uroda,Facebook Ads,83.23
ZAM-2025-008717,2025-06-11,Uroda,Google Ads,103.77
ZAM-2025-008116,2025-04-23,Uroda,Sklep internetowy,130.48
ZAM-2025-000100,2025-01-05,Elektronika,Marketplace,104.04
ZAM-2025-000635,2025-05-28,Elektronika,Sklep internetowy,504.29
ZAM-2025-011494,2025-07-11,Sport,Marketplace,151.02
ZAM-2025-005934,2025-05-26,Dom i ogród,Marketplace,261.69
ZAM-2025-005156,2025-12-13,Odzież,Sklep internetowy,161.13
ZAM-2025-001302,2025-09-12,Elektronika,Sklep internetowy,421.54
ZAM-2025-008166,2025-04-06,Uroda,Facebook Ads,115.28
ZAM-2025-011954,2025-09-30,Sport,Google Ads,139.99
ZAM-2025-004795,2025-11-21,Odzież,Facebook Ads,121.21
ZAM-2025-012487,2025-02-03,Zabawki i prezenty,Marketplace,79.0
ZAM-2025-002536,2025-02-16,Odzież,Google Ads,213.48
ZAM-2025-008186,2025-04-25,Uroda,Sklep internetowy,114.87
ZAM-2025-007086,2025-10-30,Dom i ogród,Facebook Ads,160.07
ZAM-2025-000763,2025-06-03,Elektronika,Sklep internetowy,395.87
ZAM-2025-012119,2025-11-10,Sport,Facebook Ads,132.33
ZAM-2025-008366,2025-05-16,Uroda,Google Ads,93.38
ZAM-2025-013057,2025-09-20,Zabawki i prezenty,Sklep internetowy,52.6
ZAM-2025-004243,2025-09-10,Odzież,Facebook Ads,41.07
ZAM-2025-005067,2025-12-30,Odzież,Sklep internetowy,150.92
ZAM-2025-005992,2025-05-27,Dom i ogród,Sklep internetowy,235.95
ZAM-2025-000652,2025-05-09,Elektronika,Facebook Ads,418.05
ZAM-2025-002112,2025-12-14,Elektronika,Google Ads,407.68
ZAM-2025-002521,2025-02-05,Odzież,Facebook Ads,136.32
ZAM-2025-000633,2025-05-01,Elektronika,Google Ads,605.75
ZAM-2025-004636,2025-11-13,Odzież,Sklep internetowy,67.76
ZAM-2025-008254,2025-04-13,Uroda,Sklep internetowy,104.86
ZAM-2025-012710,2025-05-18,Zabawki i prezenty,Facebook Ads,79.43
ZAM-2025-004806,2025-11-12,Odzież,Sklep internetowy,180.39
ZAM-2025-011245,2025-06-17,Sport,Marketplace,256.92
ZAM-2025-009380,2025-10-14,Uroda,Sklep internetowy,130.36
ZAM-2025-011638,2025-08-20,Sport,Facebook Ads,177.6
ZAM-2025-012359,2025-12-06,Sport,Sklep internetowy,159.45
ZAM-2025-012149,2025-11-06,Sport,Sklep internetowy,217.58
ZAM-2025-012174,2025-11-19,Sport,Sklep internetowy,193.86
ZAM-2025-005608,2025-04-27,Dom i ogród,Sklep internetowy,251.75
ZAM-2025-005412,2025-02-03,Dom i ogród,Sklep internetowy,160.11
ZAM-2025-013586,2025-11-09,Zabawki i prezenty,Marketplace,112.31
ZAM-2025-003980,2025-08-25,Odzież,Marketplace,162.41
ZAM-2025-003761,2025-07-02,Odzież,Facebook Ads,137.5
ZAM-2025-003439,2025-05-30,Odzież,Marketplace,116.41
ZAM-2025-010192,2025-01-03,Sport,Marketplace,227.01
ZAM-2025-008591,2025-06-20,Uroda,Sklep internetowy,127.43
ZAM-2025-002871,2025-03-21,Odzież,Marketplace,66.2
ZAM-2025-005423,2025-03-08,Dom i ogród,Facebook Ads,58.67
ZAM-2025-001627,2025-11-02,Elektronika,Sklep internetowy,553.94
ZAM-2025-009374,2025-10-13,Uroda,Facebook Ads,81.68
ZAM-2025-004169,2025-09-15,Odzież,Marketplace,117.16
ZAM-2025-008827,2025-07-12,Uroda,Sklep internetowy,61.01
ZAM-2025-003405,2025-05-14,Odzież,Facebook Ads,150.16
ZAM-2025-007215,2025-11-11,Dom i ogród,Sklep internetowy,110.03
ZAM-2025-003192,2025-04-05,Odzież,Google Ads,151.54
ZAM-2025-002526,2025-02-07,Odzież,Facebook Ads,179.79
ZAM-2025-008065,2025-03-17,Uroda,Marketplace,107.5
ZAM-2025-008075,2025-03-20,Uroda,Google Ads,110.86
ZAM-2025-000570,2025-04-05,Elektronika,Google Ads,335.05
ZAM-2025-005935,2025-05-06,Dom i ogród,Marketplace,226.05
ZAM-2025-013450,2025-11-14,Zabawki i prezenty,Sklep internetowy,69.96
ZAM-2025-014006,2025-12-25,Zabawki i prezenty,Sklep internetowy,73.77
ZAM-2025-004585,2025-10-29,Odzież,Sklep internetowy,125.21
ZAM-2025-003762,2025-07-09,Odzież,Facebook Ads,207.23
ZAM-2025-002691,2025-03-28,Odzież,Sklep internetowy,128.25
ZAM-2025-013147,2025-10-10,Zabawki i prezenty,Sklep internetowy,90.41
ZAM-2025-000679,2025-05-23,Elektronika,Sklep internetowy,330.6
ZAM-2025-009375,2025-10-22,Uroda,Marketplace,123.12
ZAM-2025-000006,2025-01-31,Elektronika,Sklep internetowy,363.27
ZAM-2025-010998,2025-05-25,Sport,Sklep internetowy,93.6
ZAM-2025-004450,2025-10-13,Odzież,Marketplace,90.3
ZAM-2025-011594,2025-08-30,Sport,Facebook Ads,249.92
ZAM-2025-004451,2025-10-17,Odzież,Sklep internetowy,167.34
ZAM-2025-000335,2025-03-02,Elektronika,Facebook Ads,518.05
ZAM-2025-000401,2025-03-25,Elektronika,Marketplace,378.12
ZAM-2025-005450,2025-03-03,Dom i ogród,Facebook Ads,113.0
ZAM-2025-006051,2025-05-11,Dom i ogród,Sklep internetowy,199.7
ZAM-2025-003649,2025-06-24,Odzież,Marketplace,35.07
ZAM-2025-005780,2025-04-19,Dom i ogród,Sklep internetowy,118.14
ZAM-2025-010451,2025-02-23,Sport,Facebook Ads,169.4
ZAM-2025-012049,2025-10-07,Sport,Google Ads,154.15
ZAM-2025-002520,2025-02-16,Odzież,Marketplace,93.79
ZAM-2025-012864,2025-06-24,Zabawki i prezenty,Marketplace,23.95
ZAM-2025-010910,2025-04-21,Sport,Sklep internetowy,106.51
ZAM-2025-003913,2025-08-26,Odzież,Facebook Ads,270.72
ZAM-2025-006810,2025-09-06,Dom i ogród,Marketplace,267.93
ZAM-2025-013864,2025-12-09,Zabawki i prezenty,Sklep internetowy,57.95
ZAM-2025-009878,2025-12-06,Uroda,Sklep internetowy,121.53
ZAM-2025-006851,2025-09-15,Dom i ogród,Facebook Ads,159.83
ZAM-2025-008520,2025-05-27,Uroda,Facebook Ads,50.66
ZAM-2025-004083,2025-09-29,Odzież,Facebook Ads,99.67
ZAM-2025-012898,2025-07-22,Zabawki i prezenty,Facebook Ads,80.03
ZAM-2025-008870,2025-07-30,Uroda,Facebook Ads,114.54
ZAM-2025-002961,2025-04-17,Odzież,Marketplace,174.82
ZAM-2025-009800,2025-12-05,Uroda,Sklep internetowy,106.02
ZAM-2025-010621,2025-03-24,Sport,Marketplace,305.86
ZAM-2025-011165,2025-06-29,Sport,Facebook Ads,125.7
ZAM-2025-004441,2025-10-05,Odzież,Google Ads,79.21
ZAM-2025-007233,2025-12-22,Dom i ogród,Marketplace,130.28
ZAM-2025-005453,2025-03-01,Dom i ogród,Sklep internetowy,76.99
ZAM-2025-001252,2025-09-18,Elektronika,Sklep internetowy,538.5
ZAM-2025-001548,2025-10-10,Elektronika,Sklep internetowy,322.7
ZAM-2025-007342,2025-12-17,Dom i ogród,Sklep internetowy,182.74
ZAM-2025-003987,2025-08-21,Odzież,Google Ads,161.64
ZAM-2025-005171,2025-01-03,Dom i ogród,Google Ads,111.22
ZAM-2025-011746,2025-08-02,Sport,Sklep internetowy,103.34
ZAM-2025-005652,2025-04-15,Dom i ogród,Marketplace,93.51
ZAM-2025-014074,2025-12-07,Zabawki i prezenty,Google Ads,119.57
ZAM-2025-014143,2025-12-30,Zabawki i prezenty,Marketplace,78.73
ZAM-2025-002947,2025-04-15,Odzież,Marketplace,177.54
ZAM-2025-007179,2025-11-27,Dom i ogród,Sklep internetowy,218.94
ZAM-2025-001450,2025-10-21,Elektronika,Facebook Ads,316.83
ZAM-2025-005844,2025-05-25,Dom i ogród,Marketplace,107.15
ZAM-2025-000695,2025-05-03,Elektronika,Google Ads,521.57
ZAM-2025-007690,2025-02-15,Uroda,Sklep internetowy,94.89
ZAM-2025-011076,2025-05-30,Sport,Sklep internetowy,19
ZAM-2025-007016,2025-10-15,Dom i ogród,Google Ads,304.64
ZAM-2025-009460,2025-10-05,Uroda,Sklep internetowy,91.95
ZAM-2025-007536,2025-01-18,Uroda,Sklep internetowy,119.44
ZAM-2025-002386,2025-01-08,Odzież,Facebook Ads,101.88
ZAM-2025-011714,2025-08-18,Sport,Google Ads,268.62
ZAM-2025-007229,2025-11-28,Dom i ogród,Google Ads,159.15
ZAM-2025-012478,2025-02-14,Zabawki i prezenty,Google Ads,129.8
ZAM-2025-004781,2025-11-16,Odzież,Facebook Ads,131.86
ZAM-2025-008735,2025-06-19,Uroda,Marketplace,43.14
ZAM-2025-006507,2025-07-22,Dom i ogród,Google Ads,153.08
ZAM-2025-009979,2025-12-20,Uroda,Facebook Ads,103.29
ZAM-2025-006304,2025-06-23,Dom i ogród,Google Ads,125.5
ZAM-2025-012269,2025-12-12,Sport,Marketplace,97.03
ZAM-2025-001596,2025-10-27,Elektronika,Sklep internetowy,577.99
ZAM-2025-000773,2025-06-19,Elektronika,Facebook Ads,395.42
ZAM-2025-013909,2025-12-26,Zabawki i prezenty,Marketplace,44.97
ZAM-2025-003340,2025-05-21,Odzież,Sklep internetowy,77.64
ZAM-2025-012888,2025-07-14,Zabawki i prezenty,Marketplace,79.16
ZAM-2025-007421,2025-01-19,Uroda,Facebook Ads,63.33
ZAM-2025-010608,2025-03-19,Sport,Sklep internetowy,202.22
ZAM-2025-000933,2025-07-19,Elektronika,Facebook Ads,376.09
ZAM-2025-000104,2025-01-02,Elektronika,Sklep internetowy,544.04
ZAM-2025-006837,2025-09-23,Dom i ogród,Sklep internetowy,84.45
ZAM-2025-004667,2025-11-01,Odzież,Marketplace,109.91
ZAM-2025-006189,2025-06-06,Dom i ogród,Sklep internetowy,192.02
ZAM-2025-000268,2025-02-09,Elektronika,Google Ads,381.37
ZAM-2025-008290,2025-04-29,Uroda,Marketplace,128.61
ZAM-2025-005183,2025-01-12,Dom i ogród,Sklep internetowy,226.33
ZAM-2025-014165,2025-12-26,Zabawki i prezenty,Facebook Ads,100.78
ZAM-2025-011910,2025-09-14,Sport,Facebook Ads,231.48
ZAM-2025-013098,2025-09-18,Zabawki i prezenty,Marketplace,109.38
ZAM-2025-001993,2025-12-09,Elektronika,Sklep internetowy,304.02
ZAM-2025-009182,2025-09-19,Uroda,Marketplace,76.87
ZAM-2025-008204,2025-04-10,Uroda,Sklep internetowy,68.07
ZAM-2025-011055,2025-05-12,Sport,Marketplace,66.88
ZAM-2025-006472,2025-07-08,Dom i ogród,Google Ads,77.3
ZAM-2025-001935,2025-11-03,Elektronika,Sklep internetowy,310.99
ZAM-2025-010356,2025-02-26,Sport,Sklep internetowy,121.34
ZAM-2025-003184,2025-04-24,Odzież,Sklep internetowy,141.16
ZAM-2025-011172,2025-06-28,Sport,Sklep internetowy,167.11
ZAM-2025-011230,2025-06-30,Sport,Marketplace,185.09
ZAM-2025-010994,2025-05-26,Sport,Marketplace,94.03
ZAM-2025-005350,2025-02-15,Dom i ogród,Google Ads,127.5
ZAM-2025-004824,2025-11-05,Odzież,Facebook Ads,150.08
ZAM-2025-002786,2025-03-26,Odzież,Sklep internetowy,135.69
ZAM-2025-011795,2025-09-21,Sport,Sklep internetowy,188.49
ZAM-2025-000354,2025-03-02,Elektronika,Sklep internetowy,363.34
ZAM-2025-000469,2025-04-23,Elektronika,Sklep internetowy,352.17
ZAM-2025-012707,2025-05-17,Zabawki i prezenty,Facebook Ads,52.78
ZAM-2025-001926,2025-11-01,Elektronika,Google Ads,597.82
ZAM-2025-010650,2025-03-17,Sport,Google Ads,113.7
ZAM-2025-001413,2025-09-02,Elektronika,Facebook Ads,34.02
ZAM-2025-002097,2025-12-29,Elektronika,Sklep internetowy,530.6
ZAM-2025-010667,2025-03-11,Sport,Sklep internetowy,202.81
ZAM-2025-011313,2025-06-12,Sport,Sklep internetowy,72.08
ZAM-2025-002748,2025-03-01,Odzież,Sklep internetowy,109.24
ZAM-2025-003607,2025-06-24,Odzież,Sklep internetowy,128.9
ZAM-2025-012072,2025-10-17,Sport,Facebook Ads,40.97
ZAM-2025-000073,2025-01-16,Elektronika,Google Ads,366.55
ZAM-2025-002335,2025-01-22,Odzież,Google Ads,90.75
ZAM-2025-011908,2025-09-29,Sport,Facebook Ads,185.61
ZAM-2025-008221,2025-04-20,Uroda,Google Ads,76.55
ZAM-2025-011513,2025-07-02,Sport,Sklep internetowy,232.56
ZAM-2025-010826,2025-04-27,Sport,Marketplace,181.76
ZAM-2025-011926,2025-09-17,Sport,Sklep internetowy,191.58
ZAM-2025-006963,2025-10-31,Dom i ogród,Sklep internetowy,295.72
ZAM-2025-006526,2025-07-01,Dom i ogród,Sklep internetowy,181.9
ZAM-2025-013654,2025-12-08,Zabawki i prezenty,Sklep internetowy,37.54
ZAM-2025-006691,2025-08-05,Dom i ogród,Facebook Ads,75.79
ZAM-2025-000782,2025-06-18,Elektronika,Sklep internetowy,368.11
ZAM-2025-013697,2025-12-17,Zabawki i prezenty,Facebook Ads,52.38
ZAM-2025-013033,2025-08-15,Zabawki i prezenty,Marketplace,40.58
ZAM-2025-001194,2025-08-24,Elektronika,Google Ads,376.33
ZAM-2025-004967,2025-12-07,Odzież,Facebook Ads,135.23
ZAM-2025-011433,2025-07-28,Sport,Sklep internetowy,179.12
ZAM-2025-011444,2025-07-20,Sport,Sklep internetowy,183.39
ZAM-2025-006397,2025-07-02,Dom i ogród,Google Ads,118.23
ZAM-2025-013105,2025-09-11,Zabawki i prezenty,Google Ads,99.21
ZAM-2025-013712,2025-12-25,Zabawki i prezenty,Facebook Ads,93.05
ZAM-2025-012674,2025-04-25,Zabawki i prezenty,Sklep internetowy,40.63
ZAM-2025-010696,2025-03-29,Sport,Marketplace,111.17
ZAM-2025-007669,2025-02-26,Uroda,Sklep internetowy,113.05
ZAM-2025-008647,2025-06-28,Uroda,Marketplace,88.23
ZAM-2025-005576,2025-03-05,Dom i ogród,Marketplace,147.47
ZAM-2025-001236,2025-08-15,Elektronika,Google Ads,345.42
ZAM-2025-000182,2025-02-26,Elektronika,Google Ads,354.74
ZAM-2025-004800,2025-11-09,Odzież,Marketplace,147.53
ZAM-2025-002873,2025-03-27,Odzież,Sklep internetowy,53.37
ZAM-2025-013293,2025-11-14,Zabawki i prezenty,Facebook Ads,83.61
ZAM-2025-003907,2025-08-14,Odzież,Facebook Ads,151.58
ZAM-2025-001281,2025-09-02,Elektronika,Sklep internetowy,452.2
ZAM-2025-007442,2025-01-31,Uroda,Sklep internetowy,131.32
ZAM-2025-006997,2025-10-10,Dom i ogród,Sklep internetowy,102.44
ZAM-2025-013295,2025-11-19,Zabawki i prezenty,Sklep internetowy,54.53
ZAM-2025-002880,2025-03-17,Odzież,Sklep internetowy,183.6
ZAM-2025-013005,2025-08-11,Zabawki i prezenty,Facebook Ads,82.67
ZAM-2025-010567,2025-03-19,Sport,Facebook Ads,113.76
ZAM-2025-012282,2025-12-23,Sport,Sklep internetowy,133.05
ZAM-2025-011198,2025-06-12,Sport,Sklep internetowy,303.35
ZAM-2025-004201,2025-09-07,Odzież,Marketplace,173.81
ZAM-2025-007925,2025-03-10,Uroda,Marketplace,88.36
ZAM-2025-000442,2025-04-06,Elektronika,Marketplace,370.5
ZAM-2025-011477,2025-07-26,Sport,Sklep internetowy,138.47
ZAM-2025-004255,2025-09-15,Odzież,Sklep internetowy,241.86
ZAM-2025-012158,2025-11-16,Sport,Marketplace,251.75
ZAM-2025-004127,2025-09-28,Odzież,Google Ads,116.72
ZAM-2025-013266,2025-11-22,Zabawki i prezenty,Marketplace,90.71
ZAM-2025-001520,2025-10-13,Elektronika,Sklep internetowy,332.89
ZAM-2025-000152,2025-02-14,Elektronika,Facebook Ads,351.23
ZAM-2025-005132,2025-12-29,Odzież,Facebook Ads,75.93
ZAM-2025-001504,2025-10-01,Elektronika,Sklep internetowy,537.66
ZAM-2025-014174,2025-12-02,Zabawki i prezenty,Sklep internetowy,30.41
ZAM-2025-001849,2025-11-16,Elektronika,Sklep internetowy,534.32
ZAM-2025-005292,2025-02-09,Dom i ogród,Sklep internetowy,207.36
ZAM-2025-001754,2025-11-04,Elektronika,Facebook Ads,224.26
ZAM-2025-013125,2025-09-11,Zabawki i prezenty,Sklep internetowy,75.26
ZAM-2025-013954,2025-12-28,Zabawki i prezenty,Sklep internetowy,73.37
ZAM-2025-005670,2025-04-06,Dom i ogród,Google Ads,278.16
ZAM-2025-011810,2025-09-20,Sport,Sklep internetowy,126.36
ZAM-2025-011848,2025-09-06,Sport,Marketplace,146.43
ZAM-2025-013387,2025-11-05,Zabawki i prezenty,Facebook Ads,88.38
ZAM-2025-013431,2025-11-10,Zabawki i prezenty,Facebook Ads,79.39
ZAM-2025-008057,2025-03-04,Uroda,Sklep internetowy,19
ZAM-2025-011972,2025-10-15,Sport,Google Ads,156.36
ZAM-2025-010308,2025-01-15,Sport,Marketplace,135.29
ZAM-2025-010399,2025-02-19,Sport,Sklep internetowy,54.25
ZAM-2025-001001,2025-07-22,Elektronika,Sklep internetowy,322.05
ZAM-2025-003490,2025-06-09,Odzież,Facebook Ads,107.34
ZAM-2025-013811,2025-12-20,Zabawki i prezenty,Sklep internetowy,37.08
ZAM-2025-001677,2025-11-18,Elektronika,Google Ads,401.3
ZAM-2025-006954,2025-09-09,Dom i ogród,Sklep internetowy,282.28
ZAM-2025-000423,2025-03-02,Elektronika,Facebook Ads,453.7
ZAM-2025-000294,2025-03-04,Elektronika,Marketplace,518.98
ZAM-2025-001230,2025-08-30,Elektronika,Marketplace,500.01
ZAM-2025-000565,2025-04-13,Elektronika,Facebook Ads,213.96
ZAM-2025-006019,2025-05-18,Dom i ogród,Sklep internetowy,245.95
ZAM-2025-012799,2025-06-03,Zabawki i prezenty,Sklep internetowy,96.38
ZAM-2025-009588,2025-11-19,Uroda,Marketplace,59.6
ZAM-2025-010837,2025-04-27,Sport,Marketplace,313.98
ZAM-2025-012329,2025-12-09,Sport,Sklep internetowy,73.44
ZAM-2025-002374,2025-01-25,Odzież,Marketplace,113.56
ZAM-2025-013010,2025-08-09,Zabawki i prezenty,Facebook Ads,62.62
ZAM-2025-003712,2025-07-28,Odzież,Sklep internetowy,165.31
ZAM-2025-009163,2025-09-09,Uroda,Google Ads,115.98
ZAM-2025-013179,2025-10-30,Zabawki i prezenty,Facebook Ads,81.64
ZAM-2025-008615,2025-06-21,Uroda,Google Ads,83.51
ZAM-2025-007103,2025-11-18,Dom i ogród,Sklep internetowy,305.0
ZAM-2025-008265,2025-04-11,Uroda,Marketplace,94.6
ZAM-2025-010115,2025-01-10,Sport,Google Ads,125.63
ZAM-2025-014142,2025-12-17,Zabawki i prezenty,Facebook Ads,68.69
ZAM-2025-000454,2025-04-03,Elektronika,Google Ads,714.96
ZAM-2025-003590,2025-06-19,Odzież,Marketplace,219.7
ZAM-2025-002725,2025-03-30,Odzież,Google Ads,224.27
ZAM-2025-004338,2025-10-19,Odzież,Marketplace,163.81
ZAM-2025-012728,2025-05-26,Zabawki i prezenty,Sklep internetowy,48.29
ZAM-2025-004244,2025-09-13,Odzież,Sklep internetowy,164.85
ZAM-2025-010083,2025-12-11,Uroda,Marketplace,65.94
ZAM-2025-007735,2025-02-27,Uroda,Google Ads,51.94
ZAM-2025-006787,2025-09-09,Dom i ogród,Marketplace,258.11
ZAM-2025-004217,2025-09-18,Odzież,Sklep internetowy,126.67
ZAM-2025-011521,2025-07-10,Sport,Sklep internetowy,186.27
ZAM-2025-013912,2025-12-22,Zabawki i prezenty,Facebook Ads,86.07
ZAM-2025-006673,2025-08-22,Dom i ogród,Marketplace,173.76
ZAM-2025-007922,2025-03-26,Uroda,Facebook Ads,115.44
ZAM-2025-001272,2025-09-24,Elektronika,Marketplace,216.12
ZAM-2025-011056,2025-05-05,Sport,Marketplace,128.87
ZAM-2025-004577,2025-10-13,Odzież,Marketplace,238.51
ZAM-2025-007277,2025-12-01,Dom i ogród,Facebook Ads,213.26
ZAM-2025-008069,2025-03-06,Uroda,Facebook Ads,64.62
ZAM-2025-002898,2025-04-15,Odzież,Google Ads,102.06
ZAM-2025-008719,2025-06-11,Uroda,Facebook Ads,78.65
ZAM-2025-012957,2025-08-02,Zabawki i prezenty,Sklep internetowy,102.19
ZAM-2025-002378,2025-01-15,Odzież,Google Ads,75.65
ZAM-2025-013673,2025-12-24,Zabawki i prezenty,Sklep internetowy,66.72
ZAM-2025-005167,2025-01-14,Dom i ogród,Marketplace,169.44
ZAM-2025-000548,2025-04-13,Elektronika,Marketplace,346.48
ZAM-2025-008808,2025-07-31,Uroda,Sklep internetowy,98.2
ZAM-2025-004360,2025-10-23,Odzież,Sklep internetowy,74.54
ZAM-2025-001412,2025-09-22,Elektronika,Sklep internetowy,429.27
ZAM-2025-003168,2025-04-20,Odzież,Google Ads,183.57
ZAM-2025-010905,2025-04-06,Sport,Sklep internetowy,44.07
ZAM-2025-001109,2025-08-28,Elektronika,Marketplace,724.96
ZAM-2025-003244,2025-05-02,Odzież,Facebook Ads,146.33
ZAM-2025-013806,2025-12-31,Zabawki i prezenty,Facebook Ads,64.97
ZAM-2025-011205,2025-06-23,Sport,Marketplace,47.95
ZAM-2025-007452,2025-01-09,Uroda,Marketplace,80.63
ZAM-2025-002131,2025-12-12,Elektronika,Sklep internetowy,332.54
ZAM-2025-007365,2025-12-17,Dom i ogród,Facebook Ads,175.26
ZAM-2025-013748,2025-12-25,Zabawki i prezenty,Sklep internetowy,91.98
ZAM-2025-004428,2025-10-19,Odzież,Sklep internetowy,79.84
ZAM-2025-009648,2025-11-02,Uroda,Marketplace,70.61
ZAM-2025-001029,2025-07-05,Elektronika,Marketplace,232.27
ZAM-2025-009307,2025-09-20,Uroda,Marketplace,51.71
ZAM-2025-000365,2025-03-05,Elektronika,Sklep internetowy,327.86
ZAM-2025-001397,2025-09-29,Elektronika,Marketplace,499.69
ZAM-2025-000871,2025-06-15,Elektronika,Sklep internetowy,171.05
ZAM-2025-006168,2025-06-14,Dom i ogród,Facebook Ads,107.16
ZAM-2025-005237,2025-01-20,Dom i ogród,Sklep internetowy,159.05
ZAM-2025-004749,2025-11-15,Odzież,Sklep internetowy,116.13
ZAM-2025-003820,2025-07-02,Odzież,Google Ads,192.38
ZAM-2025-007884,2025-03-15,Uroda,Facebook Ads,86.78
ZAM-2025-004176,2025-09-30,Odzież,Facebook Ads,200.44
ZAM-2025-004378,2025-10-11,Odzież,Marketplace,102.3
ZAM-2025-009675,2025-11-15,Uroda,Marketplace,87.74
ZAM-2025-006185,2025-06-02,Dom i ogród,Facebook Ads,343.67
ZAM-2025-001394,2025-09-01,Elektronika,Sklep internetowy,233.65
ZAM-2025-002384,2025-01-01,Odzież,Google Ads,123.38
ZAM-2025-000461,2025-04-16,Elektronika,Sklep internetowy,195.91
ZAM-2025-007357,2025-12-07,Dom i ogród,Sklep internetowy,264.95
ZAM-2025-010001,2025-12-15,Uroda,Marketplace,97.24
ZAM-2025-000819,2025-06-07,Elektronika,Facebook Ads,159.51
ZAM-2025-010360,2025-02-19,Sport,Marketplace,179.87
ZAM-2025-001584,2025-10-28,Elektronika,Sklep internetowy,704.1
ZAM-2025-010064,2025-12-03,Uroda,Google Ads,151.28
ZAM-2025-007791,2025-02-22,Uroda,Sklep internetowy,72.33
ZAM-2025-013287,2025-11-14,Zabawki i prezenty,Sklep internetowy,85.81
ZAM-2025-008706,2025-06-01,Uroda,Sklep internetowy,97.56
ZAM-2025-005151,2025-12-15,Odzież,Sklep internetowy,156.16
ZAM-2025-012014,2025-10-10,Sport,Facebook Ads,214.81
ZAM-2025-013910,2025-12-14,Zabawki i prezenty,Sklep internetowy,49.6
ZAM-2025-000711,2025-05-06,Elektronika,Google Ads,122.55
ZAM-2025-006420,2025-07-13,Dom i ogród,Sklep internetowy,173.68
ZAM-2025-002770,2025-03-01,Odzież,Facebook Ads,168.34
ZAM-2025-009294,2025-09-05,Uroda,Facebook Ads,124.24
ZAM-2025-000886,2025-06-13,Elektronika,Google Ads,200.48
ZAM-2025-004266,2025-09-07,Odzież,Sklep internetowy,123.76
ZAM-2025-008730,2025-06-26,Uroda,Facebook Ads,137.3
ZAM-2025-002973,2025-04-06,Odzież,Google Ads,132.17
ZAM-2025-014140,2025-12-25,Zabawki i prezenty,Marketplace,54.38
ZAM-2025-008761,2025-06-14,Uroda,Sklep internetowy,123.34
ZAM-2025-013604,2025-11-23,Zabawki i prezenty,Facebook Ads,80.11
ZAM-2025-003808,2025-07-17,Odzież,Facebook Ads,67.86
ZAM-2025-002645,2025-03-18,Odzież,Sklep internetowy,135.91
ZAM-2025-006643,2025-08-30,Dom i ogród,Facebook Ads,93.84
ZAM-2025-004246,2025-09-21,Odzież,Marketplace,137.99
ZAM-2025-004586,2025-10-26,Odzież,Sklep internetowy,123.85
ZAM-2025-005114,2025-12-12,Odzież,Sklep internetowy,148.12
ZAM-2025-010300,2025-01-12,Sport,Marketplace,165.41
ZAM-2025-000012,2025-01-19,Elektronika,Marketplace,294.95
ZAM-2025-011945,2025-09-23,Sport,Google Ads,133.43
ZAM-2025-006482,2025-07-25,Dom i ogród,Marketplace,280.35
ZAM-2025-000098,2025-01-27,Elektronika,Google Ads,56.08
ZAM-2025-009308,2025-09-12,Uroda,Sklep internetowy,101.69
ZAM-2025-001240,2025-08-22,Elektronika,Sklep internetowy,389.98
ZAM-2025-002899,2025-04-14,Odzież,Facebook Ads,141.56
ZAM-2025-003318,2025-05-09,Odzież,Marketplace,65.3
ZAM-2025-000398,2025-03-26,Elektronika,Google Ads,612.96
ZAM-2025-005745,2025-04-15,Dom i ogród,Facebook Ads,237.7
ZAM-2025-005081,2025-12-15,Odzież,Google Ads,129.9
ZAM-2025-004629,2025-11-06,Odzież,Facebook Ads,41.72
ZAM-2025-009175,2025-09-26,Uroda,Sklep internetowy,82.51
ZAM-2025-004202,2025-09-19,Odzież,Google Ads,115.86
ZAM-2025-007733,2025-02-16,Uroda,Sklep internetowy,100.47
ZAM-2025-004851,2025-11-10,Odzież,Facebook Ads,96.08
ZAM-2025-009300,2025-09-26,Uroda,Google Ads,119.02
ZAM-2025-012777,2025-05-08,Zabawki i prezenty,Sklep internetowy,81.34
ZAM-2025-000314,2025-03-24,Elektronika,Sklep internetowy,337.82
ZAM-2025-001707,2025-11-18,Elektronika,Sklep internetowy,213.93
ZAM-2025-000587,2025-04-16,Elektronika,Marketplace,296.91
ZAM-2025-004361,2025-10-29,Odzież,Google Ads,164.36
ZAM-2025-003268,2025-05-28,Odzież,Sklep internetowy,227.96
ZAM-2025-004727,2025-11-21,Odzież,Facebook Ads,154.77
ZAM-2025-004280,2025-09-26,Odzież,Marketplace,110.93
ZAM-2025-001569,2025-10-01,Elektronika,Google Ads,413.59
ZAM-2025-011678,2025-08-22,Sport,Marketplace,262.44
ZAM-2025-006805,2025-09-22,Dom i ogród,Facebook Ads,256.55
ZAM-2025-001082,2025-08-15,Elektronika,Marketplace,393.78
ZAM-2025-008934,2025-07-17,Uroda,Sklep internetowy,74.97
ZAM-2025-002067,2025-12-07,Elektronika,Sklep internetowy,242.88
ZAM-2025-003279,2025-05-23,Odzież,Google Ads,187.48
ZAM-2025-009967,2025-12-02,Uroda,Marketplace,74.0
ZAM-2025-002676,2025-03-04,Odzież,Marketplace,116.48
ZAM-2025-002560,2025-02-14,Odzież,Marketplace,138.73
ZAM-2025-004203,2025-09-30,Odzież,Facebook Ads,88.86
ZAM-2025-008174,2025-04-19,Uroda,Sklep internetowy,84.24
ZAM-2025-002894,2025-04-23,Odzież,Google Ads,110.86
ZAM-2025-006703,2025-08-26,Dom i ogród,Sklep internetowy,129.87
ZAM-2025-012220,2025-12-14,Sport,Marketplace,218.89
ZAM-2025-000237,2025-02-06,Elektronika,Facebook Ads,539.51
ZAM-2025-003857,2025-08-01,Odzież,Marketplace,19
ZAM-2025-007345,2025-12-31,Dom i ogród,Sklep internetowy,176.18
ZAM-2025-000546,2025-04-17,Elektronika,Sklep internetowy,363.39
ZAM-2025-004767,2025-11-28,Odzież,Facebook Ads,208.06
ZAM-2025-006073,2025-05-23,Dom i ogród,Google Ads,159.0
ZAM-2025-007192,2025-11-11,Dom i ogród,Marketplace,180.02
ZAM-2025-007490,2025-01-19,Uroda,Facebook Ads,95.08
ZAM-2025-006071,2025-05-09,Dom i ogród,Sklep internetowy,175.78
ZAM-2025-004565,2025-10-15,Odzież,Sklep internetowy,112.14
ZAM-2025-001380,2025-09-11,Elektronika,Google Ads,118.97
ZAM-2025-012399,2025-01-03,Zabawki i prezenty,Marketplace,91.2
ZAM-2025-012350,2025-12-07,Sport,Sklep internetowy,245.74
ZAM-2025-013536,2025-11-12,Zabawki i prezenty,Facebook Ads,96.02
ZAM-2025-005393,2025-02-07,Dom i ogród,Marketplace,272.38
ZAM-2025-008191,2025-04-01,Uroda,Marketplace,122.52
ZAM-2025-010880,2025-04-28,Sport,Sklep internetowy,75.61
ZAM-2025-006654,2025-08-20,Dom i ogród,Marketplace,265.99
ZAM-2025-010405,2025-02-28,Sport,Marketplace,117.02
ZAM-2025-012404,2025-01-12,Zabawki i prezenty,Facebook Ads,83.51
ZAM-2025-005920,2025-05-10,Dom i ogród,Facebook Ads,217.13
ZAM-2025-010882,2025-04-23,Sport,Facebook Ads,233.84
ZAM-2025-012662,2025-04-24,Zabawki i prezenty,Sklep internetowy,92.83
ZAM-2025-005731,2025-04-17,Dom i ogród,Marketplace,123.31
ZAM-2025-000260,2025-02-25,Elektronika,Sklep internetowy,114.89
ZAM-2025-009167,2025-09-17,Uroda,Marketplace,84.27
ZAM-2025-012045,2025-10-04,Sport,Marketplace,119.55
ZAM-2025-013853,2025-12-27,Zabawki i prezenty,Facebook Ads,95.56
ZAM-2025-003337,2025-05-31,Odzież,Sklep internetowy,142.25
ZAM-2025-003497,2025-06-18,Odzież,Sklep internetowy,120.27
ZAM-2025-002575,2025-02-24,Odzież,Facebook Ads,146.75
ZAM-2025-004200,2025-09-20,Odzież,Sklep internetowy,168.92
ZAM-2025-009204,2025-09-07,Uroda,Sklep internetowy,90.8
ZAM-2025-004831,2025-11-21,Odzież,Sklep internetowy,146.76
ZAM-2025-006609,2025-08-31,Dom i ogród,Sklep internetowy,176.4
ZAM-2025-001866,2025-11-13,Elektronika,Marketplace,444.15
ZAM-2025-000710,2025-05-12,Elektronika,Marketplace,406.8
ZAM-2025-004808,2025-11-07,Odzież,Sklep internetowy,146.57
ZAM-2025-002991,2025-04-04,Odzież,Marketplace,132.88
ZAM-2025-003011,2025-04-12,Odzież,Facebook Ads,115.6
ZAM-2025-005478,2025-03-03,Dom i ogród,Google Ads,160.78
ZAM-2025-013937,2025-12-10,Zabawki i prezenty,Sklep internetowy,58.1
ZAM-2025-002581,2025-02-04,Odzież,Sklep internetowy,193.06
ZAM-2025-004504,2025-10-10,Odzież,Sklep internetowy,94.14
ZAM-2025-001545,2025-10-03,Elektronika,Sklep internetowy,244.18
ZAM-2025-007806,2025-02-10,Uroda,Marketplace,96.19
ZAM-2025-003866,2025-08-08,Odzież,Google Ads,127.17
ZAM-2025-008527,2025-05-27,Uroda,Facebook Ads,115.33
ZAM-2025-004763,2025-11-08,Odzież,Marketplace,72.16
ZAM-2025-003970,2025-08-08,Odzież,Sklep internetowy,57.15
ZAM-2025-007052,2025-10-04,Dom i ogród,Facebook Ads,82.6
ZAM-2025-004460,2025-10-01,Odzież,Marketplace,127.19
ZAM-2025-010651,2025-03-06,Sport,Google Ads,169.98
ZAM-2025-011346,2025-06-05,Sport,Sklep internetowy,43.65
ZAM-2025-007679,2025-02-06,Uroda,Facebook Ads,98.22
ZAM-2025-001353,2025-09-22,Elektronika,Facebook Ads,243.0
ZAM-2025-004607,2025-10-24,Odzież,Facebook Ads,135.58
ZAM-2025-013530,2025-11-24,Zabawki i prezenty,Marketplace,33.57
ZAM-2025-007316,2025-12-22,Dom i ogród,Google Ads,122.68
ZAM-2025-008421,2025-05-08,Uroda,Marketplace,83.84
ZAM-2025-005172,2025-01-29,Dom i ogród,Marketplace,144.58
ZAM-2025-010006,2025-12-17,Uroda,Sklep internetowy,85.62
ZAM-2025-003135,2025-04-02,Odzież,Marketplace,182.82
ZAM-2025-011864,2025-09-28,Sport,Facebook Ads,123.82
ZAM-2025-005521,2025-03-26,Dom i ogród,Facebook Ads,237.25
ZAM-2025-000598,2025-04-14,Elektronika,Marketplace,295.17
ZAM-2025-001025,2025-07-04,Elektronika,Marketplace,109.64
ZAM-2025-004705,2025-11-13,Odzież,Sklep internetowy,206.4
ZAM-2025-003870,2025-08-16,Odzież,Facebook Ads,100.79
ZAM-2025-005045,2025-12-29,Odzież,Google Ads,148.9
ZAM-2025-002979,2025-04-06,Odzież,Sklep internetowy,124.0
ZAM-2025-013394,2025-11-19,Zabawki i prezenty,Sklep internetowy,71.74
ZAM-2025-007819,2025-02-02,Uroda,Marketplace,98.22
ZAM-2025-002348,2025-01-26,Odzież,Sklep internetowy,85.07
ZAM-2025-006968,2025-10-16,Dom i ogród,Google Ads,180.44
ZAM-2025-009081,2025-08-22,Uroda,Facebook Ads,82.96
ZAM-2025-002981,2025-04-13,Odzież,Google Ads,92.48
ZAM-2025-003462,2025-05-25,Odzież,Marketplace,99.67
ZAM-2025-002454,2025-02-15,Odzież,Marketplace,185.25
ZAM-2025-010876,2025-04-20,Sport,Marketplace,214.89
ZAM-2025-007252,2025-12-28,Dom i ogród,Sklep internetowy,325.89
ZAM-2025-008487,2025-05-24,Uroda,Sklep internetowy,123.53
ZAM-2025-003517,2025-06-21,Odzież,Sklep internetowy,92.39
ZAM-2025-007663,2025-02-17,Uroda,Marketplace,80.66
ZAM-2025-010885,2025-04-20,Sport,Facebook Ads,155.2
ZAM-2025-008966,2025-08-27,Uroda,Sklep internetowy,117.03
ZAM-2025-003693,2025-07-24,Odzież,Facebook Ads,36.74
ZAM-2025-001536,2025-10-27,Elektronika,Sklep internetowy,384.22
ZAM-2025-007105,2025-11-21,Dom i ogród,Marketplace,178.21
ZAM-2025-010597,2025-03-02,Sport,Facebook Ads,171.99
ZAM-2025-010922,2025-04-10,Sport,Facebook Ads,160.77
ZAM-2025-001089,2025-08-12,Elektronika,Facebook Ads,522.4
ZAM-2025-002464,2025-02-10,Odzież,Facebook Ads,61.47
ZAM-2025-002450,2025-02-23,Odzież,Facebook Ads,154.68
ZAM-2025-003860,2025-08-05,Odzież,Sklep internetowy,92.24
ZAM-2025-004556,2025-10-06,Odzież,Marketplace,57.08
ZAM-2025-010432,2025-02-09,Sport,Facebook Ads,131.81
ZAM-2025-003493,2025-06-28,Odzież,Sklep internetowy,187.61
ZAM-2025-008003,2025-03-15,Uroda,Marketplace,57.22
ZAM-2025-004574,2025-10-01,Odzież,Google Ads,119.92
ZAM-2025-010874,2025-04-29,Sport,Sklep internetowy,252.94
ZAM-2025-012488,2025-02-02,Zabawki i prezenty,Google Ads,48.35
ZAM-2025-000728,2025-05-21,Elektronika,Google Ads,389.66
ZAM-2025-012069,2025-10-23,Sport,Sklep internetowy,187.24
ZAM-2025-008293,2025-04-29,Uroda,Sklep internetowy,124.83
ZAM-2025-010457,2025-02-09,Sport,Sklep internetowy,165.16
ZAM-2025-010442,2025-02-25,Sport,Sklep internetowy,163.11
ZAM-2025-000482,2025-04-25,Elektronika,Sklep internetowy,662.5
ZAM-2025-008462,2025-05-23,Uroda,Sklep internetowy,45.98
ZAM-2025-008744,2025-06-25,Uroda,Marketplace,49.49
ZAM-2025-003681,2025-07-02,Odzież,Google Ads,133.09
ZAM-2025-007101,2025-11-22,Dom i ogród,Sklep internetowy,19
ZAM-2025-004149,2025-09-06,Odzież,Facebook Ads,142.45
ZAM-2025-012772,2025-05-31,Zabawki i prezenty,Facebook Ads,58.23
ZAM-2025-012724,2025-05-14,Zabawki i prezenty,Marketplace,66.99
ZAM-2025-011070,2025-05-24,Sport,Sklep internetowy,178.8
ZAM-2025-008182,2025-04-03,Uroda,Sklep internetowy,105.35
ZAM-2025-011505,2025-07-09,Sport,Facebook Ads,151.31
ZAM-2025-012012,2025-10-23,Sport,Facebook Ads,178.32
ZAM-2025-005338,2025-02-16,Dom i ogród,Sklep internetowy,284.1
ZAM-2025-009381,2025-10-07,Uroda,Sklep internetowy,74.44
ZAM-2025-001606,2025-10-28,Elektronika,Google Ads,434.86
ZAM-2025-004924,2025-12-14,Odzież,Marketplace,124.84
ZAM-2025-000187,2025-02-21,Elektronika,Sklep internetowy,268.38
ZAM-2025-013659,2025-12-02,Zabawki i prezenty,Sklep internetowy,54.12
ZAM-2025-004923,2025-12-01,Odzież,Marketplace,167.55
ZAM-2025-008338,2025-05-21,Uroda,Facebook Ads,74.49
ZAM-2025-008594,2025-06-17,Uroda,Facebook Ads,142.07
ZAM-2025-004688,2025-11-26,Odzież,Marketplace,166.79
ZAM-2025-012503,2025-02-19,Zabawki i prezenty,Facebook Ads,145.48
ZAM-2025-009485,2025-10-28,Uroda,Marketplace,58.05
ZAM-2025-012084,2025-10-18,Sport,Sklep internetowy,247.79
ZAM-2025-013228,2025-10-16,Zabawki i prezenty,Marketplace,30.7
ZAM-2025-002383,2025-01-23,Odzież,Facebook Ads,146.82
ZAM-2025-002721,2025-03-18,Odzież,Google Ads,61.47
ZAM-2025-012383,2025-01-31,Zabawki i prezenty,Sklep internetowy,77.73
ZAM-2025-001116,2025-08-20,Elektronika,Marketplace,104.19
ZAM-2025-005981,2025-05-13,Dom i ogród,Google Ads,223.36
ZAM-2025-013265,2025-11-11,Zabawki i prezenty,Marketplace,72.58
ZAM-2025-003843,2025-07-30,Odzież,Sklep internetowy,142.06
ZAM-2025-012567,2025-03-29,Zabawki i prezenty,Marketplace,64.05
ZAM-2025-013892,2025-12-12,Zabawki i prezenty,Marketplace,71.14
ZAM-2025-013366,2025-11-22,Zabawki i prezenty,Marketplace,102.28
ZAM-2025-007305,2025-12-28,Dom i ogród,Google Ads,187.39
ZAM-2025-010326,2025-01-15,Sport,Facebook Ads,68.36
ZAM-2025-012639,2025-04-12,Zabawki i prezenty,Sklep internetowy,73.69
ZAM-2025-002696,2025-03-04,Odzież,Facebook Ads,127.77
ZAM-2025-010777,2025-04-11,Sport,Marketplace,237.79
ZAM-2025-011440,2025-07-08,Sport,Sklep internetowy,233.61
ZAM-2025-012162,2025-11-12,Sport,Sklep internetowy,80.02
ZAM-2025-010894,2025-04-08,Sport,Sklep internetowy,81.65
ZAM-2025-001101,2025-08-09,Elektronika,Marketplace,78.08
ZAM-2025-010007,2025-12-08,Uroda,Facebook Ads,109.69
ZAM-2025-007874,2025-03-04,Uroda,Marketplace,77.61
ZAM-2025-001907,2025-11-01,Elektronika,Sklep internetowy,617.67
ZAM-2025-011768,2025-08-07,Sport,Sklep internetowy,208.86
ZAM-2025-009302,2025-09-05,Uroda,Sklep internetowy,77.39
ZAM-2025-003393,2025-05-04,Odzież,Sklep internetowy,196.66
ZAM-2025-004955,2025-12-22,Odzież,Marketplace,177.78
ZAM-2025-009936,2025-12-20,Uroda,Google Ads,98.32
ZAM-2025-010868,2025-04-16,Sport,Sklep internetowy,98.86
ZAM-2025-006737,2025-08-11,Dom i ogród,Marketplace,109.34
ZAM-2025-004776,2025-11-26,Odzież,Sklep internetowy,125.78
ZAM-2025-013428,2025-11-22,Zabawki i prezenty,Sklep internetowy,53.16
ZAM-2025-003043,2025-04-06,Odzież,Facebook Ads,182.74
ZAM-2025-006243,2025-06-15,Dom i ogród,Sklep internetowy,189.63
ZAM-2025-013538,2025-11-29,Zabawki i prezenty,Sklep internetowy,77.23
ZAM-2025-004071,2025-09-04,Odzież,Sklep internetowy,147.14
ZAM-2025-010553,2025-03-11,Sport,Facebook Ads,127.43
ZAM-2025-007406,2025-01-16,Uroda,Google Ads,65.2
ZAM-2025-004236,2025-09-19,Odzież,Sklep internetowy,152.28
ZAM-2025-010975,2025-05-12,Sport,Marketplace,150.39
ZAM-2025-009473,2025-10-20,Uroda,Google Ads,78.67
ZAM-2025-011515,2025-07-29,Sport,Marketplace,256.79
ZAM-2025-010945,2025-04-17,Sport,Marketplace,189.78
ZAM-2025-007030,2025-10-28,Dom i ogród,Sklep internetowy,263.9
ZAM-2025-005859,2025-05-09,Dom i ogród,Sklep internetowy,153.24
ZAM-2025-007203,2025-11-26,Dom i ogród,Sklep internetowy,352.18
ZAM-2025-013521,2025-11-22,Zabawki i prezenty,Sklep internetowy,75.06
ZAM-2025-006320,2025-06-16,Dom i ogród,Sklep internetowy,152.54
ZAM-2025-008272,2025-04-03,Uroda,Facebook Ads,126.66
ZAM-2025-003895,2025-08-05,Odzież,Google Ads,122.44
ZAM-2025-000875,2025-06-21,Elektronika,Marketplace,646.79
ZAM-2025-004037,2025-08-08,Odzież,Sklep internetowy,233.18
ZAM-2025-009048,2025-08-12,Uroda,Facebook Ads,93.56
ZAM-2025-008087,2025-03-30,Uroda,Marketplace,66.22
ZAM-2025-008488,2025-05-22,Uroda,Sklep internetowy,68.14
ZAM-2025-012549,2025-03-17,Zabawki i prezenty,Marketplace,93.25
ZAM-2025-002092,2025-12-31,Elektronika,Marketplace,481.48
ZAM-2025-005605,2025-04-25,Dom i ogród,Facebook Ads,180.49
ZAM-2025-000678,2025-05-03,Elektronika,Sklep internetowy,376.04
ZAM-2025-013976,2025-12-08,Zabawki i prezenty,Sklep internetowy,78.95
ZAM-2025-010851,2025-04-25,Sport,Marketplace,205.35
ZAM-2025-000422,2025-03-17,Elektronika,Sklep internetowy,549.65
ZAM-2025-004541,2025-10-29,Odzież,Sklep internetowy,134.87
ZAM-2025-008356,2025-05-14,Uroda,Google Ads,110.25
ZAM-2025-012073,2025-10-11,Sport,Google Ads,144.46
ZAM-2025-011552,2025-07-24,Sport,Sklep internetowy,357.42
ZAM-2025-008382,2025-05-11,Uroda,Sklep internetowy,90.79
ZAM-2025-000701,2025-05-08,Elektronika,Google Ads,550.34
ZAM-2025-001405,2025-09-14,Elektronika,Facebook Ads,216.8
ZAM-2025-010978,2025-05-23,Sport,Google Ads,242.45
ZAM-2025-009600,2025-11-29,Uroda,Facebook Ads,121.43
ZAM-2025-012586,2025-03-01,Zabawki i prezenty,Google Ads,52.75
ZAM-2025-005685,2025-04-06,Dom i ogród,Facebook Ads,279.23
ZAM-2025-002926,2025-04-18,Odzież,Sklep internetowy,137.88
ZAM-2025-008962,2025-08-29,Uroda,Sklep internetowy,107.98
ZAM-2025-009748,2025-11-14,Uroda,Marketplace,63.19
ZAM-2025-007014,2025-10-23,Dom i ogród,Facebook Ads,274.69
ZAM-2025-009480,2025-10-03,Uroda,Marketplace,80.87
ZAM-2025-008795,2025-07-25,Uroda,Sklep internetowy,118.35
ZAM-2025-000318,2025-03-25,Elektronika,Sklep internetowy,319.59
ZAM-2025-002992,2025-04-08,Odzież,Sklep internetowy,191.4
ZAM-2025-006580,2025-07-08,Dom i ogród,Sklep internetowy,112.88
ZAM-2025-013740,2025-12-28,Zabawki i prezenty,Sklep internetowy,84.55
ZAM-2025-011899,2025-09-02,Sport,Sklep internetowy,181.29
ZAM-2025-006393,2025-07-30,Dom i ogród,Sklep internetowy,150.76
ZAM-2025-009950,2025-12-10,Uroda,Sklep internetowy,91.06
ZAM-2025-001456,2025-10-01,Elektronika,Facebook Ads,246.31
ZAM-2025-011862,2025-09-02,Sport,Sklep internetowy,100.74
ZAM-2025-005779,2025-04-28,Dom i ogród,Marketplace,122.49
ZAM-2025-008414,2025-05-09,Uroda,Sklep internetowy,80.05
ZAM-2025-012817,2025-06-16,Zabawki i prezenty,Facebook Ads,86.76
ZAM-2025-010124,2025-01-05,Sport,Sklep internetowy,225.89
ZAM-2025-005254,2025-01-25,Dom i ogród,Facebook Ads,316.37
ZAM-2025-011257,2025-06-28,Sport,Facebook Ads,126.72
ZAM-2025-000816,2025-06-04,Elektronika,Marketplace,485.98
ZAM-2025-011645,2025-08-10,Sport,Google Ads,258.25
ZAM-2025-013869,2025-12-13,Zabawki i prezenty,Sklep internetowy,57.96
ZAM-2025-006431,2025-07-15,Dom i ogród,Sklep internetowy,360.59
ZAM-2025-001828,2025-11-28,Elektronika,Sklep internetowy,393.92
ZAM-2025-006557,2025-07-26,Dom i ogród,Sklep internetowy,118.76
ZAM-2025-013401,2025-11-08,Zabawki i prezenty,Facebook Ads,56.37
ZAM-2025-009376,2025-10-12,Uroda,Sklep internetowy,88.14
ZAM-2025-011323,2025-06-25,Sport,Sklep internetowy,125.89
ZAM-2025-001883,2025-11-04,Elektronika,Marketplace,305.38
ZAM-2025-008132,2025-04-28,Uroda,Marketplace,54.63
ZAM-2025-008304,2025-05-08,Uroda,Sklep internetowy,141.34
ZAM-2025-000656,2025-05-01,Elektronika,Facebook Ads,199.83
ZAM-2025-003101,2025-04-05,Odzież,Sklep internetowy,155.76
ZAM-2025-005821,2025-04-11,Dom i ogród,Sklep internetowy,105.32
ZAM-2025-010051,2025-12-13,Uroda,Facebook Ads,77.66
ZAM-2025-009225,2025-09-05,Uroda,Sklep internetowy,49.75
ZAM-2025-006898,2025-09-13,Dom i ogród,Sklep internetowy,214.65
ZAM-2025-007943,2025-03-20,Uroda,Sklep internetowy,91.73
ZAM-2025-011955,2025-09-27,Sport,Marketplace,250.04
ZAM-2025-013232,2025-10-14,Zabawki i prezenty,Sklep internetowy,80.81
ZAM-2025-001646,2025-11-10,Elektronika,Facebook Ads,783.82
ZAM-2025-010939,2025-04-03,Sport,Google Ads,147.05
ZAM-2025-006768,2025-08-29,Dom i ogród,Marketplace,254.55
ZAM-2025-006104,2025-06-06,Dom i ogród,Facebook Ads,148.07
ZAM-2025-011060,2025-05-28,Sport,Sklep internetowy,145.05
ZAM-2025-010209,2025-01-22,Sport,Google Ads,180.11
ZAM-2025-001864,2025-11-13,Elektronika,Sklep internetowy,485.01
ZAM-2025-001139,2025-08-30,Elektronika,Google Ads,222.2
ZAM-2025-013781,2025-12-08,Zabawki i prezenty,Marketplace,73.73
ZAM-2025-007929,2025-03-02,Uroda,Marketplace,128.75
ZAM-2025-009944,2025-12-14,Uroda,Sklep internetowy,160.84
ZAM-2025-013753,2025-12-06,Zabawki i prezenty,Sklep internetowy,57.06
ZAM-2025-005182,2025-01-02,Dom i ogród,Marketplace,245.11
ZAM-2025-013987,2025-12-01,Zabawki i prezenty,Sklep internetowy,61.64
ZAM-2025-000252,2025-02-02,Elektronika,Marketplace,128.74
ZAM-2025-013750,2025-12-07,Zabawki i prezenty,Google Ads,77.34
ZAM-2025-001749,2025-11-14,Elektronika,Facebook Ads,264.63
ZAM-2025-006821,2025-09-22,Dom i ogród,Sklep internetowy,168.08
ZAM-2025-003719,2025-07-25,Odzież,Facebook Ads,157.63
ZAM-2025-007473,2025-01-16,Uroda,Marketplace,90.96
ZAM-2025-008632,2025-06-16,Uroda,Sklep internetowy,78.12
ZAM-2025-010954,2025-05-30,Sport,Sklep internetowy,137.16
ZAM-2025-006349,2025-07-30,Dom i ogród,Sklep internetowy,128.82
ZAM-2025-010147,2025-01-28,Sport,Google Ads,151.83
ZAM-2025-004843,2025-11-11,Odzież,Sklep internetowy,167.85
ZAM-2025-000736,2025-05-17,Elektronika,Sklep internetowy,551.09
ZAM-2025-000259,2025-02-21,Elektronika,Sklep internetowy,563.87
ZAM-2025-002661,2025-03-14,Odzież,Sklep internetowy,176.77
ZAM-2025-001805,2025-11-03,Elektronika,Google Ads,330.07
ZAM-2025-005618,2025-04-28,Dom i ogród,Marketplace,175.54
ZAM-2025-006427,2025-07-26,Dom i ogród,Sklep internetowy,212.92
ZAM-2025-009187,2025-09-16,Uroda,Sklep internetowy,87.87
ZAM-2025-010359,2025-02-07,Sport,Sklep internetowy,185.08
ZAM-2025-012900,2025-07-24,Zabawki i prezenty,Facebook Ads,30.79
ZAM-2025-007139,2025-11-26,Dom i ogród,Marketplace,245.36
ZAM-2025-001096,2025-08-28,Elektronika,Marketplace,439.96
ZAM-2025-007924,2025-03-03,Uroda,Marketplace,56.6
ZAM-2025-013543,2025-11-01,Zabawki i prezenty,Google Ads,84.39
ZAM-2025-011429,2025-07-19,Sport,Sklep internetowy,212.3
ZAM-2025-011304,2025-06-09,Sport,Google Ads,214.04
ZAM-2025-004796,2025-11-22,Odzież,Sklep internetowy,79.56
ZAM-2025-012598,2025-03-07,Zabawki i prezenty,Facebook Ads,22.7
ZAM-2025-011430,2025-07-16,Sport,Google Ads,161.66
ZAM-2025-011138,2025-05-16,Sport,Sklep internetowy,133.02
ZAM-2025-013799,2025-12-31,Zabawki i prezenty,Sklep internetowy,70.55
ZAM-2025-006063,2025-05-01,Dom i ogród,Facebook Ads,173.85
ZAM-2025-010259,2025-01-07,Sport,Marketplace,200.92
ZAM-2025-007171,2025-11-13,Dom i ogród,Marketplace,171.71
ZAM-2025-012365,2025-12-10,Sport,Facebook Ads,261.38
ZAM-2025-008917,2025-07-06,Uroda,Facebook Ads,103.5
ZAM-2025-000913,2025-06-07,Elektronika,Marketplace,341.95
ZAM-2025-003615,2025-06-06,Odzież,Marketplace,200.92
ZAM-2025-009000,2025-08-18,Uroda,Marketplace,87.0
ZAM-2025-001708,2025-11-26,Elektronika,Sklep internetowy,482.11
ZAM-2025-000112,2025-01-16,Elektronika,Marketplace,223.88
ZAM-2025-005778,2025-04-22,Dom i ogród,Sklep internetowy,316.07
ZAM-2025-012863,2025-06-11,Zabawki i prezenty,Sklep internetowy,118.19
ZAM-2025-004270,2025-09-23,Odzież,Sklep internetowy,202.29
ZAM-2025-009860,2025-12-06,Uroda,Sklep internetowy,55.88
ZAM-2025-002483,2025-02-01,Odzież,Marketplace,207.25
ZAM-2025-003302,2025-05-23,Odzież,Sklep internetowy,153.49
ZAM-2025-009502,2025-10-24,Uroda,Facebook Ads,97.3
ZAM-2025-005370,2025-02-03,Dom i ogród,Facebook Ads,130.8
ZAM-2025-001877,2025-11-21,Elektronika,Google Ads,411.02
ZAM-2025-002731,2025-03-19,Odzież,Marketplace,107.11
ZAM-2025-009809,2025-12-25,Uroda,Marketplace,126.88
ZAM-2025-001291,2025-09-11,Elektronika,Facebook Ads,347.64
ZAM-2025-001013,2025-07-19,Elektronika,Sklep internetowy,514.55
ZAM-2025-005922,2025-05-15,Dom i ogród,Marketplace,133.73
ZAM-2025-006880,2025-09-13,Dom i ogród,Marketplace,265.74
ZAM-2025-006126,2025-06-29,Dom i ogród,Google Ads,162.81
ZAM-2025-000105,2025-01-17,Elektronika,Facebook Ads,208.78
ZAM-2025-006364,2025-07-16,Dom i ogród,Facebook Ads,157.97
ZAM-2025-011425,2025-07-19,Sport,Facebook Ads,104.84
ZAM-2025-009304,2025-09-28,Uroda,Facebook Ads,37.03
ZAM-2025-006012,2025-05-11,Dom i ogród,Google Ads,124.43
ZAM-2025-004349,2025-10-31,Odzież,Facebook Ads,50.43
ZAM-2025-013689,2025-12-24,Zabawki i prezenty,Marketplace,46.81
ZAM-2025-001736,2025-11-22,Elektronika,Google Ads,470.62
ZAM-2025-002322,2025-01-21,Odzież,Sklep internetowy,187.01
ZAM-2025-007529,2025-01-18,Uroda,Google Ads,155.52
ZAM-2025-007391,2025-12-09,Dom i ogród,Sklep internetowy,168.76
ZAM-2025-008032,2025-03-02,Uroda,Sklep internetowy,88.3
ZAM-2025-004682,2025-11-13,Odzież,Sklep internetowy,136.94
ZAM-2025-011712,2025-08-16,Sport,Marketplace,190.08
ZAM-2025-007941,2025-03-08,Uroda,Facebook Ads,83.09
ZAM-2025-014156,2025-12-27,Zabawki i prezenty,Facebook Ads,45.45
ZAM-2025-008809,2025-07-19,Uroda,Marketplace,85.85
ZAM-2025-005528,2025-03-28,Dom i ogród,Facebook Ads,78.52
ZAM-2025-000921,2025-06-12,Elektronika,Sklep internetowy,283.99
ZAM-2025-003553,2025-06-08,Odzież,Sklep internetowy,182.16
ZAM-2025-007799,2025-02-27,Uroda,Sklep internetowy,74.46
ZAM-2025-005639,2025-04-30,Dom i ogród,Marketplace,243.86
ZAM-2025-000602,2025-04-09,Elektronika,Marketplace,314.95
ZAM-2025-006818,2025-09-21,Dom i ogród,Facebook Ads,114.26
ZAM-2025-002722,2025-03-24,Odzież,Sklep internetowy,240.61
ZAM-2025-000293,2025-03-03,Elektronika,Google Ads,353.66
ZAM-2025-014144,2025-12-07,Zabawki i prezenty,Marketplace,35.09
ZAM-2025-003380,2025-05-31,Odzież,Sklep internetowy,134.87
ZAM-2025-007759,2025-02-01,Uroda,Sklep internetowy,118.39
ZAM-2025-009639,2025-11-19,Uroda,Marketplace,107.41
ZAM-2025-002750,2025-03-19,Odzież,Marketplace,195.37
ZAM-2025-005775,2025-04-24,Dom i ogród,Marketplace,186.02
ZAM-2025-009213,2025-09-23,Uroda,Google Ads,77.38
ZAM-2025-001464,2025-10-08,Elektronika,Sklep internetowy,226.76
ZAM-2025-005758,2025-04-24,Dom i ogród,Facebook Ads,361.39
ZAM-2025-011531,2025-07-14,Sport,Sklep internetowy,63.4
ZAM-2025-008740,2025-06-01,Uroda,Sklep internetowy,114.04
ZAM-2025-001056,2025-07-23,Elektronika,Facebook Ads,208.14
ZAM-2025-000246,2025-02-09,Elektronika,Marketplace,476.51
ZAM-2025-008542,2025-05-10,Uroda,Marketplace,151.3
ZAM-2025-008571,2025-05-29,Uroda,Sklep internetowy,123.26
ZAM-2025-012436,2025-01-30,Zabawki i prezenty,Marketplace,86.19
ZAM-2025-012624,2025-04-15,Zabawki i prezenty,Facebook Ads,116.87
ZAM-2025-010701,2025-03-03,Sport,Facebook Ads,99.92
ZAM-2025-004963,2025-12-13,Odzież,Facebook Ads,153.69
ZAM-2025-001163,2025-08-05,Elektronika,Marketplace,269.71
ZAM-2025-010970,2025-05-20,Sport,Sklep internetowy,161.56
ZAM-2025-008802,2025-07-08,Uroda,Marketplace,108.46
ZAM-2025-012726,2025-05-21,Zabawki i prezenty,Sklep internetowy,67.14
ZAM-2025-013163,2025-10-07,Zabawki i prezenty,Marketplace,47.17
ZAM-2025-009669,2025-11-06,Uroda,Facebook Ads,106.38
ZAM-2025-008777,2025-06-21,Uroda,Marketplace,82.3
ZAM-2025-012312,2025-12-03,Sport,Google Ads,102.86
ZAM-2025-011718,2025-08-04,Sport,Sklep internetowy,205.69
ZAM-2025-009743,2025-11-22,Uroda,Google Ads,104.57
ZAM-2025-003740,2025-07-13,Odzież,Facebook Ads,137.2
ZAM-2025-013765,2025-12-07,Zabawki i prezenty,Marketplace,58.24
ZAM-2025-001648,2025-11-06,Elektronika,Sklep internetowy,433.45
ZAM-2025-000014,2025-01-20,Elektronika,Sklep internetowy,517.84
ZAM-2025-010154,2025-01-01,Sport,Google Ads,100.41
ZAM-2025-000192,2025-02-08,Elektronika,Facebook Ads,425.24
ZAM-2025-004921,2025-12-07,Odzież,Marketplace,48.16
ZAM-2025-011397,2025-07-11,Sport,Facebook Ads,205.72
ZAM-2025-002688,2025-03-28,Odzież,Sklep internetowy,192.9
ZAM-2025-001166,2025-08-04,Elektronika,Google Ads,372.32
ZAM-2025-011021,2025-05-19,Sport,Google Ads,178.12
ZAM-2025-013427,2025-11-07,Zabawki i prezenty,Google Ads,140.66
ZAM-2025-000216,2025-02-01,Elektronika,Sklep internetowy,490.07
ZAM-2025-007287,2025-12-13,Dom i ogród,Sklep internetowy,51.68
ZAM-2025-006286,2025-06-24,Dom i ogród,Sklep internetowy,27.22
ZAM-2025-009713,2025-11-16,Uroda,Facebook Ads,105.81
ZAM-2025-001917,2025-11-23,Elektronika,Sklep internetowy,206.98
ZAM-2025-005459,2025-03-12,Dom i ogród,Marketplace,185.64
ZAM-2025-012425,2025-01-17,Zabawki i prezenty,Facebook Ads,72.37
ZAM-2025-009365,2025-10-05,Uroda,Facebook Ads,132.56
ZAM-2025-000738,2025-05-10,Elektronika,Sklep internetowy,474.06
ZAM-2025-003753,2025-07-06,Odzież,Google Ads,211.82
ZAM-2025-006491,2025-07-02,Dom i ogród,Google Ads,190.54
ZAM-2025-005287,2025-02-14,Dom i ogród,Marketplace,122.12
ZAM-2025-002807,2025-03-25,Odzież,Google Ads,227.16
ZAM-2025-003333,2025-05-22,Odzież,Facebook Ads,172.98
ZAM-2025-004363,2025-10-07,Odzież,Sklep internetowy,157.44
ZAM-2025-012046,2025-10-14,Sport,Sklep internetowy,131.88
ZAM-2025-005276,2025-01-09,Dom i ogród,Sklep internetowy,129.91
ZAM-2025-001645,2025-11-02,Elektronika,Facebook Ads,289.28
ZAM-2025-013771,2025-12-18,Zabawki i prezenty,Facebook Ads,88.23
ZAM-2025-004358,2025-10-30,Odzież,Sklep internetowy,96.76
ZAM-2025-012990,2025-08-03,Zabawki i prezenty,Facebook Ads,82.75
ZAM-2025-002376,2025-01-19,Odzież,Sklep internetowy,186.49
ZAM-2025-001287,2025-09-08,Elektronika,Sklep internetowy,349.45
ZAM-2025-000560,2025-04-22,Elektronika,Marketplace,105.64
ZAM-2025-010153,2025-01-13,Sport,Marketplace,62.26
ZAM-2025-004659,2025-11-06,Odzież,Marketplace,145.79
ZAM-2025-011282,2025-06-14,Sport,Marketplace,104.61
ZAM-2025-013664,2025-12-02,Zabawki i prezenty,Sklep internetowy,55.87
ZAM-2025-007237,2025-12-15,Dom i ogród,Sklep internetowy,215.2
ZAM-2025-013797,2025-12-03,Zabawki i prezenty,Google Ads,72.88
ZAM-2025-003003,2025-04-21,Odzież,Marketplace,38.68
ZAM-2025-011753,2025-08-17,Sport,Marketplace,19
ZAM-2025-005928,2025-05-29,Dom i ogród,Facebook Ads,246.56
ZAM-2025-007146,2025-11-04,Dom i ogród,Facebook Ads,81.87
ZAM-2025-011492,2025-07-02,Sport,Marketplace,148.73
ZAM-2025-006686,2025-08-30,Dom i ogród,Marketplace,227.06
ZAM-2025-002079,2025-12-12,Elektronika,Sklep internetowy,337.59
ZAM-2025-005200,2025-01-15,Dom i ogród,Facebook Ads,139.13
ZAM-2025-003597,2025-06-11,Odzież,Facebook Ads,153.17
ZAM-2025-007241,2025-12-27,Dom i ogród,Facebook Ads,194.84
ZAM-2025-005815,2025-04-12,Dom i ogród,Facebook Ads,117.64
ZAM-2025-006396,2025-07-15,Dom i ogród,Marketplace,130.15
ZAM-2025-010839,2025-04-11,Sport,Sklep internetowy,232.89
ZAM-2025-008096,2025-04-24,Uroda,Facebook Ads,66.36
ZAM-2025-007291,2025-12-11,Dom i ogród,Facebook Ads,248.95
ZAM-2025-012128,2025-11-11,Sport,Facebook Ads,218.12
ZAM-2025-009915,2025-12-01,Uroda,Marketplace,120.09
ZAM-2025-008539,2025-05-12,Uroda,Facebook Ads,68.03
ZAM-2025-005025,2025-12-13,Odzież,Facebook Ads,140.23
ZAM-2025-005729,2025-04-08,Dom i ogród,Facebook Ads,147.08
ZAM-2025-004093,2025-09-12,Odzież,Sklep internetowy,183.26
ZAM-2025-004872,2025-12-07,Odzież,Sklep internetowy,204.42
ZAM-2025-011963,2025-10-22,Sport,Marketplace,159.57
ZAM-2025-009729,2025-11-07,Uroda,Sklep internetowy,64.93
ZAM-2025-010812,2025-04-18,Sport,Sklep internetowy,150.57
ZAM-2025-012872,2025-07-30,Zabawki i prezenty,Facebook Ads,19
ZAM-2025-003988,2025-08-27,Odzież,Marketplace,106.93
ZAM-2025-013079,2025-09-04,Zabawki i prezenty,Sklep internetowy,86.82
ZAM-2025-004115,2025-09-19,Odzież,Marketplace,200.81
ZAM-2025-012861,2025-06-04,Zabawki i prezenty,Sklep internetowy,46.08
ZAM-2025-010531,2025-02-28,Sport,Sklep internetowy,169.93
ZAM-2025-012131,2025-11-07,Sport,Facebook Ads,136.27
ZAM-2025-001636,2025-11-29,Elektronika,Sklep internetowy,367.21
ZAM-2025-013030,2025-08-12,Zabawki i prezenty,Facebook Ads,90.19
ZAM-2025-013082,2025-09-25,Zabawki i prezenty,Google Ads,77.92
ZAM-2025-006084,2025-05-11,Dom i ogród,Facebook Ads,183.45
ZAM-2025-009044,2025-08-06,Uroda,Sklep internetowy,54.92
ZAM-2025-010416,2025-02-28,Sport,Marketplace,119.8
ZAM-2025-005975,2025-05-16,Dom i ogród,Marketplace,206.95
ZAM-2025-002052,2025-12-08,Elektronika,Sklep internetowy,321.94
ZAM-2025-000649,2025-05-05,Elektronika,Google Ads,454.04
ZAM-2025-000542,2025-04-26,Elektronika,Google Ads,425.18
ZAM-2025-013002,2025-08-09,Zabawki i prezenty,Sklep internetowy,60.77
ZAM-2025-004985,2025-12-08,Odzież,Marketplace,196.76
ZAM-2025-011818,2025-09-27,Sport,Facebook Ads,234.28
ZAM-2025-002712,2025-03-28,Odzież,Marketplace,90.01
ZAM-2025-008064,2025-03-14,Uroda,Sklep internetowy,137.63
ZAM-2025-004501,2025-10-15,Odzież,Google Ads,69.8
ZAM-2025-008857,2025-07-20,Uroda,Google Ads,119.55
ZAM-2025-000202,2025-02-15,Elektronika,Marketplace,267.46
ZAM-2025-004841,2025-11-22,Odzież,Facebook Ads,169.8
ZAM-2025-009155,2025-09-19,Uroda,Marketplace,109.7
ZAM-2025-001824,2025-11-21,Elektronika,Facebook Ads,291.59
ZAM-2025-010473,2025-02-06,Sport,Marketplace,221.67
ZAM-2025-000249,2025-02-03,Elektronika,Sklep internetowy,364.87
ZAM-2025-007246,2025-12-30,Dom i ogród,Google Ads,209.67
ZAM-2025-008890,2025-07-06,Uroda,Marketplace,88.35
ZAM-2025-011919,2025-09-21,Sport,Sklep internetowy,198.84
ZAM-2025-004894,2025-12-08,Odzież,Marketplace,121.44
ZAM-2025-001947,2025-11-02,Elektronika,Facebook Ads,379.53
ZAM-2025-004977,2025-12-23,Odzież,Sklep internetowy,120.88
ZAM-2025-009812,2025-12-31,Uroda,Sklep internetowy,79.83
ZAM-2025-008634,2025-06-26,Uroda,Facebook Ads,91.24
ZAM-2025-009482,2025-10-06,Uroda,Marketplace,53.88
ZAM-2025-007461,2025-01-14,Uroda,Sklep internetowy,77.03
ZAM-2025-012159,2025-11-28,Sport,Sklep internetowy,151.45
ZAM-2025-001696,2025-11-12,Elektronika,Sklep internetowy,200.37
ZAM-2025-007173,2025-11-30,Dom i ogród,Facebook Ads,134.24
ZAM-2025-002950,2025-04-07,Odzież,Google Ads,120.49
ZAM-2025-008879,2025-07-30,Uroda,Marketplace,66.25
ZAM-2025-007208,2025-11-10,Dom i ogród,Sklep internetowy,289.33
ZAM-2025-002201,2025-12-22,Elektronika,Facebook Ads,553.79
ZAM-2025-006621,2025-08-26,Dom i ogród,Sklep internetowy,222.52
ZAM-2025-006478,2025-07-29,Dom i ogród,Sklep internetowy,258.66
ZAM-2025-011991,2025-10-27,Sport,Google Ads,272.01
ZAM-2025-012804,2025-06-18,Zabawki i prezenty,Sklep internetowy,84.38
ZAM-2025-002175,2025-12-01,Elektronika,Sklep internetowy,471.82
ZAM-2025-008192,2025-04-20,Uroda,Sklep internetowy,53.15
ZAM-2025-014025,2025-12-27,Zabawki i prezenty,Sklep internetowy,84.08
ZAM-2025-000994,2025-07-27,Elektronika,Marketplace,606.89
ZAM-2025-009533,2025-10-19,Uroda,Sklep internetowy,48.8
ZAM-2025-003388,2025-05-05,Odzież,Facebook Ads,107.25
ZAM-2025-010450,2025-02-11,Sport,Sklep internetowy,173.41
ZAM-2025-007348,2025-12-09,Dom i ogród,Sklep internetowy,147.98
ZAM-2025-013339,2025-11-13,Zabawki i prezenty,Google Ads,74.36
ZAM-2025-001904,2025-11-12,Elektronika,Sklep internetowy,236.05
ZAM-2025-013820,2025-12-04,Zabawki i prezenty,Google Ads,128.15
ZAM-2025-011340,2025-06-08,Sport,Facebook Ads,211.34
ZAM-2025-011879,2025-09-30,Sport,Sklep internetowy,201.9
ZAM-2025-010022,2025-12-11,Uroda,Facebook Ads,87.72
ZAM-2025-004588,2025-10-10,Odzież,Google Ads,167.29
ZAM-2025-002612,2025-02-11,Odzież,Google Ads,107.41
ZAM-2025-006257,2025-06-15,Dom i ogród,Sklep internetowy,19
ZAM-2025-006647,2025-08-23,Dom i ogród,Marketplace,73.77
ZAM-2025-008044,2025-03-26,Uroda,Sklep internetowy,59.74
ZAM-2025-002128,2025-12-30,Elektronika,Facebook Ads,384.72
ZAM-2025-013627,2025-11-04,Zabawki i prezenty,Sklep internetowy,47.81
ZAM-2025-000158,2025-02-21,Elektronika,Facebook Ads,347.11
ZAM-2025-004213,2025-09-13,Odzież,Sklep internetowy,100.39
ZAM-2025-010291,2025-01-30,Sport,Sklep internetowy,154.65
ZAM-2025-010036,2025-12-27,Uroda,Marketplace,85.28
ZAM-2025-003986,2025-08-04,Odzież,Sklep internetowy,91.82
ZAM-2025-004277,2025-09-13,Odzież,Marketplace,173.15
ZAM-2025-009586,2025-11-17,Uroda,Google Ads,98.25
ZAM-2025-008728,2025-06-08,Uroda,Sklep internetowy,93.33
ZAM-2025-011529,2025-07-05,Sport,Sklep internetowy,65.0
ZAM-2025-012283,2025-12-25,Sport,Facebook Ads,160.27
ZAM-2025-012145,2025-11-22,Sport,Marketplace,60.79
ZAM-2025-013898,2025-12-21,Zabawki i prezenty,Marketplace,45.99
ZAM-2025-011870,2025-09-07,Sport,Facebook Ads,199.7
ZAM-2025-010144,2025-01-10,Sport,Marketplace,189.88
ZAM-2025-002290,2025-01-09,Odzież,Marketplace,169.69
ZAM-2025-003188,2025-04-22,Odzież,Facebook Ads,142.88
ZAM-2025-002948,2025-04-09,Odzież,Facebook Ads,154.67
ZAM-2025-010629,2025-03-25,Sport,Google Ads,160.23
ZAM-2025-006329,2025-06-11,Dom i ogród,Google Ads,19
ZAM-2025-009769,2025-11-30,Uroda,Google Ads,101.94
ZAM-2025-005093,2025-12-29,Odzież,Sklep internetowy,138.65
ZAM-2025-013594,2025-11-05,Zabawki i prezenty,Facebook Ads,33.78
ZAM-2025-006440,2025-07-03,Dom i ogród,Facebook Ads,156.37
ZAM-2025-010902,2025-04-11,Sport,Facebook Ads,107.82
ZAM-2025-006878,2025-09-21,Dom i ogród,Facebook Ads,108.51
ZAM-2025-002542,2025-02-12,Odzież,Facebook Ads,191.26
ZAM-2025-000180,2025-02-25,Elektronika,Marketplace,208.06
ZAM-2025-003551,2025-06-10,Odzież,Marketplace,116.9
ZAM-2025-003826,2025-07-12,Odzież,Facebook Ads,155.8
ZAM-2025-012899,2025-07-15,Zabawki i prezenty,Sklep internetowy,80.05
ZAM-2025-006324,2025-06-08,Dom i ogród,Sklep internetowy,102.13
ZAM-2025-009339,2025-09-13,Uroda,Facebook Ads,139.15
ZAM-2025-013023,2025-08-21,Zabawki i prezenty,Sklep internetowy,56.17
ZAM-2025-000225,2025-02-11,Elektronika,Google Ads,434.23
ZAM-2025-013729,2025-12-10,Zabawki i prezenty,Marketplace,80.22
ZAM-2025-001541,2025-10-07,Elektronika,Facebook Ads,662.72
ZAM-2025-003169,2025-04-02,Odzież,Marketplace,169.72
ZAM-2025-008841,2025-07-23,Uroda,Facebook Ads,135.15
ZAM-2025-007082,2025-10-19,Dom i ogród,Sklep internetowy,227.67
ZAM-2025-013535,2025-11-02,Zabawki i prezenty,Sklep internetowy,95.57
ZAM-2025-006994,2025-10-14,Dom i ogród,Marketplace,247.73
ZAM-2025-002027,2025-12-30,Elektronika,Google Ads,523.36
ZAM-2025-004134,2025-09-25,Odzież,Facebook Ads,136.61
ZAM-2025-001593,2025-10-09,Elektronika,Facebook Ads,328.89
ZAM-2025-010592,2025-03-18,Sport,Facebook Ads,212.86
ZAM-2025-007480,2025-01-16,Uroda,Google Ads,79.03
ZAM-2025-012506,2025-02-15,Zabawki i prezenty,Facebook Ads,90.99
ZAM-2025-013821,2025-12-11,Zabawki i prezenty,Marketplace,72.68
ZAM-2025-003204,2025-05-18,Odzież,Google Ads,186.91
ZAM-2025-005765,2025-04-25,Dom i ogród,Sklep internetowy,61.19
ZAM-2025-008193,2025-04-18,Uroda,Marketplace,127.15
ZAM-2025-006562,2025-07-30,Dom i ogród,Marketplace,199.22
ZAM-2025-008121,2025-04-11,Uroda,Facebook Ads,51.49
ZAM-2025-007343,2025-12-29,Dom i ogród,Sklep internetowy,233.4
ZAM-2025-013086,2025-09-20,Zabawki i prezenty,Sklep internetowy,99.06
ZAM-2025-008036,2025-03-08,Uroda,Sklep internetowy,80.77
ZAM-2025-008752,2025-06-28,Uroda,Facebook Ads,103.9
ZAM-2025-004756,2025-11-04,Odzież,Marketplace,122.88
ZAM-2025-006844,2025-09-18,Dom i ogród,Sklep internetowy,189.99
ZAM-2025-007001,2025-10-03,Dom i ogród,Sklep internetowy,296.61
ZAM-2025-008011,2025-03-03,Uroda,Facebook Ads,141.67
ZAM-2025-006240,2025-06-10,Dom i ogród,Marketplace,213.3
ZAM-2025-005994,2025-05-06,Dom i ogród,Sklep internetowy,124.91
ZAM-2025-010491,2025-02-10,Sport,Marketplace,201.45
ZAM-2025-002625,2025-03-28,Odzież,Facebook Ads,88.1
ZAM-2025-011181,2025-06-03,Sport,Marketplace,100.72
ZAM-2025-006161,2025-06-27,Dom i ogród,Facebook Ads,263.77
ZAM-2025-012057,2025-10-29,Sport,Google Ads,106.74
ZAM-2025-006177,2025-06-17,Dom i ogród,Sklep internetowy,258.95
ZAM-2025-000218,2025-02-23,Elektronika,Sklep internetowy,314.87
ZAM-2025-000412,2025-03-09,Elektronika,Google Ads,348.79
ZAM-2025-011087,2025-05-21,Sport,Sklep internetowy,178.6
ZAM-2025-003796,2025-07-02,Odzież,Sklep internetowy,161.95
ZAM-2025-013455,2025-11-04,Zabawki i prezenty,Facebook Ads,124.14
ZAM-2025-009757,2025-11-01,Uroda,Sklep internetowy,105.64
ZAM-2025-002042,2025-12-02,Elektronika,Marketplace,332.34
ZAM-2025-014067,2025-12-30,Zabawki i prezenty,Sklep internetowy,104.63
ZAM-2025-000037,2025-01-29,Elektronika,Marketplace,485.2
ZAM-2025-011889,2025-09-17,Sport,Marketplace,245.38
ZAM-2025-012147,2025-11-19,Sport,Google Ads,99.83
ZAM-2025-003944,2025-08-27,Odzież,Sklep internetowy,88.88
ZAM-2025-002943,2025-04-19,Odzież,Sklep internetowy,159.25
ZAM-2025-008551,2025-05-17,Uroda,Facebook Ads,86.69
ZAM-2025-013699,2025-12-14,Zabawki i prezenty,Marketplace,92.61
ZAM-2025-002436,2025-02-01,Odzież,Marketplace,91.21
ZAM-2025-004532,2025-10-17,Odzież,Sklep internetowy,78.45
ZAM-2025-010288,2025-01-29,Sport,Google Ads,145.09
ZAM-2025-008018,2025-03-05,Uroda,Sklep internetowy,104.51
ZAM-2025-001639,2025-11-20,Elektronika,Sklep internetowy,472.75
ZAM-2025-014073,2025-12-24,Zabawki i prezenty,Facebook Ads,37.3
ZAM-2025-012344,2025-12-06,Sport,Sklep internetowy,111.62
ZAM-2025-007260,2025-12-20,Dom i ogród,Sklep internetowy,219.38
ZAM-2025-009288,2025-09-04,Uroda,Marketplace,113.44
ZAM-2025-012171,2025-11-23,Sport,Sklep internetowy,78.26
ZAM-2025-003487,2025-06-14,Odzież,Sklep internetowy,140.39
ZAM-2025-007809,2025-02-06,Uroda,Facebook Ads,41.57
ZAM-2025-012286,2025-12-15,Sport,Sklep internetowy,213.84
ZAM-2025-003874,2025-08-03,Odzież,Sklep internetowy,132.63
ZAM-2025-007871,2025-03-04,Uroda,Marketplace,120.22
ZAM-2025-013885,2025-12-18,Zabawki i prezenty,Sklep internetowy,112.96
ZAM-2025-010187,2025-01-14,Sport,Facebook Ads,127.04
ZAM-2025-010386,2025-02-17,Sport,Marketplace,233.12
ZAM-2025-005075,2025-12-02,Odzież,Sklep internetowy,117.59
ZAM-2025-000740,2025-05-06,Elektronika,Sklep internetowy,419.28
ZAM-2025-003412,2025-05-04,Odzież,Google Ads,200.8
ZAM-2025-008022,2025-03-06,Uroda,Sklep internetowy,112.82
ZAM-2025-006854,2025-09-20,Dom i ogród,Sklep internetowy,35.52
ZAM-2025-003611,2025-06-14,Odzież,Google Ads,111.49
ZAM-2025-013601,2025-11-24,Zabawki i prezenty,Sklep internetowy,95.63
ZAM-2025-007656,2025-02-15,Uroda,Facebook Ads,88.62
ZAM-2025-006774,2025-08-20,Dom i ogród,Google Ads,113.66
ZAM-2025-007984,2025-03-12,Uroda,Sklep internetowy,48.53
ZAM-2025-014057,2025-12-22,Zabawki i prezenty,Sklep internetowy,73.02
ZAM-2025-012035,2025-10-15,Sport,Marketplace,73.96
ZAM-2025-012936,2025-07-29,Zabawki i prezenty,Sklep internetowy,70.7
ZAM-2025-006772,2025-08-07,Dom i ogród,Facebook Ads,248.36
ZAM-2025-009486,2025-10-02,Uroda,Google Ads,86.62
ZAM-2025-003624,2025-06-04,Odzież,Sklep internetowy,183.0
ZAM-2025-007125,2025-11-06,Dom i ogród,Google Ads,79.77
ZAM-2025-009620,2025-11-10,Uroda,Marketplace,117.37
ZAM-2025-002747,2025-03-14,Odzież,Sklep internetowy,19.32
ZAM-2025-001881,2025-11-01,Elektronika,Google Ads,270.06
ZAM-2025-000485,2025-04-01,Elektronika,Marketplace,389.3
ZAM-2025-005529,2025-03-21,Dom i ogród,Marketplace,193.09
ZAM-2025-007384,2025-12-23,Dom i ogród,Facebook Ads,222.44
ZAM-2025-001018,2025-07-22,Elektronika,Sklep internetowy,192.16
ZAM-2025-007174,2025-11-06,Dom i ogród,Marketplace,62.28
ZAM-2025-001004,2025-07-13,Elektronika,Google Ads,320.34
ZAM-2025-008185,2025-04-03,Uroda,Facebook Ads,108.49
ZAM-2025-011974,2025-10-24,Sport,Google Ads,279.26
ZAM-2025-007887,2025-03-29,Uroda,Sklep internetowy,114.26
ZAM-2025-004102,2025-09-22,Odzież,Sklep internetowy,110.03
ZAM-2025-001201,2025-08-19,Elektronika,Sklep internetowy,273.67
ZAM-2025-002775,2025-03-28,Odzież,Marketplace,128.98
ZAM-2025-011272,2025-06-23,Sport,Sklep internetowy,171.61
ZAM-2025-006210,2025-06-11,Dom i ogród,Sklep internetowy,28.91
ZAM-2025-005201,2025-01-13,Dom i ogród,Marketplace,280.75
ZAM-2025-000229,2025-02-02,Elektronika,Marketplace,522.9
ZAM-2025-011834,2025-09-29,Sport,Sklep internetowy,291.4
ZAM-2025-006966,2025-10-25,Dom i ogród,Sklep internetowy,147.41
ZAM-2025-001737,2025-11-05,Elektronika,Facebook Ads,439.87
ZAM-2025-001254,2025-09-10,Elektronika,Marketplace,457.43
ZAM-2025-013963,2025-12-01,Zabawki i prezenty,Sklep internetowy,57.0
ZAM-2025-002680,2025-03-26,Odzież,Google Ads,178.78
ZAM-2025-003800,2025-07-31,Odzież,Marketplace,169.35
ZAM-2025-012666,2025-04-03,Zabawki i prezenty,Facebook Ads,95.79
ZAM-2025-008409,2025-05-29,Uroda,Sklep internetowy,96.16
ZAM-2025-011065,2025-05-16,Sport,Facebook Ads,200.93
ZAM-2025-006710,2025-08-11,Dom i ogród,Google Ads,232.1
ZAM-2025-005898,2025-05-05,Dom i ogród,Facebook Ads,341.32
ZAM-2025-007545,2025-01-25,Uroda,Sklep internetowy,75.83
ZAM-2025-006801,2025-09-16,Dom i ogród,Sklep internetowy,198.0
ZAM-2025-010163,2025-01-21,Sport,Sklep internetowy,165.59
ZAM-2025-010420,2025-02-08,Sport,Sklep internetowy,128.02
ZAM-2025-008891,2025-07-02,Uroda,Sklep internetowy,94.38
ZAM-2025-010700,2025-03-26,Sport,Marketplace,111.6
ZAM-2025-006384,2025-07-19,Dom i ogród,Marketplace,203.02
ZAM-2025-004447,2025-10-29,Odzież,Marketplace,82.73
ZAM-2025-006417,2025-07-13,Dom i ogród,Sklep internetowy,96.43
ZAM-2025-001922,2025-11-16,Elektronika,Google Ads,275.68
ZAM-2025-002360,2025-01-27,Odzież,Marketplace,143.87
ZAM-2025-005846,2025-05-04,Dom i ogród,Facebook Ads,222.9
ZAM-2025-002160,2025-12-20,Elektronika,Marketplace,181.24
ZAM-2025-009772,2025-11-11,Uroda,Sklep internetowy,103.93
ZAM-2025-000603,2025-04-27,Elektronika,Marketplace,345.33
ZAM-2025-001181,2025-08-18,Elektronika,Sklep internetowy,23.17
ZAM-2025-013895,2025-12-10,Zabawki i prezenty,Sklep internetowy,84.58
ZAM-2025-007012,2025-10-10,Dom i ogród,Sklep internetowy,231.94
ZAM-2025-004524,2025-10-08,Odzież,Sklep internetowy,119.34
ZAM-2025-013908,2025-12-31,Zabawki i prezenty,Facebook Ads,50.77
ZAM-2025-010392,2025-02-09,Sport,Sklep internetowy,203.17
ZAM-2025-008463,2025-05-22,Uroda,Marketplace,22.37
ZAM-2025-002468,2025-02-23,Odzież,Sklep internetowy,139.62
ZAM-2025-008859,2025-07-06,Uroda,Sklep internetowy,87.27
ZAM-2025-000859,2025-06-04,Elektronika,Marketplace,87.58
ZAM-2025-005234,2025-01-31,Dom i ogród,Sklep internetowy,118.96
ZAM-2025-000022,2025-01-30,Elektronika,Marketplace,373.16
ZAM-2025-011757,2025-08-18,Sport,Sklep internetowy,144.54
ZAM-2025-002633,2025-03-11,Odzież,Sklep internetowy,215.62
ZAM-2025-014095,2025-12-30,Zabawki i prezenty,Sklep internetowy,112.1
ZAM-2025-006490,2025-07-12,Dom i ogród,Sklep internetowy,29.51
ZAM-2025-008313,2025-05-10,Uroda,Sklep internetowy,127.88
ZAM-2025-009751,2025-11-27,Uroda,Google Ads,123.96
ZAM-2025-005674,2025-04-17,Dom i ogród,Sklep internetowy,258.67
ZAM-2025-013186,2025-10-24,Zabawki i prezenty,Facebook Ads,43.33
ZAM-2025-011517,2025-07-13,Sport,Google Ads,145.18
ZAM-2025-010963,2025-05-13,Sport,Marketplace,129.51
ZAM-2025-009716,2025-11-01,Uroda,Facebook Ads,134.11
ZAM-2025-005396,2025-02-26,Dom i ogród,Sklep internetowy,58.89
ZAM-2025-011059,2025-05-04,Sport,Sklep internetowy,108.71
ZAM-2025-008672,2025-06-11,Uroda,Marketplace,172.21
ZAM-2025-013335,2025-11-05,Zabawki i prezenty,Sklep internetowy,87.41
ZAM-2025-007846,2025-02-11,Uroda,Facebook Ads,68.93
ZAM-2025-008154,2025-04-23,Uroda,Sklep internetowy,93.45
ZAM-2025-008725,2025-06-18,Uroda,Google Ads,101.61
ZAM-2025-013880,2025-12-22,Zabawki i prezenty,Facebook Ads,109.79
ZAM-2025-008733,2025-06-03,Uroda,Facebook Ads,67.09
ZAM-2025-013110,2025-09-30,Zabawki i prezenty,Sklep internetowy,81.67
ZAM-2025-010765,2025-04-07,Sport,Marketplace,221.41
ZAM-2025-005232,2025-01-08,Dom i ogród,Facebook Ads,161.85
ZAM-2025-010833,2025-04-26,Sport,Facebook Ads,181.68
ZAM-2025-005388,2025-02-27,Dom i ogród,Marketplace,212.71
ZAM-2025-000503,2025-04-29,Elektronika,Google Ads,290.57
ZAM-2025-002174,2025-12-09,Elektronika,Marketplace,369.52
ZAM-2025-000687,2025-05-16,Elektronika,Google Ads,289.89
ZAM-2025-013732,2025-12-13,Zabawki i prezenty,Marketplace,76.36
ZAM-2025-006193,2025-06-29,Dom i ogród,Google Ads,393.58
ZAM-2025-000784,2025-06-28,Elektronika,Marketplace,562.78
ZAM-2025-000481,2025-04-01,Elektronika,Sklep internetowy,172.3
ZAM-2025-000298,2025-03-30,Elektronika,Marketplace,432.44
ZAM-2025-009476,2025-10-11,Uroda,Sklep internetowy,118.4
ZAM-2025-003750,2025-07-14,Odzież,Facebook Ads,142.34
ZAM-2025-014017,2025-12-14,Zabawki i prezenty,Sklep internetowy,89.7
ZAM-2025-008387,2025-05-21,Uroda,Facebook Ads,43.2
ZAM-2025-003809,2025-07-04,Odzież,Marketplace,170.26
ZAM-2025-009690,2025-11-29,Uroda,Sklep internetowy,45.06
ZAM-2025-006575,2025-07-13,Dom i ogród,Marketplace,264.58
ZAM-2025-009855,2025-12-28,Uroda,Google Ads,108.1
ZAM-2025-011888,2025-09-27,Sport,Sklep internetowy,222.8
ZAM-2025-010873,2025-04-23,Sport,Facebook Ads,171.85
ZAM-2025-007255,2025-12-04,Dom i ogród,Sklep internetowy,155.13
ZAM-2025-013216,2025-10-20,Zabawki i prezenty,Sklep internetowy,73.63
ZAM-2025-008231,2025-04-10,Uroda,Google Ads,146.0
ZAM-2025-009236,2025-09-24,Uroda,Facebook Ads,105.85
ZAM-2025-000717,2025-05-04,Elektronika,Sklep internetowy,513.96
ZAM-2025-011911,2025-09-11,Sport,Sklep internetowy,241.89
ZAM-2025-004117,2025-09-17,Odzież,Sklep internetowy,86.21
ZAM-2025-003630,2025-06-15,Odzież,Marketplace,158.91
ZAM-2025-007061,2025-10-17,Dom i ogród,Marketplace,201.81
ZAM-2025-000963,2025-07-23,Elektronika,Sklep internetowy,344.83
ZAM-2025-011661,2025-08-25,Sport,Sklep internetowy,192.14
ZAM-2025-002449,2025-02-25,Odzież,Facebook Ads,289.38
ZAM-2025-001508,2025-10-18,Elektronika,Google Ads,225.16
ZAM-2025-001293,2025-09-07,Elektronika,Marketplace,739.84
ZAM-2025-006368,2025-07-28,Dom i ogród,Facebook Ads,158.31
ZAM-2025-011572,2025-07-29,Sport,Facebook Ads,170.35
ZAM-2025-010941,2025-04-25,Sport,Google Ads,173.67
ZAM-2025-005149,2025-12-22,Odzież,Sklep internetowy,149.64
ZAM-2025-007454,2025-01-19,Uroda,Facebook Ads,95.46
ZAM-2025-011886,2025-09-18,Sport,Sklep internetowy,140.83
ZAM-2025-001492,2025-10-04,Elektronika,Sklep internetowy,217.17
ZAM-2025-012867,2025-07-02,Zabawki i prezenty,Facebook Ads,58.99
ZAM-2025-007552,2025-01-30,Uroda,Sklep internetowy,115.89
ZAM-2025-004868,2025-12-14,Odzież,Marketplace,135.51
ZAM-2025-013982,2025-12-02,Zabawki i prezenty,Sklep internetowy,65.68
ZAM-2025-009094,2025-08-14,Uroda,Sklep internetowy,75.74
ZAM-2025-000007,2025-01-21,Elektronika,Marketplace,332.9
ZAM-2025-011171,2025-06-14,Sport,Sklep internetowy,249.23
ZAM-2025-002125,2025-12-15,Elektronika,Sklep internetowy,541.21
ZAM-2025-005968,2025-05-24,Dom i ogród,Google Ads,94.87
ZAM-2025-000359,2025-03-29,Elektronika,Sklep internetowy,421.34
ZAM-2025-013975,2025-12-18,Zabawki i prezenty,Facebook Ads,123.65
ZAM-2025-005908,2025-05-06,Dom i ogród,Facebook Ads,86.83
ZAM-2025-006603,2025-08-06,Dom i ogród,Sklep internetowy,105.54
ZAM-2025-007868,2025-03-18,Uroda,Sklep internetowy,136.37
ZAM-2025-013552,2025-11-16,Zabawki i prezenty,Facebook Ads,94.21
ZAM-2025-010588,2025-03-22,Sport,Google Ads,158.32
ZAM-2025-013481,2025-11-11,Zabawki i prezenty,Facebook Ads,50.46
ZAM-2025-000712,2025-05-29,Elektronika,Sklep internetowy,479.35
ZAM-2025-005594,2025-04-24,Dom i ogród,Google Ads,235.22
ZAM-2025-008579,2025-06-15,Uroda,Google Ads,71.07
ZAM-2025-001274,2025-09-24,Elektronika,Sklep internetowy,472.12
ZAM-2025-004966,2025-12-06,Odzież,Facebook Ads,255.75
ZAM-2025-003821,2025-07-05,Odzież,Marketplace,213.31
ZAM-2025-005326,2025-02-26,Dom i ogród,Google Ads,293.56
ZAM-2025-013515,2025-11-28,Zabawki i prezenty,Sklep internetowy,40.5
ZAM-2025-004245,2025-09-18,Odzież,Sklep internetowy,152.05
ZAM-2025-013852,2025-12-08,Zabawki i prezenty,Facebook Ads,104.23
ZAM-2025-006657,2025-08-26,Dom i ogród,Google Ads,177.66
ZAM-2025-006238,2025-06-26,Dom i ogród,Marketplace,242.17
ZAM-2025-002975,2025-04-11,Odzież,Marketplace,183.39
ZAM-2025-007307,2025-12-09,Dom i ogród,Marketplace,265.41
ZAM-2025-013349,2025-11-20,Zabawki i prezenty,Sklep internetowy,53.95
ZAM-2025-001437,2025-10-13,Elektronika,Sklep internetowy,165.18
ZAM-2025-008924,2025-07-16,Uroda,Marketplace,68.41
ZAM-2025-008990,2025-08-17,Uroda,Facebook Ads,59.87
ZAM-2025-010542,2025-02-04,Sport,Facebook Ads,130.57
ZAM-2025-003066,2025-04-09,Odzież,Google Ads,171.62
ZAM-2025-005413,2025-02-03,Dom i ogród,Sklep internetowy,225.28
ZAM-2025-007262,2025-12-16,Dom i ogród,Sklep internetowy,259.6
ZAM-2025-008324,2025-05-02,Uroda,Marketplace,93.28
ZAM-2025-000405,2025-03-17,Elektronika,Sklep internetowy,391.6
ZAM-2025-004827,2025-11-16,Odzież,Sklep internetowy,216.34
ZAM-2025-001782,2025-11-02,Elektronika,Google Ads,602.37
ZAM-2025-000917,2025-06-27,Elektronika,Marketplace,354.28
ZAM-2025-003798,2025-07-23,Odzież,Google Ads,137.47
ZAM-2025-003214,2025-05-04,Odzież,Sklep internetowy,202.01
ZAM-2025-009137,2025-08-22,Uroda,Facebook Ads,92.33
ZAM-2025-013720,2025-12-05,Zabawki i prezenty,Facebook Ads,98.03
ZAM-2025-007960,2025-03-29,Uroda,Sklep internetowy,116.38
ZAM-2025-005157,2025-12-02,Odzież,Sklep internetowy,101.01
ZAM-2025-007944,2025-03-13,Uroda,Sklep internetowy,129.97
ZAM-2025-013191,2025-10-30,Zabawki i prezenty,Sklep internetowy,101.63
ZAM-2025-009020,2025-08-25,Uroda,Sklep internetowy,114.12
ZAM-2025-005700,2025-04-07,Dom i ogród,Facebook Ads,233.4
ZAM-2025-012221,2025-12-26,Sport,Google Ads,188.87
ZAM-2025-003678,2025-06-04,Odzież,Google Ads,128.29
ZAM-2025-005868,2025-05-03,Dom i ogród,Marketplace,152.7
ZAM-2025-007438,2025-01-19,Uroda,Sklep internetowy,78.12
ZAM-2025-013144,2025-10-04,Zabawki i prezenty,Marketplace,56.43
ZAM-2025-001458,2025-10-15,Elektronika,Marketplace,641.29
ZAM-2025-003108,2025-04-12,Odzież,Facebook Ads,164.44
ZAM-2025-005866,2025-05-28,Dom i ogród,Facebook Ads,186.97
ZAM-2025-012917,2025-07-18,Zabawki i prezenty,Marketplace,98.0
ZAM-2025-003837,2025-07-22,Odzież,Sklep internetowy,90.5
ZAM-2025-008238,2025-04-01,Uroda,Marketplace,76.19
ZAM-2025-001607,2025-10-30,Elektronika,Facebook Ads,520.65
ZAM-2025-006541,2025-07-22,Dom i ogród,Marketplace,114.85
ZAM-2025-011722,2025-08-20,Sport,Google Ads,171.61
ZAM-2025-011316,2025-06-29,Sport,Facebook Ads,28.91
ZAM-2025-002388,2025-01-19,Odzież,Sklep internetowy,123.4
ZAM-2025-005823,2025-04-21,Dom i ogród,Marketplace,156.98
ZAM-2025-000619,2025-05-02,Elektronika,Google Ads,318.33
ZAM-2025-002764,2025-03-14,Odzież,Marketplace,65.2
ZAM-2025-002316,2025-01-28,Odzież,Sklep internetowy,98.59
ZAM-2025-000897,2025-06-05,Elektronika,Facebook Ads,480.66
ZAM-2025-013470,2025-11-14,Zabawki i prezenty,Google Ads,83.05
ZAM-2025-001210,2025-08-04,Elektronika,Sklep internetowy,441.35
ZAM-2025-008321,2025-05-15,Uroda,Sklep internetowy,64.15
ZAM-2025-003164,2025-04-05,Odzież,Sklep internetowy,237.92
ZAM-2025-007385,2025-12-30,Dom i ogród,Facebook Ads,136.46
ZAM-2025-002410,2025-01-19,Odzież,Marketplace,69.42
ZAM-2025-003523,2025-06-21,Odzież,Sklep internetowy,155.28
ZAM-2025-007374,2025-12-14,Dom i ogród,Sklep internetowy,182.84
ZAM-2025-013537,2025-11-27,Zabawki i prezenty,Sklep internetowy,65.38
ZAM-2025-006054,2025-05-17,Dom i ogród,Sklep internetowy,87.66
ZAM-2025-009686,2025-11-27,Uroda,Google Ads,85.92
ZAM-2025-012636,2025-04-10,Zabawki i prezenty,Facebook Ads,70.69
ZAM-2025-012925,2025-07-02,Zabawki i prezenty,Sklep internetowy,85.12
ZAM-2025-008720,2025-06-05,Uroda,Sklep internetowy,40.09
ZAM-2025-002312,2025-01-10,Odzież,Marketplace,217.64
ZAM-2025-003464,2025-05-28,Odzież,Marketplace,181.48
ZAM-2025-009599,2025-11-28,Uroda,Marketplace,85.17
ZAM-2025-008345,2025-05-14,Uroda,Sklep internetowy,98.48
ZAM-2025-004914,2025-12-12,Odzież,Marketplace,134.25
ZAM-2025-002030,2025-12-27,Elektronika,Marketplace,364.2
ZAM-2025-008650,2025-06-19,Uroda,Sklep internetowy,105.76
ZAM-2025-006652,2025-08-10,Dom i ogród,Sklep internetowy,164.91
ZAM-2025-012693,2025-04-22,Zabawki i prezenty,Sklep internetowy,74.22
ZAM-2025-012732,2025-05-14,Zabawki i prezenty,Google Ads,78.95
ZAM-2025-004722,2025-11-13,Odzież,Sklep internetowy,119.55
ZAM-2025-012833,2025-06-04,Zabawki i prezenty,Marketplace,75.37
ZAM-2025-008482,2025-05-19,Uroda,Sklep internetowy,70.63
ZAM-2025-007561,2025-01-01,Uroda,Google Ads,106.14
ZAM-2025-004046,2025-09-09,Odzież,Marketplace,29.83
ZAM-2025-006011,2025-05-02,Dom i ogród,Facebook Ads,148.09
ZAM-2025-004665,2025-11-23,Odzież,Facebook Ads,64.48
ZAM-2025-000074,2025-01-15,Elektronika,Facebook Ads,613.05
ZAM-2025-009926,2025-12-17,Uroda,Sklep internetowy,95.62
ZAM-2025-000752,2025-05-22,Elektronika,Sklep internetowy,518.86
ZAM-2025-007195,2025-11-20,Dom i ogród,Google Ads,265.98
ZAM-2025-012635,2025-04-17,Zabawki i prezenty,Marketplace,92.97
ZAM-2025-004517,2025-10-13,Odzież,Google Ads,141.38
ZAM-2025-001250,2025-09-28,Elektronika,Marketplace,109.23
ZAM-2025-004887,2025-12-05,Odzież,Google Ads,99.67
ZAM-2025-005538,2025-03-12,Dom i ogród,Marketplace,268.35
ZAM-2025-012591,2025-03-31,Zabawki i prezenty,Google Ads,102.01
ZAM-2025-007141,2025-11-20,Dom i ogród,Facebook Ads,198.78
ZAM-2025-012685,2025-04-08,Zabawki i prezenty,Facebook Ads,50.69
ZAM-2025-008061,2025-03-18,Uroda,Google Ads,124.11
ZAM-2025-007959,2025-03-19,Uroda,Marketplace,166.21
ZAM-2025-006699,2025-08-01,Dom i ogród,Google Ads,106.71
ZAM-2025-010859,2025-04-07,Sport,Google Ads,250.96
ZAM-2025-008799,2025-07-21,Uroda,Marketplace,90.8
ZAM-2025-006920,2025-09-03,Dom i ogród,Marketplace,246.29
ZAM-2025-012800,2025-06-24,Zabawki i prezenty,Sklep internetowy,78.66
ZAM-2025-006047,2025-05-17,Dom i ogród,Sklep internetowy,247.71
ZAM-2025-003755,2025-07-23,Odzież,Google Ads,114.45
ZAM-2025-011824,2025-09-10,Sport,Facebook Ads,198.37
ZAM-2025-003890,2025-08-04,Odzież,Facebook Ads,220.89
ZAM-2025-007469,2025-01-02,Uroda,Sklep internetowy,129.97
ZAM-2025-008556,2025-05-18,Uroda,Sklep internetowy,108.53
ZAM-2025-012788,2025-06-23,Zabawki i prezenty,Marketplace,64.67
ZAM-2025-010191,2025-01-30,Sport,Marketplace,108.0
ZAM-2025-005717,2025-04-02,Dom i ogród,Google Ads,344.87
ZAM-2025-000135,2025-01-13,Elektronika,Marketplace,581.49
ZAM-2025-010379,2025-02-14,Sport,Sklep internetowy,140.32
ZAM-2025-000046,2025-01-24,Elektronika,Sklep internetowy,91.92
ZAM-2025-007068,2025-10-30,Dom i ogród,Google Ads,274.4
ZAM-2025-002435,2025-02-25,Odzież,Sklep internetowy,99.25
ZAM-2025-005574,2025-03-27,Dom i ogród,Facebook Ads,196.63
ZAM-2025-004880,2025-12-03,Odzież,Facebook Ads,127.21
ZAM-2025-002338,2025-01-04,Odzież,Sklep internetowy,231.19
ZAM-2025-010570,2025-03-29,Sport,Sklep internetowy,88.83
ZAM-2025-002283,2025-01-10,Odzież,Sklep internetowy,154.64
ZAM-2025-008655,2025-06-28,Uroda,Sklep internetowy,55.78
ZAM-2025-005578,2025-03-04,Dom i ogród,Sklep internetowy,296.18
ZAM-2025-008435,2025-05-14,Uroda,Facebook Ads,43.07
ZAM-2025-001516,2025-10-06,Elektronika,Marketplace,276.63
ZAM-2025-011831,2025-09-26,Sport,Marketplace,261.82
ZAM-2025-000313,2025-03-05,Elektronika,Facebook Ads,466.93
ZAM-2025-006365,2025-07-04,Dom i ogród,Google Ads,51.88
ZAM-2025-006563,2025-07-03,Dom i ogród,Marketplace,88.3
ZAM-2025-006825,2025-09-06,Dom i ogród,Marketplace,281.09
ZAM-2025-000326,2025-03-28,Elektronika,Facebook Ads,223.87
ZAM-2025-010807,2025-04-17,Sport,Facebook Ads,235.63
ZAM-2025-001908,2025-11-06,Elektronika,Google Ads,372.37
ZAM-2025-001074,2025-07-22,Elektronika,Sklep internetowy,83.74
ZAM-2025-011049,2025-05-17,Sport,Google Ads,174.73
ZAM-2025-001719,2025-11-28,Elektronika,Marketplace,361.52
ZAM-2025-005592,2025-03-08,Dom i ogród,Marketplace,28.52
ZAM-2025-005353,2025-02-22,Dom i ogród,Google Ads,45.04
ZAM-2025-003518,2025-06-04,Odzież,Facebook Ads,142.81
ZAM-2025-005505,2025-03-30,Dom i ogród,Sklep internetowy,296.98
ZAM-2025-000234,2025-02-21,Elektronika,Sklep internetowy,494.51
ZAM-2025-004547,2025-10-23,Odzież,Sklep internetowy,121.26
ZAM-2025-010750,2025-03-03,Sport,Marketplace,179.18
ZAM-2025-011244,2025-06-30,Sport,Sklep internetowy,161.21
ZAM-2025-004890,2025-12-28,Odzież,Facebook Ads,150.12
ZAM-2025-011347,2025-06-17,Sport,Marketplace,212.69
ZAM-2025-009969,2025-12-16,Uroda,Facebook Ads,80.96
ZAM-2025-008515,2025-05-03,Uroda,Sklep internetowy,112.47
ZAM-2025-007979,2025-03-27,Uroda,Marketplace,87.02
ZAM-2025-007779,2025-02-18,Uroda,Facebook Ads,75.78
ZAM-2025-011426,2025-07-08,Sport,Marketplace,131.92
ZAM-2025-014034,2025-12-25,Zabawki i prezenty,Facebook Ads,96.12
ZAM-2025-008637,2025-06-05,Uroda,Sklep internetowy,92.13
ZAM-2025-000376,2025-03-06,Elektronika,Sklep internetowy,362.27
ZAM-2025-006610,2025-08-15,Dom i ogród,Facebook Ads,124.62
ZAM-2025-009160,2025-09-25,Uroda,Google Ads,74.43
ZAM-2025-010456,2025-02-11,Sport,Marketplace,144.13
ZAM-2025-002247,2025-01-11,Odzież,Sklep internetowy,148.57
ZAM-2025-003854,2025-07-20,Odzież,Marketplace,139.67
ZAM-2025-003555,2025-06-23,Odzież,Sklep internetowy,89.13
ZAM-2025-001823,2025-11-29,Elektronika,Sklep internetowy,612.37
ZAM-2025-000149,2025-02-02,Elektronika,Marketplace,625.9
ZAM-2025-007500,2025-01-14,Uroda,Sklep internetowy,57.78
ZAM-2025-010687,2025-03-29,Sport,Marketplace,208.88
ZAM-2025-012193,2025-11-18,Sport,Google Ads,169.8
ZAM-2025-003374,2025-05-19,Odzież,Facebook Ads,160.02
ZAM-2025-011546,2025-07-04,Sport,Facebook Ads,181.17
ZAM-2025-010132,2025-01-29,Sport,Marketplace,202.47
ZAM-2025-014104,2025-12-03,Zabawki i prezenty,Marketplace,48.0
ZAM-2025-003499,2025-06-05,Odzież,Marketplace,141.25
ZAM-2025-009758,2025-11-01,Uroda,Sklep internetowy,77.54
ZAM-2025-003893,2025-08-25,Odzież,Sklep internetowy,125.09
ZAM-2025-008871,2025-07-16,Uroda,Sklep internetowy,71.15
ZAM-2025-010202,2025-01-07,Sport,Google Ads,202.82
ZAM-2025-011825,2025-09-28,Sport,Sklep internetowy,269.22
ZAM-2025-000540,2025-04-27,Elektronika,Marketplace,296.59
ZAM-2025-004847,2025-11-18,Odzież,Marketplace,109.31
ZAM-2025-011610,2025-08-20,Sport,Marketplace,111.31
ZAM-2025-010872,2025-04-05,Sport,Facebook Ads,62.58
ZAM-2025-009677,2025-11-22,Uroda,Marketplace,72.29
ZAM-2025-013990,2025-12-06,Zabawki i prezenty,Facebook Ads,121.47
ZAM-2025-002699,2025-03-08,Odzież,Sklep internetowy,141.55
ZAM-2025-005680,2025-04-12,Dom i ogród,Facebook Ads,171.0
ZAM-2025-000867,2025-06-05,Elektronika,Sklep internetowy,240.39
ZAM-2025-000640,2025-05-18,Elektronika,Facebook Ads,582.52
ZAM-2025-013016,2025-08-04,Zabawki i prezenty,Google Ads,96.55
ZAM-2025-011073,2025-05-09,Sport,Marketplace,201.91
ZAM-2025-012006,2025-10-16,Sport,Google Ads,226.56
ZAM-2025-011747,2025-08-22,Sport,Facebook Ads,190.11
ZAM-2025-002100,2025-12-20,Elektronika,Google Ads,457.93
ZAM-2025-000453,2025-04-09,Elektronika,Google Ads,281.28
ZAM-2025-007293,2025-12-13,Dom i ogród,Marketplace,165.24
ZAM-2025-009483,2025-10-16,Uroda,Sklep internetowy,95.52
ZAM-2025-005621,2025-04-11,Dom i ogród,Google Ads,103.29
ZAM-2025-007214,2025-11-27,Dom i ogród,Facebook Ads,150.25
ZAM-2025-011710,2025-08-30,Sport,Marketplace,158.68
ZAM-2025-008519,2025-05-19,Uroda,Google Ads,68.24
ZAM-2025-004516,2025-10-11,Odzież,Facebook Ads,197.06
ZAM-2025-000777,2025-06-27,Elektronika,Google Ads,347.03
ZAM-2025-002499,2025-02-07,Odzież,Sklep internetowy,122.99
ZAM-2025-004728,2025-11-21,Odzież,Facebook Ads,161.82
ZAM-2025-007900,2025-03-20,Uroda,Sklep internetowy,90.6
ZAM-2025-009982,2025-12-05,Uroda,Sklep internetowy,73.53
ZAM-2025-000232,2025-02-06,Elektronika,Marketplace,410.33
ZAM-2025-002234,2025-12-09,Elektronika,Sklep internetowy,284.93
ZAM-2025-003924,2025-08-11,Odzież,Facebook Ads,109.71
ZAM-2025-000392,2025-03-11,Elektronika,Facebook Ads,400.29
ZAM-2025-000630,2025-05-25,Elektronika,Marketplace,370.37
ZAM-2025-002884,2025-04-07,Odzież,Sklep internetowy,19
ZAM-2025-004815,2025-11-20,Odzież,Marketplace,110.38
ZAM-2025-004597,2025-10-12,Odzież,Marketplace,169.18
ZAM-2025-001559,2025-10-02,Elektronika,Marketplace,535.18
ZAM-2025-000552,2025-04-14,Elektronika,Marketplace,394.66
ZAM-2025-012944,2025-07-09,Zabawki i prezenty,Facebook Ads,96.23
ZAM-2025-002626,2025-03-29,Odzież,Sklep internetowy,142.4
ZAM-2025-011822,2025-09-18,Sport,Sklep internetowy,98.17
ZAM-2025-010781,2025-04-15,Sport,Marketplace,204.8
ZAM-2025-007318,2025-12-31,Dom i ogród,Marketplace,208.44
ZAM-2025-005531,2025-03-18,Dom i ogród,Sklep internetowy,233.82
ZAM-2025-013596,2025-11-16,Zabawki i prezenty,Sklep internetowy,105.87
ZAM-2025-006965,2025-10-31,Dom i ogród,Facebook Ads,284.47
ZAM-2025-003426,2025-05-27,Odzież,Google Ads,118.3
ZAM-2025-008270,2025-04-14,Uroda,Sklep internetowy,103.43
ZAM-2025-003381,2025-05-25,Odzież,Sklep internetowy,247.04
ZAM-2025-006357,2025-07-18,Dom i ogród,Facebook Ads,210.29
ZAM-2025-006116,2025-06-14,Dom i ogród,Marketplace,121.65
ZAM-2025-003981,2025-08-21,Odzież,Sklep internetowy,190.18
ZAM-2025-012273,2025-12-04,Sport,Sklep internetowy,246.67
ZAM-2025-007128,2025-11-17,Dom i ogród,Sklep internetowy,153.12
ZAM-2025-009355,2025-09-12,Uroda,Marketplace,82.5
ZAM-2025-011332,2025-06-12,Sport,Facebook Ads,192.02
ZAM-2025-007084,2025-10-16,Dom i ogród,Sklep internetowy,267.22
ZAM-2025-007015,2025-10-16,Dom i ogród,Sklep internetowy,252.09
ZAM-2025-006099,2025-06-14,Dom i ogród,Sklep internetowy,147.34
ZAM-2025-000664,2025-05-29,Elektronika,Google Ads,257.28
ZAM-2025-010640,2025-03-08,Sport,Sklep internetowy,241.45
ZAM-2025-001750,2025-11-08,Elektronika,Marketplace,391.98
ZAM-2025-000003,2025-01-02,Elektronika,Sklep internetowy,469.12
ZAM-2025-004159,2025-09-27,Odzież,Sklep internetowy,94.04
ZAM-2025-001087,2025-08-03,Elektronika,Sklep internetowy,557.0
ZAM-2025-013414,2025-11-05,Zabawki i prezenty,Facebook Ads,85.44
ZAM-2025-010790,2025-04-20,Sport,Sklep internetowy,214.32
ZAM-2025-004842,2025-11-02,Odzież,Marketplace,179.74
ZAM-2025-000688,2025-05-09,Elektronika,Marketplace,325.39
ZAM-2025-009151,2025-08-09,Uroda,Sklep internetowy,123.61
ZAM-2025-005545,2025-03-06,Dom i ogród,Facebook Ads,158.27
ZAM-2025-003631,2025-06-17,Odzież,Google Ads,24.09
ZAM-2025-011337,2025-06-27,Sport,Marketplace,238.25
ZAM-2025-011231,2025-06-03,Sport,Marketplace,144.77
ZAM-2025-008600,2025-06-14,Uroda,Sklep internetowy,65.77
ZAM-2025-001973,2025-12-18,Elektronika,Sklep internetowy,19
ZAM-2025-009788,2025-11-03,Uroda,Google Ads,57.09
ZAM-2025-009885,2025-12-12,Uroda,Sklep internetowy,74.58
ZAM-2025-007163,2025-11-26,Dom i ogród,Google Ads,136.65
ZAM-2025-012346,2025-12-03,Sport,Google Ads,258.4
ZAM-2025-010611,2025-03-01,Sport,Facebook Ads,133.41
ZAM-2025-012537,2025-03-10,Zabawki i prezenty,Facebook Ads,89.0
ZAM-2025-006093,2025-06-28,Dom i ogród,Marketplace,244.97
ZAM-2025-011585,2025-07-13,Sport,Facebook Ads,116.69
ZAM-2025-004369,2025-10-30,Odzież,Sklep internetowy,95.1
ZAM-2025-013683,2025-12-12,Zabawki i prezenty,Google Ads,57.68
ZAM-2025-007688,2025-02-02,Uroda,Marketplace,109.15
ZAM-2025-010730,2025-03-08,Sport,Marketplace,123.45
ZAM-2025-012429,2025-01-08,Zabawki i prezenty,Sklep internetowy,79.7
ZAM-2025-008370,2025-05-19,Uroda,Sklep internetowy,95.59
ZAM-2025-007184,2025-11-01,Dom i ogród,Marketplace,75.57
ZAM-2025-012038,2025-10-23,Sport,Sklep internetowy,176.11
ZAM-2025-007303,2025-12-18,Dom i ogród,Sklep internetowy,269.65
ZAM-2025-007344,2025-12-26,Dom i ogród,Sklep internetowy,167.83
ZAM-2025-003181,2025-04-28,Odzież,Marketplace,98.84
ZAM-2025-002488,2025-02-23,Odzież,Google Ads,114.85
ZAM-2025-003193,2025-04-03,Odzież,Sklep internetowy,121.24
ZAM-2025-003725,2025-07-21,Odzież,Facebook Ads,174.46
ZAM-2025-008894,2025-07-26,Uroda,Google Ads,100.25
ZAM-2025-003564,2025-06-30,Odzież,Sklep internetowy,135.33
ZAM-2025-014084,2025-12-14,Zabawki i prezenty,Sklep internetowy,47.0
ZAM-2025-010019,2025-12-09,Uroda,Sklep internetowy,117.46
ZAM-2025-009610,2025-11-12,Uroda,Facebook Ads,128.14
ZAM-2025-007903,2025-03-09,Uroda,Sklep internetowy,111.83
ZAM-2025-012299,2025-12-02,Sport,Marketplace,196.24
ZAM-2025-012950,2025-08-25,Zabawki i prezenty,Sklep internetowy,104.15
ZAM-2025-008955,2025-07-27,Uroda,Marketplace,66.79
ZAM-2025-004828,2025-11-06,Odzież,Marketplace,184.93
ZAM-2025-001410,2025-09-07,Elektronika,Marketplace,436.03
ZAM-2025-006246,2025-06-30,Dom i ogród,Sklep internetowy,71.2
ZAM-2025-006100,2025-06-02,Dom i ogród,Sklep internetowy,163.66
ZAM-2025-012381,2025-01-02,Zabawki i prezenty,Sklep internetowy,59.22
ZAM-2025-001943,2025-11-17,Elektronika,Facebook Ads,202.64
ZAM-2025-000864,2025-06-07,Elektronika,Sklep internetowy,210.99
ZAM-2025-002687,2025-03-02,Odzież,Marketplace,91.1
ZAM-2025-000224,2025-02-09,Elektronika,Marketplace,196.38
ZAM-2025-005662,2025-04-27,Dom i ogród,Sklep internetowy,124.2
ZAM-2025-011020,2025-05-23,Sport,Sklep internetowy,93.21
ZAM-2025-003446,2025-05-29,Odzież,Sklep internetowy,181.16
ZAM-2025-003684,2025-07-17,Odzież,Sklep internetowy,106.45
ZAM-2025-010227,2025-01-04,Sport,Google Ads,200.88
ZAM-2025-013072,2025-09-21,Zabawki i prezenty,Facebook Ads,70.73
ZAM-2025-002412,2025-01-28,Odzież,Sklep internetowy,194.11
ZAM-2025-010803,2025-04-17,Sport,Facebook Ads,127.89
ZAM-2025-008348,2025-05-09,Uroda,Facebook Ads,101.4
ZAM-2025-006876,2025-09-21,Dom i ogród,Facebook Ads,151.3
ZAM-2025-014061,2025-12-18,Zabawki i prezenty,Marketplace,100.44
ZAM-2025-001688,2025-11-18,Elektronika,Marketplace,371.05
ZAM-2025-006213,2025-06-01,Dom i ogród,Sklep internetowy,259.5
ZAM-2025-010980,2025-05-18,Sport,Marketplace,245.28
ZAM-2025-004458,2025-10-24,Odzież,Sklep internetowy,195.36
ZAM-2025-006903,2025-09-19,Dom i ogród,Marketplace,353.38
ZAM-2025-012445,2025-01-10,Zabawki i prezenty,Marketplace,28.1
ZAM-2025-006044,2025-05-02,Dom i ogród,Marketplace,121.78
ZAM-2025-002402,2025-01-07,Odzież,Google Ads,203.57
ZAM-2025-002689,2025-03-18,Odzież,Sklep internetowy,92.84
ZAM-2025-009604,2025-11-16,Uroda,Sklep internetowy,87.32
ZAM-2025-009535,2025-10-16,Uroda,Google Ads,105.35
ZAM-2025-007230,2025-11-20,Dom i ogród,Sklep internetowy,218.66
ZAM-2025-003331,2025-05-16,Odzież,Facebook Ads,60.42
ZAM-2025-013374,2025-11-15,Zabawki i prezenty,Marketplace,56.21
ZAM-2025-002158,2025-12-15,Elektronika,Marketplace,276.56
ZAM-2025-011058,2025-05-07,Sport,Sklep internetowy,149.37
ZAM-2025-009276,2025-09-10,Uroda,Sklep internetowy,72.59
ZAM-2025-012676,2025-04-26,Zabawki i prezenty,Sklep internetowy,59.08
ZAM-2025-009402,2025-10-28,Uroda,Sklep internetowy,96.4
ZAM-2025-007364,2025-12-12,Dom i ogród,Sklep internetowy,200.23
ZAM-2025-001649,2025-11-16,Elektronika,Marketplace,398.34
ZAM-2025-009836,2025-12-02,Uroda,Marketplace,92.75
ZAM-2025-006726,2025-08-31,Dom i ogród,Marketplace,260.21
ZAM-2025-002479,2025-02-18,Odzież,Sklep internetowy,171.88
ZAM-2025-007840,2025-02-18,Uroda,Marketplace,75.85
ZAM-2025-003629,2025-06-29,Odzież,Google Ads,243.22
ZAM-2025-008308,2025-05-09,Uroda,Marketplace,85.29
ZAM-2025-004097,2025-09-20,Odzież,Marketplace,173.9
ZAM-2025-001633,2025-11-09,Elektronika,Sklep internetowy,305.14
ZAM-2025-004735,2025-11-20,Odzież,Sklep internetowy,118.88
ZAM-2025-012203,2025-11-01,Sport,Google Ads,215.46
ZAM-2025-006236,2025-06-19,Dom i ogród,Sklep internetowy,212.93
ZAM-2025-011758,2025-08-19,Sport,Marketplace,148.74
ZAM-2025-010741,2025-03-23,Sport,Sklep internetowy,261.65
ZAM-2025-012176,2025-11-21,Sport,Google Ads,239.84
ZAM-2025-006677,2025-08-28,Dom i ogród,Marketplace,283.99
ZAM-2025-004968,2025-12-04,Odzież,Sklep internetowy,153.55
ZAM-2025-009738,2025-11-27,Uroda,Facebook Ads,129.11
ZAM-2025-012909,2025-07-07,Zabawki i prezenty,Marketplace,51.38
ZAM-2025-003966,2025-08-10,Odzież,Google Ads,144.34
ZAM-2025-004178,2025-09-30,Odzież,Google Ads,139.02
ZAM-2025-003052,2025-04-21,Odzież,Sklep internetowy,153.19
ZAM-2025-011015,2025-05-31,Sport,Sklep internetowy,136.79
ZAM-2025-005973,2025-05-29,Dom i ogród,Sklep internetowy,156.9
ZAM-2025-007786,2025-02-01,Uroda,Sklep internetowy,143.68
ZAM-2025-008278,2025-04-04,Uroda,Sklep internetowy,63.98
ZAM-2025-001233,2025-08-03,Elektronika,Marketplace,385.63
ZAM-2025-012841,2025-06-03,Zabawki i prezenty,Google Ads,63.67
ZAM-2025-002364,2025-01-03,Odzież,Marketplace,159.59
ZAM-2025-005345,2025-02-27,Dom i ogród,Sklep internetowy,241.7
ZAM-2025-011438,2025-07-03,Sport,Sklep internetowy,109.96
ZAM-2025-005653,2025-04-04,Dom i ogród,Marketplace,311.67
ZAM-2025-001721,2025-11-18,Elektronika,Facebook Ads,466.13
ZAM-2025-005054,2025-12-04,Odzież,Facebook Ads,91.78
ZAM-2025-004802,2025-11-30,Odzież,Sklep internetowy,136.36
ZAM-2025-008006,2025-03-04,Uroda,Sklep internetowy,95.43
ZAM-2025-011721,2025-08-28,Sport,Facebook Ads,173.0
ZAM-2025-007383,2025-12-25,Dom i ogród,Sklep internetowy,98.33
ZAM-2025-006313,2025-06-12,Dom i ogród,Marketplace,218.85
ZAM-2025-007022,2025-10-17,Dom i ogród,Marketplace,223.99
ZAM-2025-009070,2025-08-15,Uroda,Marketplace,121.96
ZAM-2025-002657,2025-03-17,Odzież,Google Ads,105.33
ZAM-2025-006137,2025-06-14,Dom i ogród,Facebook Ads,328.69
ZAM-2025-010417,2025-02-15,Sport,Marketplace,129.1
ZAM-2025-005394,2025-02-16,Dom i ogród,Sklep internetowy,259.2
ZAM-2025-007047,2025-10-04,Dom i ogród,Sklep internetowy,154.92
ZAM-2025-006893,2025-09-16,Dom i ogród,Sklep internetowy,238.73
ZAM-2025-003991,2025-08-17,Odzież,Marketplace,192.86
ZAM-2025-000228,2025-02-07,Elektronika,Facebook Ads,562.39
ZAM-2025-002998,2025-04-15,Odzież,Sklep internetowy,79.07
ZAM-2025-008628,2025-06-09,Uroda,Facebook Ads,104.18
ZAM-2025-013603,2025-11-05,Zabawki i prezenty,Sklep internetowy,110.28
ZAM-2025-001411,2025-09-29,Elektronika,Marketplace,500.77
ZAM-2025-012021,2025-10-28,Sport,Google Ads,60.49
ZAM-2025-008212,2025-04-02,Uroda,Facebook Ads,89.9
ZAM-2025-006638,2025-08-14,Dom i ogród,Facebook Ads,152.57
ZAM-2025-003054,2025-04-08,Odzież,Sklep internetowy,52.27
ZAM-2025-012869,2025-07-28,Zabawki i prezenty,Sklep internetowy,72.19
ZAM-2025-000214,2025-02-10,Elektronika,Facebook Ads,383.99
ZAM-2025-004421,2025-10-25,Odzież,Facebook Ads,180.56
ZAM-2025-012447,2025-01-01,Zabawki i prezenty,Sklep internetowy,29.34
ZAM-2025-010990,2025-05-22,Sport,Sklep internetowy,45.67
ZAM-2025-000851,2025-06-27,Elektronika,Sklep internetowy,500.72
ZAM-2025-013122,2025-09-09,Zabawki i prezenty,Facebook Ads,86.51
ZAM-2025-005077,2025-12-18,Odzież,Sklep internetowy,71.37
ZAM-2025-002430,2025-02-26,Odzież,Marketplace,145.44
ZAM-2025-010578,2025-03-28,Sport,Google Ads,69.49
ZAM-2025-001282,2025-09-15,Elektronika,Sklep internetowy,342.55
ZAM-2025-010791,2025-04-03,Sport,Sklep internetowy,64.04
ZAM-2025-003107,2025-04-23,Odzież,Marketplace,118.75
ZAM-2025-011178,2025-06-04,Sport,Marketplace,162.45
ZAM-2025-004958,2025-12-02,Odzież,Facebook Ads,181.46
ZAM-2025-006196,2025-06-22,Dom i ogród,Marketplace,131.52
ZAM-2025-001320,2025-09-12,Elektronika,Google Ads,541.42
ZAM-2025-012294,2025-12-29,Sport,Marketplace,179.99
ZAM-2025-013684,2025-12-01,Zabawki i prezenty,Marketplace,61.58
ZAM-2025-002936,2025-04-09,Odzież,Marketplace,136.07
ZAM-2025-005830,2025-05-12,Dom i ogród,Marketplace,42.69
ZAM-2025-007581,2025-01-26,Uroda,Sklep internetowy,74.18
ZAM-2025-010419,2025-02-08,Sport,Marketplace,207.89
ZAM-2025-013710,2025-12-24,Zabawki i prezenty,Sklep internetowy,58.57
ZAM-2025-001624,2025-11-08,Elektronika,Marketplace,304.98
ZAM-2025-011706,2025-08-14,Sport,Facebook Ads,57.54
ZAM-2025-012703,2025-05-22,Zabawki i prezenty,Marketplace,84.69
ZAM-2025-013443,2025-11-19,Zabawki i prezenty,Sklep internetowy,34.9
ZAM-2025-009133,2025-08-24,Uroda,Facebook Ads,74.26
ZAM-2025-006735,2025-08-20,Dom i ogród,Sklep internetowy,106.2
ZAM-2025-010898,2025-04-03,Sport,Marketplace,231.76
ZAM-2025-001970,2025-12-29,Elektronika,Sklep internetowy,370.06
ZAM-2025-009910,2025-12-30,Uroda,Sklep internetowy,140.6
ZAM-2025-013824,2025-12-21,Zabawki i prezenty,Facebook Ads,62.87
ZAM-2025-011297,2025-06-08,Sport,Sklep internetowy,109.06
ZAM-2025-003652,2025-06-28,Odzież,Sklep internetowy,113.41
ZAM-2025-011741,2025-08-16,Sport,Google Ads,181.23
ZAM-2025-011660,2025-08-21,Sport,Marketplace,211.17
ZAM-2025-007772,2025-02-20,Uroda,Google Ads,101.3
ZAM-2025-012082,2025-10-30,Sport,Marketplace,97.6
ZAM-2025-013735,2025-12-06,Zabawki i prezenty,Google Ads,19
ZAM-2025-011169,2025-06-07,Sport,Sklep internetowy,275.33
ZAM-2025-005787,2025-04-11,Dom i ogród,Sklep internetowy,337.46
ZAM-2025-012126,2025-11-06,Sport,Sklep internetowy,166.46
ZAM-2025-000208,2025-02-19,Elektronika,Sklep internetowy,735.15
ZAM-2025-012024,2025-10-09,Sport,Marketplace,262.93
ZAM-2025-006738,2025-08-15,Dom i ogród,Facebook Ads,190.53
ZAM-2025-003072,2025-04-01,Odzież,Facebook Ads,60.92
ZAM-2025-006959,2025-09-23,Dom i ogród,Google Ads,200.27
ZAM-2025-002594,2025-02-02,Odzież,Google Ads,149.01
ZAM-2025-000147,2025-02-15,Elektronika,Sklep internetowy,284.86
ZAM-2025-009463,2025-10-11,Uroda,Facebook Ads,104.32
ZAM-2025-000072,2025-01-01,Elektronika,Facebook Ads,364.24
ZAM-2025-006129,2025-06-05,Dom i ogród,Sklep internetowy,172.92
ZAM-2025-010613,2025-03-30,Sport,Marketplace,27.32
ZAM-2025-000400,2025-03-27,Elektronika,Sklep internetowy,156.4
ZAM-2025-002609,2025-02-04,Odzież,Sklep internetowy,91.65
ZAM-2025-010481,2025-02-20,Sport,Sklep internetowy,81.25
ZAM-2025-011329,2025-06-26,Sport,Sklep internetowy,180.71
ZAM-2025-011980,2025-10-19,Sport,Sklep internetowy,196.05
ZAM-2025-001207,2025-08-21,Elektronika,Sklep internetowy,410.48
ZAM-2025-011442,2025-07-10,Sport,Sklep internetowy,282.44
ZAM-2025-005849,2025-05-23,Dom i ogród,Sklep internetowy,244.66
ZAM-2025-006042,2025-05-11,Dom i ogród,Marketplace,230.38
ZAM-2025-005911,2025-05-16,Dom i ogród,Sklep internetowy,118.99
ZAM-2025-007566,2025-01-21,Uroda,Facebook Ads,108.2
ZAM-2025-000031,2025-01-13,Elektronika,Google Ads,486.45
ZAM-2025-007654,2025-02-01,Uroda,Sklep internetowy,81.52
ZAM-2025-012297,2025-12-10,Sport,Google Ads,108.11
ZAM-2025-006579,2025-07-26,Dom i ogród,Facebook Ads,125.33
ZAM-2025-002356,2025-01-17,Odzież,Sklep internetowy,137.53
ZAM-2025-012105,2025-11-18,Sport,Marketplace,98.42
ZAM-2025-000766,2025-06-09,Elektronika,Sklep internetowy,422.32
ZAM-2025-008202,2025-04-13,Uroda,Google Ads,91.94
ZAM-2025-001952,2025-11-16,Elektronika,Sklep internetowy,659.2
ZAM-2025-012229,2025-12-14,Sport,Marketplace,235.62
ZAM-2025-009538,2025-10-09,Uroda,Google Ads,96.58
ZAM-2025-009736,2025-11-07,Uroda,Google Ads,37.45
ZAM-2025-013181,2025-10-23,Zabawki i prezenty,Marketplace,84.42
ZAM-2025-002168,2025-12-01,Elektronika,Sklep internetowy,691.12
ZAM-2025-010886,2025-04-03,Sport,Sklep internetowy,114.85
ZAM-2025-002242,2025-01-28,Odzież,Sklep internetowy,160.87
ZAM-2025-011270,2025-06-03,Sport,Facebook Ads,191.56
ZAM-2025-001695,2025-11-16,Elektronika,Marketplace,64.4
ZAM-2025-011962,2025-10-16,Sport,Marketplace,157.05
ZAM-2025-007187,2025-11-18,Dom i ogród,Marketplace,187.89
ZAM-2025-009298,2025-09-27,Uroda,Marketplace,77.74
ZAM-2025-013317,2025-11-07,Zabawki i prezenty,Google Ads,59.56
ZAM-2025-006468,2025-07-07,Dom i ogród,Sklep internetowy,225.95
ZAM-2025-000842,2025-06-27,Elektronika,Marketplace,575.39
ZAM-2025-011793,2025-09-21,Sport,Marketplace,193.82
ZAM-2025-005793,2025-04-30,Dom i ogród,Facebook Ads,283.94
ZAM-2025-002638,2025-03-27,Odzież,Sklep internetowy,135.25
ZAM-2025-004902,2025-12-12,Odzież,Sklep internetowy,100.49
ZAM-2025-006916,2025-09-30,Dom i ogród,Marketplace,27.16
ZAM-2025-011312,2025-06-01,Sport,Sklep internetowy,138.85
ZAM-2025-009545,2025-10-21,Uroda,Sklep internetowy,84.66
ZAM-2025-003965,2025-08-05,Odzież,Sklep internetowy,228.98
ZAM-2025-001906,2025-11-08,Elektronika,Marketplace,440.58
ZAM-2025-006860,2025-09-20,Dom i ogród,Sklep internetowy,79.13
ZAM-2025-011174,2025-06-26,Sport,Google Ads,101.4
ZAM-2025-006308,2025-06-22,Dom i ogród,Sklep internetowy,112.64
ZAM-2025-001667,2025-11-05,Elektronika,Google Ads,495.93
ZAM-2025-007705,2025-02-06,Uroda,Sklep internetowy,82.83
ZAM-2025-001549,2025-10-10,Elektronika,Google Ads,504.3
ZAM-2025-002492,2025-02-16,Odzież,Sklep internetowy,72.64
ZAM-2025-004173,2025-09-17,Odzież,Facebook Ads,68.39
ZAM-2025-008545,2025-05-17,Uroda,Facebook Ads,142.55
ZAM-2025-001976,2025-12-16,Elektronika,Marketplace,430.87
ZAM-2025-001631,2025-11-26,Elektronika,Marketplace,373.0
ZAM-2025-004275,2025-09-24,Odzież,Sklep internetowy,110.99
ZAM-2025-002690,2025-03-29,Odzież,Sklep internetowy,119.74
ZAM-2025-010156,2025-01-07,Sport,Sklep internetowy,190.47
ZAM-2025-003430,2025-05-09,Odzież,Marketplace,97.42
ZAM-2025-011591,2025-07-31,Sport,Sklep internetowy,188.91
ZAM-2025-005071,2025-12-25,Odzież,Marketplace,118.24
ZAM-2025-009541,2025-10-18,Uroda,Sklep internetowy,93.82
ZAM-2025-003985,2025-08-18,Odzież,Marketplace,159.13
ZAM-2025-011133,2025-05-06,Sport,Marketplace,202.33
ZAM-2025-004508,2025-10-16,Odzież,Facebook Ads,121.91
ZAM-2025-006957,2025-09-10,Dom i ogród,Sklep internetowy,248.68
ZAM-2025-012691,2025-04-10,Zabawki i prezenty,Google Ads,50.95
ZAM-2025-013333,2025-11-05,Zabawki i prezenty,Sklep internetowy,112.99
ZAM-2025-004056,2025-09-16,Odzież,Sklep internetowy,174.24
ZAM-2025-006933,2025-09-19,Dom i ogród,Facebook Ads,178.45
ZAM-2025-005371,2025-02-21,Dom i ogród,Google Ads,47.96
ZAM-2025-006679,2025-08-15,Dom i ogród,Marketplace,124.86
ZAM-2025-002969,2025-04-08,Odzież,Sklep internetowy,115.73
ZAM-2025-006909,2025-09-22,Dom i ogród,Sklep internetowy,203.02
ZAM-2025-002732,2025-03-15,Odzież,Google Ads,65.6
ZAM-2025-006678,2025-08-13,Dom i ogród,Sklep internetowy,153.2
ZAM-2025-012557,2025-03-26,Zabawki i prezenty,Sklep internetowy,54.41
ZAM-2025-006062,2025-05-19,Dom i ogród,Facebook Ads,159.5
ZAM-2025-002347,2025-01-07,Odzież,Marketplace,286.76
ZAM-2025-003962,2025-08-01,Odzież,Marketplace,162.41
ZAM-2025-009462,2025-10-23,Uroda,Google Ads,114.83
ZAM-2025-009341,2025-09-01,Uroda,Sklep internetowy,133.01
ZAM-2025-012002,2025-10-13,Sport,Marketplace,223.27
ZAM-2025-004846,2025-11-24,Odzież,Sklep internetowy,233.98
ZAM-2025-010940,2025-04-29,Sport,Sklep internetowy,157.5
ZAM-2025-011116,2025-05-28,Sport,Sklep internetowy,90.69
ZAM-2025-006868,2025-09-25,Dom i ogród,Sklep internetowy,213.0
ZAM-2025-006976,2025-10-22,Dom i ogród,Google Ads,264.37
ZAM-2025-000772,2025-06-29,Elektronika,Sklep internetowy,306.8
ZAM-2025-000164,2025-02-11,Elektronika,Google Ads,392.86
ZAM-2025-006894,2025-09-03,Dom i ogród,Marketplace,60.41
ZAM-2025-010346,2025-02-01,Sport,Sklep internetowy,120.53
ZAM-2025-013083,2025-09-02,Zabawki i prezenty,Facebook Ads,99.71
ZAM-2025-006856,2025-09-03,Dom i ogród,Facebook Ads,31.75
ZAM-2025-004119,2025-09-08,Odzież,Marketplace,113.45
ZAM-2025-001367,2025-09-10,Elektronika,Sklep internetowy,556.08
ZAM-2025-006389,2025-07-08,Dom i ogród,Marketplace,215.86
ZAM-2025-013642,2025-11-01,Zabawki i prezenty,Sklep internetowy,77.39
ZAM-2025-006087,2025-05-03,Dom i ogród,Marketplace,291.63
ZAM-2025-009804,2025-12-07,Uroda,Marketplace,99.89
ZAM-2025-009701,2025-11-11,Uroda,Sklep internetowy,95.28
ZAM-2025-005117,2025-12-03,Odzież,Marketplace,186.43
ZAM-2025-007100,2025-11-05,Dom i ogród,Google Ads,200.75
ZAM-2025-000226,2025-02-01,Elektronika,Facebook Ads,516.58
ZAM-2025-010372,2025-02-25,Sport,Sklep internetowy,172.27
ZAM-2025-007466,2025-01-02,Uroda,Sklep internetowy,122.1
ZAM-2025-004366,2025-10-30,Odzież,Sklep internetowy,226.52
ZAM-2025-002717,2025-03-13,Odzież,Marketplace,118.95
ZAM-2025-009667,2025-11-08,Uroda,Marketplace,71.17
ZAM-2025-005457,2025-03-05,Dom i ogród,Facebook Ads,339.1
ZAM-2025-000556,2025-04-15,Elektronika,Sklep internetowy,293.07
ZAM-2025-006477,2025-07-23,Dom i ogród,Facebook Ads,220.71
ZAM-2025-002020,2025-12-08,Elektronika,Google Ads,377.75
ZAM-2025-000907,2025-06-05,Elektronika,Marketplace,434.11
ZAM-2025-012858,2025-06-19,Zabawki i prezenty,Sklep internetowy,71.17
ZAM-2025-003619,2025-06-26,Odzież,Marketplace,164.25
ZAM-2025-010675,2025-03-18,Sport,Sklep internetowy,175.69
ZAM-2025-006207,2025-06-01,Dom i ogród,Sklep internetowy,150.68
ZAM-2025-005651,2025-04-21,Dom i ogród,Google Ads,137.55
ZAM-2025-005080,2025-12-30,Odzież,Facebook Ads,167.05
ZAM-2025-012413,2025-01-07,Zabawki i prezenty,Google Ads,66.92
ZAM-2025-002509,2025-02-24,Odzież,Sklep internetowy,177.15
ZAM-2025-001522,2025-10-19,Elektronika,Facebook Ads,76.75
ZAM-2025-008765,2025-06-29,Uroda,Marketplace,73.08
ZAM-2025-004120,2025-09-29,Odzież,Sklep internetowy,56.8
ZAM-2025-004211,2025-09-07,Odzież,Google Ads,146.2
ZAM-2025-004527,2025-10-14,Odzież,Sklep internetowy,143.59
ZAM-2025-002137,2025-12-05,Elektronika,Sklep internetowy,241.13
ZAM-2025-006264,2025-06-10,Dom i ogród,Sklep internetowy,195.46
ZAM-2025-007126,2025-11-27,Dom i ogród,Google Ads,305.13
ZAM-2025-010888,2025-04-10,Sport,Facebook Ads,163.04
ZAM-2025-014114,2025-12-25,Zabawki i prezenty,Google Ads,60.77
ZAM-2025-005705,2025-04-06,Dom i ogród,Facebook Ads,243.85
ZAM-2025-011844,2025-09-03,Sport,Marketplace,230.47
ZAM-2025-008889,2025-07-08,Uroda,Facebook Ads,118.52
ZAM-2025-007748,2025-02-20,Uroda,Sklep internetowy,123.62
ZAM-2025-000547,2025-04-24,Elektronika,Facebook Ads,478.86
ZAM-2025-013962,2025-12-21,Zabawki i prezenty,Marketplace,59.17
ZAM-2025-014027,2025-12-18,Zabawki i prezenty,Facebook Ads,97.9
ZAM-2025-002809,2025-03-17,Odzież,Sklep internetowy,200.39
ZAM-2025-009852,2025-12-01,Uroda,Marketplace,79.7
ZAM-2025-004726,2025-11-01,Odzież,Sklep internetowy,119.29
ZAM-2025-003231,2025-05-24,Odzież,Sklep internetowy,157.89
ZAM-2025-010311,2025-01-02,Sport,Facebook Ads,183.21
ZAM-2025-008816,2025-07-11,Uroda,Sklep internetowy,105.3
ZAM-2025-007980,2025-03-22,Uroda,Facebook Ads,108.2
ZAM-2025-007407,2025-01-13,Uroda,Marketplace,161.92
ZAM-2025-001619,2025-11-16,Elektronika,Marketplace,443.27
ZAM-2025-006593,2025-08-04,Dom i ogród,Google Ads,92.01
ZAM-2025-009164,2025-09-05,Uroda,Marketplace,96.46
ZAM-2025-012189,2025-11-03,Sport,Marketplace,194.51
ZAM-2025-002644,2025-03-07,Odzież,Sklep internetowy,166.38
ZAM-2025-003443,2025-05-18,Odzież,Marketplace,121.4
ZAM-2025-011658,2025-08-25,Sport,Sklep internetowy,156.82
ZAM-2025-011528,2025-07-24,Sport,Facebook Ads,150.39
ZAM-2025-007150,2025-11-21,Dom i ogród,Marketplace,291.32
ZAM-2025-007564,2025-01-21,Uroda,Marketplace,144.96
ZAM-2025-005510,2025-03-26,Dom i ogród,Google Ads,121.67
ZAM-2025-014151,2025-12-12,Zabawki i prezenty,Sklep internetowy,113.32
ZAM-2025-012212,2025-11-29,Sport,Sklep internetowy,38.15
ZAM-2025-004481,2025-10-18,Odzież,Sklep internetowy,178.61
ZAM-2025-011155,2025-05-09,Sport,Google Ads,160.56
ZAM-2025-012281,2025-12-15,Sport,Sklep internetowy,19
ZAM-2025-001444,2025-10-19,Elektronika,Facebook Ads,206.41
ZAM-2025-007829,2025-02-20,Uroda,Marketplace,104.51
ZAM-2025-000108,2025-01-15,Elektronika,Marketplace,421.63
ZAM-2025-005885,2025-05-18,Dom i ogród,Sklep internetowy,255.48
ZAM-2025-002718,2025-03-03,Odzież,Marketplace,168.07
ZAM-2025-006298,2025-06-18,Dom i ogród,Sklep internetowy,233.57
ZAM-2025-013055,2025-09-07,Zabawki i prezenty,Google Ads,65.26
ZAM-2025-012995,2025-08-19,Zabawki i prezenty,Marketplace,66.62
ZAM-2025-014137,2025-12-31,Zabawki i prezenty,Google Ads,27.57
ZAM-2025-007624,2025-02-21,Uroda,Marketplace,90.09
ZAM-2025-002590,2025-02-20,Odzież,Sklep internetowy,164.39
ZAM-2025-009807,2025-12-15,Uroda,Marketplace,59.26
ZAM-2025-013506,2025-11-25,Zabawki i prezenty,Sklep internetowy,41.46
ZAM-2025-013675,2025-12-10,Zabawki i prezenty,Sklep internetowy,80.14
ZAM-2025-004656,2025-11-26,Odzież,Google Ads,98.97
ZAM-2025-011961,2025-09-22,Sport,Sklep internetowy,144.8
ZAM-2025-002490,2025-02-25,Odzież,Sklep internetowy,182.13
ZAM-2025-007418,2025-01-23,Uroda,Marketplace,102.31
ZAM-2025-000472,2025-04-18,Elektronika,Google Ads,278.93
ZAM-2025-013522,2025-11-15,Zabawki i prezenty,Facebook Ads,62.54
ZAM-2025-012538,2025-03-24,Zabawki i prezenty,Sklep internetowy,79.85
ZAM-2025-011851,2025-09-06,Sport,Sklep internetowy,192.87
ZAM-2025-013067,2025-09-02,Zabawki i prezenty,Marketplace,43.26
ZAM-2025-011625,2025-08-20,Sport,Google Ads,261.02
ZAM-2025-000101,2025-01-01,Elektronika,Marketplace,563.48
ZAM-2025-002674,2025-03-30,Odzież,Sklep internetowy,231.43
ZAM-2025-013837,2025-12-07,Zabawki i prezenty,Facebook Ads,83.74
ZAM-2025-005064,2025-12-02,Odzież,Sklep internetowy,101.14
ZAM-2025-003313,2025-05-27,Odzież,Marketplace,128.82
ZAM-2025-002155,2025-12-26,Elektronika,Sklep internetowy,416.99
ZAM-2025-003578,2025-06-07,Odzież,Google Ads,122.88
ZAM-2025-012704,2025-05-03,Zabawki i prezenty,Facebook Ads,104.8
ZAM-2025-009839,2025-12-31,Uroda,Facebook Ads,150.78
ZAM-2025-009080,2025-08-11,Uroda,Marketplace,48.49
ZAM-2025-011826,2025-09-21,Sport,Facebook Ads,55.33
ZAM-2025-013737,2025-12-13,Zabawki i prezenty,Sklep internetowy,86.28
ZAM-2025-000035,2025-01-13,Elektronika,Sklep internetowy,534.29
ZAM-2025-004563,2025-10-12,Odzież,Google Ads,112.54
ZAM-2025-001778,2025-11-24,Elektronika,Facebook Ads,348.74
ZAM-2025-011119,2025-05-01,Sport,Sklep internetowy,176.75
ZAM-2025-007563,2025-01-26,Uroda,Facebook Ads,172.93
ZAM-2025-002624,2025-03-25,Odzież,Sklep internetowy,176.36
ZAM-2025-001339,2025-09-08,Elektronika,Sklep internetowy,488.71
ZAM-2025-006241,2025-06-10,Dom i ogród,Marketplace,35.63
ZAM-2025-002951,2025-04-15,Odzież,Sklep internetowy,155.43
ZAM-2025-001644,2025-11-15,Elektronika,Sklep internetowy,396.53
ZAM-2025-011711,2025-08-26,Sport,Sklep internetowy,148.62
ZAM-2025-009609,2025-11-20,Uroda,Sklep internetowy,112.19
ZAM-2025-003830,2025-07-25,Odzież,Sklep internetowy,175.46
ZAM-2025-010075,2025-12-14,Uroda,Sklep internetowy,112.4
ZAM-2025-002087,2025-12-26,Elektronika,Marketplace,418.83
ZAM-2025-004386,2025-10-24,Odzież,Marketplace,149.84
ZAM-2025-011794,2025-09-21,Sport,Facebook Ads,173.66
ZAM-2025-006566,2025-07-14,Dom i ogród,Google Ads,330.71
ZAM-2025-013337,2025-11-18,Zabawki i prezenty,Facebook Ads,87.16
ZAM-2025-008623,2025-06-14,Uroda,Sklep internetowy,118.21
ZAM-2025-003317,2025-05-01,Odzież,Sklep internetowy,150.18
ZAM-2025-009666,2025-11-26,Uroda,Marketplace,75.07
ZAM-2025-002123,2025-12-09,Elektronika,Google Ads,393.87
ZAM-2025-013375,2025-11-02,Zabawki i prezenty,Facebook Ads,107.13
ZAM-2025-008302,2025-05-03,Uroda,Marketplace,121.18
ZAM-2025-009617,2025-11-17,Uroda,Sklep internetowy,93.79
ZAM-2025-001685,2025-11-25,Elektronika,Sklep internetowy,324.24
ZAM-2025-007104,2025-11-20,Dom i ogród,Sklep internetowy,225.87
ZAM-2025-012798,2025-06-23,Zabawki i prezenty,Google Ads,64.14
ZAM-2025-010238,2025-01-26,Sport,Sklep internetowy,271.16
ZAM-2025-006344,2025-06-05,Dom i ogród,Marketplace,164.81
ZAM-2025-000809,2025-06-19,Elektronika,Sklep internetowy,105.28
ZAM-2025-001069,2025-07-05,Elektronika,Marketplace,420.0
ZAM-2025-011526,2025-07-31,Sport,Google Ads,88.13
ZAM-2025-000937,2025-07-22,Elektronika,Sklep internetowy,586.08
ZAM-2025-003420,2025-05-06,Odzież,Facebook Ads,130.46
ZAM-2025-003379,2025-05-16,Odzież,Marketplace,175.25
ZAM-2025-001337,2025-09-01,Elektronika,Facebook Ads,235.25
ZAM-2025-007998,2025-03-10,Uroda,Google Ads,103.3
ZAM-2025-013321,2025-11-17,Zabawki i prezenty,Facebook Ads,53.46
ZAM-2025-006077,2025-05-27,Dom i ogród,Facebook Ads,280.05
ZAM-2025-008256,2025-04-05,Uroda,Sklep internetowy,85.96
ZAM-2025-002611,2025-02-20,Odzież,Facebook Ads,146.61
ZAM-2025-013377,2025-11-04,Zabawki i prezenty,Sklep internetowy,67.25
ZAM-2025-006134,2025-06-24,Dom i ogród,Facebook Ads,271.49
ZAM-2025-013410,2025-11-28,Zabawki i prezenty,Sklep internetowy,75.09
ZAM-2025-009739,2025-11-14,Uroda,Sklep internetowy,79.2
ZAM-2025-011240,2025-06-26,Sport,Google Ads,244.01
ZAM-2025-011183,2025-06-08,Sport,Google Ads,168.41
ZAM-2025-009740,2025-11-30,Uroda,Sklep internetowy,60.52
ZAM-2025-006889,2025-09-16,Dom i ogród,Marketplace,333.57
ZAM-2025-002544,2025-02-21,Odzież,Sklep internetowy,170.92
ZAM-2025-010552,2025-03-15,Sport,Marketplace,305.16
ZAM-2025-008774,2025-06-06,Uroda,Google Ads,111.16
ZAM-2025-009251,2025-09-21,Uroda,Sklep internetowy,58.33
ZAM-2025-013716,2025-12-16,Zabawki i prezenty,Sklep internetowy,59.25
ZAM-2025-003646,2025-06-28,Odzież,Facebook Ads,160.68
ZAM-2025-011026,2025-05-20,Sport,Sklep internetowy,223.36
ZAM-2025-011555,2025-07-06,Sport,Google Ads,182.5
ZAM-2025-012042,2025-10-06,Sport,Marketplace,94.24
ZAM-2025-011621,2025-08-12,Sport,Sklep internetowy,205.04
ZAM-2025-000043,2025-01-01,Elektronika,Marketplace,494.59
ZAM-2025-007623,2025-02-19,Uroda,Sklep internetowy,106.77
ZAM-2025-000877,2025-06-20,Elektronika,Google Ads,341.63
ZAM-2025-008367,2025-05-28,Uroda,Facebook Ads,94.61
ZAM-2025-002792,2025-03-11,Odzież,Sklep internetowy,42.17
ZAM-2025-005548,2025-03-09,Dom i ogród,Marketplace,266.88
ZAM-2025-005466,2025-03-16,Dom i ogród,Sklep internetowy,115.91
ZAM-2025-001675,2025-11-16,Elektronika,Facebook Ads,269.79
ZAM-2025-003855,2025-08-29,Odzież,Marketplace,146.84
ZAM-2025-013420,2025-11-19,Zabawki i prezenty,Google Ads,86.56
ZAM-2025-000891,2025-06-18,Elektronika,Facebook Ads,475.07
ZAM-2025-005590,2025-03-11,Dom i ogród,Marketplace,163.9
ZAM-2025-013028,2025-08-10,Zabawki i prezenty,Marketplace,74.56
ZAM-2025-013413,2025-11-29,Zabawki i prezenty,Marketplace,41.33
ZAM-2025-003726,2025-07-12,Odzież,Sklep internetowy,157.89
ZAM-2025-007228,2025-11-14,Dom i ogród,Sklep internetowy,187.08
ZAM-2025-007321,2025-12-13,Dom i ogród,Facebook Ads,156.47
ZAM-2025-009326,2025-09-30,Uroda,Marketplace,74.48
ZAM-2025-007296,2025-12-22,Dom i ogród,Marketplace,222.0
ZAM-2025-011613,2025-08-19,Sport,Marketplace,146.21
ZAM-2025-010114,2025-01-06,Sport,Google Ads,144.89
ZAM-2025-010673,2025-03-15,Sport,Sklep internetowy,278.9
ZAM-2025-013244,2025-10-16,Zabawki i prezenty,Sklep internetowy,69.59
ZAM-2025-012175,2025-11-11,Sport,Google Ads,202.24
ZAM-2025-013022,2025-08-23,Zabawki i prezenty,Google Ads,103.34
ZAM-2025-012551,2025-03-27,Zabawki i prezenty,Google Ads,71.52
ZAM-2025-008643,2025-06-29,Uroda,Marketplace,101.68
ZAM-2025-006926,2025-09-03,Dom i ogród,Google Ads,176.88
ZAM-2025-005616,2025-04-30,Dom i ogród,Sklep internetowy,238.76
ZAM-2025-010080,2025-12-03,Uroda,Sklep internetowy,119.07
ZAM-2025-007157,2025-11-08,Dom i ogród,Sklep internetowy,165.91
ZAM-2025-012470,2025-02-06,Zabawki i prezenty,Sklep internetowy,66.18
ZAM-2025-010324,2025-01-25,Sport,Marketplace,289.01
ZAM-2025-006117,2025-06-13,Dom i ogród,Facebook Ads,93.21
ZAM-2025-009455,2025-10-17,Uroda,Sklep internetowy,68.73
ZAM-2025-009228,2025-09-18,Uroda,Sklep internetowy,83.07
ZAM-2025-001580,2025-10-31,Elektronika,Sklep internetowy,390.1
ZAM-2025-002632,2025-03-05,Odzież,Sklep internetowy,83.56
ZAM-2025-007881,2025-03-24,Uroda,Sklep internetowy,79.05
ZAM-2025-005958,2025-05-02,Dom i ogród,Sklep internetowy,204.83
ZAM-2025-010201,2025-01-12,Sport,Google Ads,116.28
ZAM-2025-000434,2025-03-21,Elektronika,Marketplace,225.64
ZAM-2025-006917,2025-09-19,Dom i ogród,Marketplace,207.8
ZAM-2025-013461,2025-11-14,Zabawki i prezenty,Facebook Ads,65.54
ZAM-2025-005889,2025-05-29,Dom i ogród,Facebook Ads,222.27
ZAM-2025-007535,2025-01-16,Uroda,Google Ads,102.49
ZAM-2025-007937,2025-03-31,Uroda,Marketplace,107.5
ZAM-2025-005757,2025-04-05,Dom i ogród,Sklep internetowy,147.79
ZAM-2025-000040,2025-01-03,Elektronika,Sklep internetowy,244.36
ZAM-2025-006607,2025-08-11,Dom i ogród,Facebook Ads,238.58
ZAM-2025-005848,2025-05-12,Dom i ogród,Sklep internetowy,19
ZAM-2025-013942,2025-12-13,Zabawki i prezenty,Sklep internetowy,30.59
ZAM-2025-008162,2025-04-11,Uroda,Marketplace,48.41
ZAM-2025-001083,2025-08-13,Elektronika,Sklep internetowy,262.84
ZAM-2025-008252,2025-04-03,Uroda,Facebook Ads,159.89
ZAM-2025-013776,2025-12-09,Zabawki i prezenty,Sklep internetowy,85.35
ZAM-2025-006944,2025-09-10,Dom i ogród,Marketplace,147.1
ZAM-2025-000038,2025-01-23,Elektronika,Marketplace,502.27
ZAM-2025-012060,2025-10-15,Sport,Google Ads,175.56
ZAM-2025-008736,2025-06-20,Uroda,Marketplace,103.72
ZAM-2025-011931,2025-09-30,Sport,Sklep internetowy,180.88
ZAM-2025-004023,2025-08-31,Odzież,Facebook Ads,163.61
ZAM-2025-004332,2025-10-11,Odzież,Sklep internetowy,141.76
ZAM-2025-008858,2025-07-13,Uroda,Facebook Ads,95.88
ZAM-2025-011233,2025-06-15,Sport,Facebook Ads,19
ZAM-2025-011715,2025-08-02,Sport,Marketplace,151.82
ZAM-2025-003476,2025-05-16,Odzież,Google Ads,166.14
ZAM-2025-013755,2025-12-01,Zabawki i prezenty,Sklep internetowy,90.35
ZAM-2025-007347,2025-12-28,Dom i ogród,Google Ads,192.95
ZAM-2025-014022,2025-12-26,Zabawki i prezenty,Marketplace,76.8
ZAM-2025-002994,2025-04-27,Odzież,Sklep internetowy,135.12
ZAM-2025-010058,2025-12-27,Uroda,Sklep internetowy,84.35
ZAM-2025-006721,2025-08-09,Dom i ogród,Sklep internetowy,99.55
ZAM-2025-002433,2025-02-28,Odzież,Sklep internetowy,85.42
ZAM-2025-001047,2025-07-06,Elektronika,Google Ads,586.22
ZAM-2025-000315,2025-03-23,Elektronika,Sklep internetowy,409.68
ZAM-2025-003098,2025-04-23,Odzież,Marketplace,134.65
ZAM-2025-002458,2025-02-19,Odzież,Marketplace,24.39
ZAM-2025-009207,2025-09-08,Uroda,Sklep internetowy,125.56
ZAM-2025-001552,2025-10-20,Elektronika,Sklep internetowy,413.9
ZAM-2025-010477,2025-02-06,Sport,Facebook Ads,216.98
ZAM-2025-007302,2025-12-19,Dom i ogród,Marketplace,99.95
ZAM-2025-013133,2025-09-18,Zabawki i prezenty,Sklep internetowy,65.96
ZAM-2025-009703,2025-11-26,Uroda,Sklep internetowy,59.69
ZAM-2025-006552,2025-07-09,Dom i ogród,Facebook Ads,125.12
ZAM-2025-006508,2025-07-26,Dom i ogród,Marketplace,311.42
ZAM-2025-009820,2025-12-17,Uroda,Marketplace,84.4
ZAM-2025-001419,2025-09-16,Elektronika,Google Ads,369.15
ZAM-2025-001809,2025-11-16,Elektronika,Facebook Ads,321.64
ZAM-2025-007482,2025-01-31,Uroda,Facebook Ads,112.26
ZAM-2025-000878,2025-06-19,Elektronika,Facebook Ads,413.55
ZAM-2025-012405,2025-01-04,Zabawki i prezenty,Facebook Ads,81.76
ZAM-2025-011666,2025-08-27,Sport,Google Ads,221.07
ZAM-2025-000447,2025-04-21,Elektronika,Sklep internetowy,276.02
ZAM-2025-005169,2025-01-05,Dom i ogród,Marketplace,223.81
ZAM-2025-000622,2025-05-28,Elektronika,Sklep internetowy,480.08
ZAM-2025-009539,2025-10-12,Uroda,Facebook Ads,95.78
ZAM-2025-004283,2025-09-26,Odzież,Sklep internetowy,123.84
ZAM-2025-011634,2025-08-14,Sport,Sklep internetowy,181.91
ZAM-2025-007191,2025-11-16,Dom i ogród,Marketplace,342.96
ZAM-2025-005433,2025-03-10,Dom i ogród,Google Ads,183.28
ZAM-2025-000524,2025-04-14,Elektronika,Facebook Ads,385.44
ZAM-2025-011544,2025-07-07,Sport,Google Ads,132.41
ZAM-2025-004518,2025-10-17,Odzież,Facebook Ads,112.34
ZAM-2025-004519,2025-10-10,Odzież,Sklep internetowy,148.5
ZAM-2025-000439,2025-04-20,Elektronika,Sklep internetowy,36.8
ZAM-2025-005565,2025-03-27,Dom i ogród,Sklep internetowy,291.37
ZAM-2025-013205,2025-10-27,Zabawki i prezenty,Google Ads,77.95
ZAM-2025-004405,2025-10-26,Odzież,Sklep internetowy,194.97
ZAM-2025-008335,2025-05-16,Uroda,Marketplace,61.05
ZAM-2025-011932,2025-09-14,Sport,Google Ads,171.77
ZAM-2025-011258,2025-06-07,Sport,Sklep internetowy,190.26
ZAM-2025-005902,2025-05-27,Dom i ogród,Marketplace,219.14
ZAM-2025-006949,2025-09-26,Dom i ogród,Marketplace,218.8
ZAM-2025-002760,2025-03-26,Odzież,Sklep internetowy,133.8
ZAM-2025-008909,2025-07-22,Uroda,Facebook Ads,114.28
ZAM-2025-008279,2025-04-26,Uroda,Marketplace,68.97
ZAM-2025-008228,2025-04-17,Uroda,Facebook Ads,106.9
ZAM-2025-002719,2025-03-18,Odzież,Marketplace,166.81
ZAM-2025-011729,2025-08-10,Sport,Marketplace,174.27
ZAM-2025-000319,2025-03-14,Elektronika,Marketplace,416.64
ZAM-2025-007575,2025-01-04,Uroda,Sklep internetowy,96.03
ZAM-2025-003470,2025-05-28,Odzież,Facebook Ads,185.03
ZAM-2025-011074,2025-05-31,Sport,Marketplace,120.39
ZAM-2025-008970,2025-08-07,Uroda,Sklep internetowy,155.9
ZAM-2025-008340,2025-05-10,Uroda,Sklep internetowy,59.47
ZAM-2025-013025,2025-08-13,Zabawki i prezenty,Facebook Ads,77.31
ZAM-2025-014102,2025-12-12,Zabawki i prezenty,Google Ads,71.06
ZAM-2025-002277,2025-01-08,Odzież,Marketplace,88.13
ZAM-2025-000928,2025-07-10,Elektronika,Sklep internetowy,390.92
ZAM-2025-008531,2025-05-04,Uroda,Google Ads,90.72
ZAM-2025-012745,2025-05-20,Zabawki i prezenty,Google Ads,96.18
ZAM-2025-009467,2025-10-25,Uroda,Sklep internetowy,135.74
ZAM-2025-006074,2025-05-15,Dom i ogród,Facebook Ads,178.46
ZAM-2025-001148,2025-08-29,Elektronika,Sklep internetowy,513.58
ZAM-2025-003014,2025-04-02,Odzież,Sklep internetowy,161.83
ZAM-2025-011518,2025-07-27,Sport,Google Ads,228.07
ZAM-2025-003351,2025-05-24,Odzież,Google Ads,189.19
ZAM-2025-010298,2025-01-31,Sport,Sklep internetowy,160.22
ZAM-2025-004186,2025-09-21,Odzież,Facebook Ads,188.8
ZAM-2025-004440,2025-10-14,Odzież,Sklep internetowy,134.57
ZAM-2025-004324,2025-10-06,Odzież,Sklep internetowy,148.0
ZAM-2025-003051,2025-04-26,Odzież,Google Ads,155.94
ZAM-2025-001043,2025-07-22,Elektronika,Facebook Ads,386.74
ZAM-2025-005090,2025-12-25,Odzież,Facebook Ads,127.71
ZAM-2025-000033,2025-01-04,Elektronika,Sklep internetowy,273.43
ZAM-2025-010011,2025-12-17,Uroda,Sklep internetowy,127.55
ZAM-2025-005143,2025-12-28,Odzież,Sklep internetowy,154.43
ZAM-2025-001220,2025-08-06,Elektronika,Sklep internetowy,568.28
ZAM-2025-010770,2025-04-11,Sport,Sklep internetowy,19
ZAM-2025-010358,2025-02-24,Sport,Marketplace,129.11
ZAM-2025-009679,2025-11-05,Uroda,Marketplace,107.16
ZAM-2025-006927,2025-09-26,Dom i ogród,Sklep internetowy,173.45
ZAM-2025-011773,2025-08-18,Sport,Sklep internetowy,179.86
ZAM-2025-004700,2025-11-06,Odzież,Marketplace,132.08
ZAM-2025-002276,2025-01-15,Odzież,Sklep internetowy,151.74
ZAM-2025-010881,2025-04-30,Sport,Marketplace,235.75
ZAM-2025-008810,2025-07-13,Uroda,Sklep internetowy,127.29
ZAM-2025-011550,2025-07-04,Sport,Facebook Ads,145.71
ZAM-2025-001147,2025-08-10,Elektronika,Marketplace,352.28
ZAM-2025-007750,2025-02-27,Uroda,Facebook Ads,69.97
ZAM-2025-006729,2025-08-10,Dom i ogród,Facebook Ads,211.65
ZAM-2025-002906,2025-04-27,Odzież,Sklep internetowy,134.78
ZAM-2025-007427,2025-01-24,Uroda,Sklep internetowy,97.7
ZAM-2025-010008,2025-12-01,Uroda,Google Ads,120.78
ZAM-2025-002099,2025-12-04,Elektronika,Marketplace,472.58
ZAM-2025-012902,2025-07-24,Zabawki i prezenty,Sklep internetowy,56.89
ZAM-2025-011037,2025-05-26,Sport,Marketplace,183.17
ZAM-2025-005084,2025-12-22,Odzież,Marketplace,92.11
ZAM-2025-006692,2025-08-14,Dom i ogród,Google Ads,178.67
ZAM-2025-001931,2025-11-03,Elektronika,Sklep internetowy,94.86
ZAM-2025-002740,2025-03-04,Odzież,Google Ads,169.89
ZAM-2025-006669,2025-08-02,Dom i ogród,Sklep internetowy,167.16
ZAM-2025-008113,2025-04-13,Uroda,Marketplace,31.45
ZAM-2025-007235,2025-12-30,Dom i ogród,Google Ads,119.6
ZAM-2025-013422,2025-11-07,Zabawki i prezenty,Google Ads,87.71
ZAM-2025-004777,2025-11-11,Odzież,Facebook Ads,137.18
ZAM-2025-004382,2025-10-07,Odzież,Sklep internetowy,163.81
ZAM-2025-010747,2025-03-09,Sport,Google Ads,107.44
ZAM-2025-003006,2025-04-30,Odzież,Google Ads,130.77
ZAM-2025-012809,2025-06-10,Zabawki i prezenty,Facebook Ads,78.62
ZAM-2025-003075,2025-04-24,Odzież,Google Ads,99.93
ZAM-2025-004537,2025-10-24,Odzież,Sklep internetowy,102.48
ZAM-2025-011238,2025-06-04,Sport,Sklep internetowy,79.76
ZAM-2025-009612,2025-11-09,Uroda,Facebook Ads,96.64
ZAM-2025-001215,2025-08-06,Elektronika,Facebook Ads,384.79
ZAM-2025-003432,2025-05-14,Odzież,Google Ads,211.72
ZAM-2025-004342,2025-10-21,Odzież,Sklep internetowy,131.81
ZAM-2025-000829,2025-06-23,Elektronika,Sklep internetowy,144.9
ZAM-2025-001574,2025-10-17,Elektronika,Sklep internetowy,288.4
ZAM-2025-003477,2025-05-26,Odzież,Sklep internetowy,173.43
ZAM-2025-009206,2025-09-04,Uroda,Sklep internetowy,108.65
ZAM-2025-011396,2025-07-17,Sport,Sklep internetowy,195.08
ZAM-2025-012797,2025-06-30,Zabawki i prezenty,Facebook Ads,95.82
ZAM-2025-004898,2025-12-11,Odzież,Google Ads,92.84
ZAM-2025-006301,2025-06-06,Dom i ogród,Marketplace,259.34
ZAM-2025-000381,2025-03-20,Elektronika,Facebook Ads,95.79
ZAM-2025-000159,2025-02-09,Elektronika,Facebook Ads,333.46
ZAM-2025-004078,2025-09-10,Odzież,Sklep internetowy,165.03
ZAM-2025-010223,2025-01-17,Sport,Facebook Ads,137.58
ZAM-2025-000719,2025-05-11,Elektronika,Sklep internetowy,331.15
ZAM-2025-009999,2025-12-09,Uroda,Sklep internetowy,112.71
ZAM-2025-001115,2025-08-18,Elektronika,Sklep internetowy,250.53
ZAM-2025-010979,2025-05-02,Sport,Sklep internetowy,67.28
ZAM-2025-009283,2025-09-24,Uroda,Sklep internetowy,101.1
ZAM-2025-002148,2025-12-23,Elektronika,Sklep internetowy,468.64
ZAM-2025-012980,2025-08-11,Zabawki i prezenty,Facebook Ads,56.95
ZAM-2025-005027,2025-12-17,Odzież,Sklep internetowy,124.87
ZAM-2025-006822,2025-09-02,Dom i ogród,Marketplace,126.96
ZAM-2025-013734,2025-12-13,Zabawki i prezenty,Sklep internetowy,51.57
ZAM-2025-006667,2025-08-26,Dom i ogród,Marketplace,193.14
ZAM-2025-002772,2025-03-26,Odzież,Marketplace,110.54
ZAM-2025-001067,2025-07-03,Elektronika,Marketplace,261.5
ZAM-2025-004377,2025-10-08,Odzież,Google Ads,118.87
ZAM-2025-001311,2025-09-23,Elektronika,Sklep internetowy,514.87
ZAM-2025-002779,2025-03-08,Odzież,Google Ads,143.59
ZAM-2025-001919,2025-11-23,Elektronika,Facebook Ads,363.95
ZAM-2025-007878,2025-03-23,Uroda,Sklep internetowy,126.5
ZAM-2025-001424,2025-09-25,Elektronika,Sklep internetowy,416.17
ZAM-2025-000367,2025-03-16,Elektronika,Facebook Ads,386.02
ZAM-2025-013570,2025-11-12,Zabawki i prezenty,Facebook Ads,87.69
ZAM-2025-011843,2025-09-20,Sport,Marketplace,232.87
ZAM-2025-013582,2025-11-10,Zabawki i prezenty,Facebook Ads,46.4
ZAM-2025-002142,2025-12-26,Elektronika,Facebook Ads,431.32
ZAM-2025-005263,2025-01-25,Dom i ogród,Sklep internetowy,288.53
ZAM-2025-008002,2025-03-05,Uroda,Marketplace,117.09
ZAM-2025-012692,2025-04-20,Zabawki i prezenty,Google Ads,75.71
ZAM-2025-000362,2025-03-05,Elektronika,Marketplace,300.63
ZAM-2025-008838,2025-07-03,Uroda,Facebook Ads,113.55
ZAM-2025-001333,2025-09-20,Elektronika,Sklep internetowy,343.99
ZAM-2025-004312,2025-09-22,Odzież,Google Ads,203.84
ZAM-2025-002629,2025-03-07,Odzież,Sklep internetowy,107.37
ZAM-2025-008407,2025-05-06,Uroda,Google Ads,53.57
ZAM-2025-000394,2025-03-21,Elektronika,Google Ads,502.25
ZAM-2025-009395,2025-10-30,Uroda,Sklep internetowy,117.94
ZAM-2025-006858,2025-09-25,Dom i ogród,Google Ads,194.66
ZAM-2025-004664,2025-11-27,Odzież,Marketplace,189.49
ZAM-2025-001165,2025-08-02,Elektronika,Google Ads,512.38
ZAM-2025-008901,2025-07-20,Uroda,Sklep internetowy,67.83
ZAM-2025-013504,2025-11-15,Zabawki i prezenty,Marketplace,63.01
ZAM-2025-007051,2025-10-07,Dom i ogród,Marketplace,184.08
ZAM-2025-005407,2025-02-10,Dom i ogród,Facebook Ads,107.42
ZAM-2025-004747,2025-11-15,Odzież,Marketplace,145.15
ZAM-2025-011855,2025-09-02,Sport,Sklep internetowy,98.08
ZAM-2025-004311,2025-09-08,Odzież,Facebook Ads,193.87
ZAM-2025-000008,2025-01-02,Elektronika,Google Ads,352.94
ZAM-2025-004403,2025-10-03,Odzież,Marketplace,198.63
ZAM-2025-009235,2025-09-08,Uroda,Sklep internetowy,118.62
ZAM-2025-001206,2025-08-27,Elektronika,Google Ads,228.11
ZAM-2025-000987,2025-07-23,Elektronika,Sklep internetowy,339.82
ZAM-2025-009997,2025-12-22,Uroda,Marketplace,94.63
ZAM-2025-001090,2025-08-14,Elektronika,Facebook Ads,368.76
ZAM-2025-010844,2025-04-27,Sport,Facebook Ads,143.62
ZAM-2025-004241,2025-09-17,Odzież,Sklep internetowy,72.33
ZAM-2025-003080,2025-04-12,Odzież,Facebook Ads,117.69
ZAM-2025-001930,2025-11-28,Elektronika,Google Ads,294.77
ZAM-2025-000034,2025-01-24,Elektronika,Sklep internetowy,384.23
ZAM-2025-002002,2025-12-04,Elektronika,Facebook Ads,497.47
ZAM-2025-007489,2025-01-13,Uroda,Facebook Ads,73.61
ZAM-2025-006335,2025-06-12,Dom i ogród,Facebook Ads,212.97
ZAM-2025-002109,2025-12-11,Elektronika,Marketplace,523.18
ZAM-2025-007574,2025-01-24,Uroda,Sklep internetowy,64.82
ZAM-2025-004004,2025-08-19,Odzież,Google Ads,148.71
ZAM-2025-002162,2025-12-09,Elektronika,Facebook Ads,215.98
ZAM-2025-008143,2025-04-05,Uroda,Marketplace,110.67
ZAM-2025-009367,2025-10-17,Uroda,Google Ads,97.47
ZAM-2025-006130,2025-06-04,Dom i ogród,Marketplace,298.25
ZAM-2025-009733,2025-11-19,Uroda,Marketplace,101.49
ZAM-2025-000889,2025-06-06,Elektronika,Sklep internetowy,694.07
ZAM-2025-011680,2025-08-19,Sport,Facebook Ads,154.82
ZAM-2025-003502,2025-06-20,Odzież,Google Ads,143.79
ZAM-2025-000393,2025-03-17,Elektronika,Google Ads,602.48
ZAM-2025-006824,2025-09-18,Dom i ogród,Sklep internetowy,189.23
ZAM-2025-012136,2025-11-14,Sport,Sklep internetowy,148.69
ZAM-2025-002044,2025-12-16,Elektronika,Sklep internetowy,346.39
ZAM-2025-007785,2025-02-14,Uroda,Marketplace,107.04
ZAM-2025-005719,2025-04-23,Dom i ogród,Marketplace,228.62
ZAM-2025-004839,2025-11-05,Odzież,Facebook Ads,117.65
ZAM-2025-000756,2025-06-03,Elektronika,Sklep internetowy,269.0
ZAM-2025-008513,2025-05-22,Uroda,Marketplace,82.17
ZAM-2025-009756,2025-11-20,Uroda,Facebook Ads,80.45
ZAM-2025-002528,2025-02-23,Odzież,Sklep internetowy,195.85
ZAM-2025-004732,2025-11-27,Odzież,Sklep internetowy,132.51
ZAM-2025-010519,2025-02-12,Sport,Sklep internetowy,231.19
ZAM-2025-005206,2025-01-08,Dom i ogród,Sklep internetowy,382.63
ZAM-2025-010829,2025-04-06,Sport,Marketplace,195.74
ZAM-2025-009770,2025-11-19,Uroda,Sklep internetowy,77.08
ZAM-2025-006459,2025-07-04,Dom i ogród,Marketplace,266.92
ZAM-2025-008349,2025-05-18,Uroda,Marketplace,27.92
ZAM-2025-010582,2025-03-11,Sport,Facebook Ads,180.18
ZAM-2025-009858,2025-12-09,Uroda,Facebook Ads,117.3
ZAM-2025-001264,2025-09-19,Elektronika,Facebook Ads,360.3
ZAM-2025-004079,2025-09-18,Odzież,Sklep internetowy,81.82
ZAM-2025-012758,2025-05-13,Zabawki i prezenty,Sklep internetowy,48.67
ZAM-2025-001561,2025-10-26,Elektronika,Sklep internetowy,336.07
ZAM-2025-002623,2025-03-29,Odzież,Sklep internetowy,144.6
ZAM-2025-008494,2025-05-25,Uroda,Sklep internetowy,158.45
ZAM-2025-004137,2025-09-14,Odzież,Google Ads,283.88
ZAM-2025-006442,2025-07-25,Dom i ogród,Facebook Ads,47.47
ZAM-2025-004026,2025-08-07,Odzież,Marketplace,115.93
ZAM-2025-003930,2025-08-18,Odzież,Sklep internetowy,126.84
ZAM-2025-011485,2025-07-03,Sport,Facebook Ads,243.25
ZAM-2025-001939,2025-11-21,Elektronika,Facebook Ads,352.26
ZAM-2025-000431,2025-03-05,Elektronika,Marketplace,563.21
ZAM-2025-008896,2025-07-09,Uroda,Google Ads,84.17
ZAM-2025-005426,2025-03-21,Dom i ogród,Google Ads,186.54
ZAM-2025-013173,2025-10-24,Zabawki i prezenty,Sklep internetowy,58.01
ZAM-2025-005469,2025-03-01,Dom i ogród,Marketplace,142.43
ZAM-2025-007699,2025-02-11,Uroda,Sklep internetowy,88.39
ZAM-2025-012121,2025-11-04,Sport,Sklep internetowy,158.26
ZAM-2025-008738,2025-06-27,Uroda,Sklep internetowy,50.56
ZAM-2025-005439,2025-03-29,Dom i ogród,Sklep internetowy,131.79
ZAM-2025-004242,2025-09-09,Odzież,Sklep internetowy,176.88
ZAM-2025-004863,2025-12-05,Odzież,Marketplace,165.93
ZAM-2025-002466,2025-02-18,Odzież,Marketplace,216.96
ZAM-2025-010935,2025-04-09,Sport,Marketplace,136.81
ZAM-2025-001276,2025-09-23,Elektronika,Sklep internetowy,360.79
ZAM-2025-006845,2025-09-20,Dom i ogród,Google Ads,277.52
ZAM-2025-012256,2025-12-17,Sport,Facebook Ads,164.15
ZAM-2025-009864,2025-12-08,Uroda,Google Ads,93.8
ZAM-2025-011593,2025-08-15,Sport,Facebook Ads,167.1
ZAM-2025-005743,2025-04-08,Dom i ogród,Marketplace,258.44
ZAM-2025-009817,2025-12-20,Uroda,Sklep internetowy,63.39
ZAM-2025-005332,2025-02-13,Dom i ogród,Marketplace,151.02
ZAM-2025-005715,2025-04-06,Dom i ogród,Sklep internetowy,121.92
ZAM-2025-010636,2025-03-02,Sport,Marketplace,244.16
ZAM-2025-007019,2025-10-23,Dom i ogród,Google Ads,232.64
ZAM-2025-010231,2025-01-03,Sport,Sklep internetowy,19
ZAM-2025-011853,2025-09-11,Sport,Facebook Ads,158.23
ZAM-2025-006008,2025-05-04,Dom i ogród,Facebook Ads,70.93
ZAM-2025-012127,2025-11-03,Sport,Google Ads,222.27
ZAM-2025-002309,2025-01-22,Odzież,Google Ads,131.58
ZAM-2025-007852,2025-02-17,Uroda,Sklep internetowy,117.71
ZAM-2025-007899,2025-03-04,Uroda,Sklep internetowy,109.57
ZAM-2025-009964,2025-12-20,Uroda,Sklep internetowy,103.59
ZAM-2025-006945,2025-09-07,Dom i ogród,Marketplace,235.29
ZAM-2025-007537,2025-01-29,Uroda,Google Ads,100.59
ZAM-2025-008307,2025-05-03,Uroda,Marketplace,105.75
ZAM-2025-011719,2025-08-26,Sport,Google Ads,162.07
ZAM-2025-004840,2025-11-28,Odzież,Facebook Ads,122.93
ZAM-2025-014010,2025-12-04,Zabawki i prezenty,Sklep internetowy,41.98
ZAM-2025-007336,2025-12-15,Dom i ogród,Google Ads,285.67
ZAM-2025-002190,2025-12-05,Elektronika,Marketplace,250.06
ZAM-2025-000024,2025-01-26,Elektronika,Google Ads,365.56
ZAM-2025-002089,2025-12-24,Elektronika,Sklep internetowy,407.6
ZAM-2025-011960,2025-09-22,Sport,Sklep internetowy,102.21
ZAM-2025-001903,2025-11-07,Elektronika,Google Ads,204.34
ZAM-2025-007352,2025-12-02,Dom i ogród,Google Ads,281.46
ZAM-2025-007326,2025-12-27,Dom i ogród,Sklep internetowy,116.06
ZAM-2025-004567,2025-10-04,Odzież,Sklep internetowy,145.29
ZAM-2025-010480,2025-02-27,Sport,Marketplace,112.36
ZAM-2025-004036,2025-08-30,Odzież,Sklep internetowy,59.66
ZAM-2025-012058,2025-10-04,Sport,Facebook Ads,122.8
ZAM-2025-010242,2025-01-19,Sport,Sklep internetowy,223.36
ZAM-2025-006973,2025-10-17,Dom i ogród,Sklep internetowy,158.79
ZAM-2025-006395,2025-07-26,Dom i ogród,Google Ads,258.12
ZAM-2025-004571,2025-10-12,Odzież,Facebook Ads,110.11
ZAM-2025-010535,2025-02-17,Sport,Sklep internetowy,200.48
ZAM-2025-000196,2025-02-21,Elektronika,Marketplace,313.27
ZAM-2025-003394,2025-05-08,Odzież,Sklep internetowy,131.75
ZAM-2025-006115,2025-06-10,Dom i ogród,Facebook Ads,305.62
ZAM-2025-006340,2025-06-12,Dom i ogród,Sklep internetowy,169.84
ZAM-2025-003128,2025-04-14,Odzież,Sklep internetowy,88.43
ZAM-2025-007426,2025-01-08,Uroda,Sklep internetowy,93.19
ZAM-2025-010547,2025-02-10,Sport,Google Ads,80.1
ZAM-2025-009145,2025-08-08,Uroda,Sklep internetowy,96.96
ZAM-2025-007856,2025-02-16,Uroda,Sklep internetowy,96.1
ZAM-2025-011229,2025-06-16,Sport,Sklep internetowy,170.07
ZAM-2025-003545,2025-06-16,Odzież,Google Ads,59.69
ZAM-2025-006653,2025-08-27,Dom i ogród,Sklep internetowy,188.72
ZAM-2025-001981,2025-12-31,Elektronika,Marketplace,596.94
ZAM-2025-011390,2025-07-16,Sport,Google Ads,107.48
ZAM-2025-009654,2025-11-11,Uroda,Facebook Ads,54.77
ZAM-2025-005190,2025-01-29,Dom i ogród,Sklep internetowy,209.22
ZAM-2025-009261,2025-09-30,Uroda,Facebook Ads,177.38
ZAM-2025-000005,2025-01-03,Elektronika,Marketplace,329.65
ZAM-2025-002272,2025-01-03,Odzież,Sklep internetowy,93.26
ZAM-2025-006285,2025-06-27,Dom i ogród,Sklep internetowy,128.51
ZAM-2025-003270,2025-05-30,Odzież,Marketplace,146.12
ZAM-2025-000654,2025-05-21,Elektronika,Facebook Ads,486.46
ZAM-2025-011790,2025-08-01,Sport,Marketplace,175.02
ZAM-2025-013900,2025-12-24,Zabawki i prezenty,Sklep internetowy,80.1
ZAM-2025-009806,2025-12-02,Uroda,Marketplace,42.55
ZAM-2025-006708,2025-08-04,Dom i ogród,Sklep internetowy,188.87
ZAM-2025-011805,2025-09-15,Sport,Marketplace,220.72
ZAM-2025-004297,2025-09-06,Odzież,Google Ads,179.16
ZAM-2025-012581,2025-03-25,Zabawki i prezenty,Sklep internetowy,77.71
ZAM-2025-013103,2025-09-27,Zabawki i prezenty,Marketplace,58.91
ZAM-2025-004751,2025-11-21,Odzież,Google Ads,109.94
ZAM-2025-013389,2025-11-21,Zabawki i prezenty,Facebook Ads,55.77
ZAM-2025-008978,2025-08-02,Uroda,Google Ads,74.9
ZAM-2025-009581,2025-11-19,Uroda,Facebook Ads,89.81
ZAM-2025-004934,2025-12-10,Odzież,Sklep internetowy,162.12
ZAM-2025-006492,2025-07-19,Dom i ogród,Sklep internetowy,343.45
ZAM-2025-013736,2025-12-25,Zabawki i prezenty,Marketplace,57.4
ZAM-2025-006877,2025-09-18,Dom i ogród,Sklep internetowy,118.1
ZAM-2025-002411,2025-01-26,Odzież,Sklep internetowy,134.39
ZAM-2025-004008,2025-08-18,Odzież,Sklep internetowy,107.98
ZAM-2025-009233,2025-09-12,Uroda,Sklep internetowy,140.66
ZAM-2025-000765,2025-06-01,Elektronika,Facebook Ads,724.55
ZAM-2025-013465,2025-11-29,Zabawki i prezenty,Google Ads,80.42
ZAM-2025-009222,2025-09-03,Uroda,Google Ads,137.02
ZAM-2025-011002,2025-05-15,Sport,Sklep internetowy,344.06
ZAM-2025-008364,2025-05-31,Uroda,Sklep internetowy,65.2
ZAM-2025-013319,2025-11-22,Zabawki i prezenty,Marketplace,61.73
ZAM-2025-005536,2025-03-13,Dom i ogród,Marketplace,275.99
ZAM-2025-005726,2025-04-11,Dom i ogród,Google Ads,158.85
ZAM-2025-010572,2025-03-18,Sport,Sklep internetowy,179.04
ZAM-2025-003230,2025-05-17,Odzież,Marketplace,154.48
ZAM-2025-000962,2025-07-27,Elektronika,Sklep internetowy,281.78
ZAM-2025-009399,2025-10-14,Uroda,Sklep internetowy,91.35
ZAM-2025-005589,2025-03-28,Dom i ogród,Sklep internetowy,155.96
ZAM-2025-004104,2025-09-29,Odzież,Sklep internetowy,67.67
ZAM-2025-007274,2025-12-13,Dom i ogród,Sklep internetowy,242.03
ZAM-2025-002656,2025-03-21,Odzież,Google Ads,119.97
ZAM-2025-003623,2025-06-05,Odzież,Marketplace,122.27
ZAM-2025-006408,2025-07-24,Dom i ogród,Sklep internetowy,274.54
ZAM-2025-009089,2025-08-19,Uroda,Sklep internetowy,68.38
ZAM-2025-010445,2025-02-15,Sport,Marketplace,152.94
ZAM-2025-011842,2025-09-14,Sport,Sklep internetowy,124.21
ZAM-2025-009960,2025-12-14,Uroda,Google Ads,144.54
ZAM-2025-003070,2025-04-20,Odzież,Sklep internetowy,97.74
ZAM-2025-000227,2025-02-21,Elektronika,Marketplace,128.82
ZAM-2025-006176,2025-06-23,Dom i ogród,Facebook Ads,183.37
ZAM-2025-012264,2025-12-23,Sport,Sklep internetowy,121.95
ZAM-2025-010612,2025-03-06,Sport,Facebook Ads,163.12
ZAM-2025-005019,2025-12-10,Odzież,Google Ads,118.43
ZAM-2025-013823,2025-12-27,Zabawki i prezenty,Sklep internetowy,75.75
ZAM-2025-008791,2025-07-19,Uroda,Marketplace,83.14
ZAM-2025-012255,2025-12-09,Sport,Marketplace,197.41
ZAM-2025-011953,2025-09-29,Sport,Facebook Ads,142.42
ZAM-2025-006302,2025-06-01,Dom i ogród,Sklep internetowy,202.39
ZAM-2025-005800,2025-04-17,Dom i ogród,Facebook Ads,137.07
ZAM-2025-000846,2025-06-12,Elektronika,Marketplace,213.91
ZAM-2025-010924,2025-04-10,Sport,Sklep internetowy,314.66
ZAM-2025-010987,2025-05-01,Sport,Marketplace,261.17
ZAM-2025-003599,2025-06-26,Odzież,Marketplace,149.96
ZAM-2025-014141,2025-12-03,Zabawki i prezenty,Facebook Ads,89.41
ZAM-2025-008372,2025-05-21,Uroda,Sklep internetowy,55.81
ZAM-2025-011368,2025-06-04,Sport,Facebook Ads,117.87
ZAM-2025-008398,2025-05-27,Uroda,Google Ads,116.03
ZAM-2025-005874,2025-05-17,Dom i ogród,Sklep internetowy,85.85
ZAM-2025-010103,2025-01-19,Sport,Marketplace,147.71
ZAM-2025-013478,2025-11-11,Zabawki i prezenty,Google Ads,57.6
ZAM-2025-012268,2025-12-08,Sport,Facebook Ads,153.67
ZAM-2025-013352,2025-11-17,Zabawki i prezenty,Facebook Ads,108.83
ZAM-2025-006910,2025-09-20,Dom i ogród,Google Ads,90.62
ZAM-2025-008696,2025-06-01,Uroda,Marketplace,53.65
ZAM-2025-011839,2025-09-19,Sport,Sklep internetowy,132.38
ZAM-2025-011242,2025-06-09,Sport,Facebook Ads,204.73
ZAM-2025-004771,2025-11-08,Odzież,Facebook Ads,127.64
ZAM-2025-004400,2025-10-30,Odzież,Marketplace,122.05
ZAM-2025-010735,2025-03-10,Sport,Facebook Ads,156.12
ZAM-2025-005905,2025-05-13,Dom i ogród,Facebook Ads,133.51
ZAM-2025-010610,2025-03-02,Sport,Sklep internetowy,195.42
ZAM-2025-006205,2025-06-23,Dom i ogród,Sklep internetowy,72.53
ZAM-2025-011214,2025-06-08,Sport,Sklep internetowy,19
ZAM-2025-014100,2025-12-25,Zabawki i prezenty,Marketplace,114.39
ZAM-2025-000660,2025-05-15,Elektronika,Sklep internetowy,563.27
ZAM-2025-001238,2025-08-29,Elektronika,Sklep internetowy,246.91
ZAM-2025-002891,2025-04-08,Odzież,Google Ads,180.36
ZAM-2025-002875,2025-03-06,Odzież,Marketplace,112.95
ZAM-2025-005270,2025-01-04,Dom i ogród,Google Ads,170.96
ZAM-2025-012715,2025-05-31,Zabawki i prezenty,Facebook Ads,77.36
ZAM-2025-007524,2025-01-26,Uroda,Sklep internetowy,109.12
ZAM-2025-012003,2025-10-14,Sport,Sklep internetowy,132.31
ZAM-2025-006284,2025-06-14,Dom i ogród,Facebook Ads,186.57
ZAM-2025-006406,2025-07-06,Dom i ogród,Marketplace,162.86
ZAM-2025-001031,2025-07-01,Elektronika,Marketplace,267.15
ZAM-2025-004499,2025-10-27,Odzież,Sklep internetowy,104.26
ZAM-2025-012839,2025-06-10,Zabawki i prezenty,Sklep internetowy,57.7
ZAM-2025-009893,2025-12-26,Uroda,Marketplace,93.28
ZAM-2025-012451,2025-01-18,Zabawki i prezenty,Sklep internetowy,61.23
ZAM-2025-007912,2025-03-22,Uroda,Sklep internetowy,73.16
ZAM-2025-008904,2025-07-22,Uroda,Google Ads,101.75
ZAM-2025-003953,2025-08-18,Odzież,Facebook Ads,33.02
ZAM-2025-010571,2025-03-05,Sport,Sklep internetowy,158.49
ZAM-2025-012690,2025-04-17,Zabawki i prezenty,Facebook Ads,82.54
ZAM-2025-005720,2025-04-30,Dom i ogród,Sklep internetowy,170.77
ZAM-2025-012587,2025-03-16,Zabawki i prezenty,Google Ads,69.15
ZAM-2025-005600,2025-04-30,Dom i ogród,Marketplace,165.64
ZAM-2025-007109,2025-11-29,Dom i ogród,Facebook Ads,19
ZAM-2025-002465,2025-02-07,Odzież,Marketplace,142.03
ZAM-2025-006439,2025-07-09,Dom i ogród,Marketplace,153.73
ZAM-2025-000082,2025-01-16,Elektronika,Google Ads,237.46
ZAM-2025-006085,2025-05-22,Dom i ogród,Marketplace,96.38
ZAM-2025-009726,2025-11-19,Uroda,Marketplace,104.94
ZAM-2025-005408,2025-02-08,Dom i ogród,Google Ads,210.57
ZAM-2025-005678,2025-04-09,Dom i ogród,Marketplace,282.92
ZAM-2025-010749,2025-03-29,Sport,Sklep internetowy,122.04
ZAM-2025-009680,2025-11-13,Uroda,Google Ads,99.38
ZAM-2025-009559,2025-10-11,Uroda,Facebook Ads,134.17
ZAM-2025-005119,2025-12-02,Odzież,Marketplace,119.51
ZAM-2025-002212,2025-12-21,Elektronika,Marketplace,260.85
ZAM-2025-012719,2025-05-22,Zabawki i prezenty,Marketplace,99.24
ZAM-2025-009531,2025-10-06,Uroda,Google Ads,149.56
ZAM-2025-008923,2025-07-01,Uroda,Facebook Ads,81.88
ZAM-2025-000265,2025-02-03,Elektronika,Sklep internetowy,266.62
ZAM-2025-009672,2025-11-03,Uroda,Facebook Ads,130.32
ZAM-2025-009684,2025-11-23,Uroda,Sklep internetowy,98.01
ZAM-2025-002459,2025-02-06,Odzież,Marketplace,139.22
ZAM-2025-008973,2025-08-29,Uroda,Facebook Ads,82.34
ZAM-2025-011221,2025-06-24,Sport,Sklep internetowy,81.71
ZAM-2025-009831,2025-12-18,Uroda,Google Ads,98.63
ZAM-2025-003729,2025-07-02,Odzież,Sklep internetowy,160.48
ZAM-2025-003530,2025-06-16,Odzież,Facebook Ads,142.21
ZAM-2025-010748,2025-03-03,Sport,Facebook Ads,187.42
ZAM-2025-012965,2025-08-08,Zabawki i prezenty,Facebook Ads,52.73
ZAM-2025-004073,2025-09-12,Odzież,Marketplace,55.24
ZAM-2025-003089,2025-04-18,Odzież,Marketplace,159.2
ZAM-2025-008983,2025-08-20,Uroda,Google Ads,97.27
ZAM-2025-009946,2025-12-14,Uroda,Sklep internetowy,122.35
ZAM-2025-002193,2025-12-08,Elektronika,Sklep internetowy,211.92
ZAM-2025-007765,2025-02-20,Uroda,Google Ads,94.27
ZAM-2025-010415,2025-02-02,Sport,Sklep internetowy,64.45
ZAM-2025-002180,2025-12-07,Elektronika,Google Ads,439.87
ZAM-2025-007136,2025-11-27,Dom i ogród,Google Ads,160.51
ZAM-2025-001312,2025-09-12,Elektronika,Facebook Ads,527.23
ZAM-2025-006622,2025-08-17,Dom i ogród,Sklep internetowy,136.84
ZAM-2025-002810,2025-03-23,Odzież,Facebook Ads,159.91
ZAM-2025-002551,2025-02-23,Odzież,Sklep internetowy,143.02
ZAM-2025-008114,2025-04-29,Uroda,Marketplace,147.47
ZAM-2025-011852,2025-09-17,Sport,Sklep internetowy,191.17
ZAM-2025-002063,2025-12-11,Elektronika,Marketplace,524.31
ZAM-2025-013724,2025-12-21,Zabawki i prezenty,Marketplace,81.72
ZAM-2025-012135,2025-11-25,Sport,Sklep internetowy,163.31
ZAM-2025-000676,2025-05-27,Elektronika,Marketplace,490.1
ZAM-2025-013978,2025-12-28,Zabawki i prezenty,Marketplace,57.89
ZAM-2025-007472,2025-01-31,Uroda,Sklep internetowy,120.97
ZAM-2025-004854,2025-11-17,Odzież,Sklep internetowy,104.79
ZAM-2025-010350,2025-02-19,Sport,Facebook Ads,129.14
ZAM-2025-009239,2025-09-08,Uroda,Sklep internetowy,94.22
ZAM-2025-012483,2025-02-01,Zabawki i prezenty,Sklep internetowy,116.06
ZAM-2025-010669,2025-03-11,Sport,Sklep internetowy,150.17
ZAM-2025-013749,2025-12-27,Zabawki i prezenty,Marketplace,79.25
ZAM-2025-012391,2025-01-10,Zabawki i prezenty,Sklep internetowy,67.44
ZAM-2025-002231,2025-12-10,Elektronika,Facebook Ads,196.37
ZAM-2025-007870,2025-03-27,Uroda,Sklep internetowy,82.0
ZAM-2025-007995,2025-03-17,Uroda,Sklep internetowy,82.9
ZAM-2025-005379,2025-02-28,Dom i ogród,Facebook Ads,164.41
ZAM-2025-003827,2025-07-29,Odzież,Marketplace,152.9
ZAM-2025-009231,2025-09-27,Uroda,Marketplace,88.45
ZAM-2025-010157,2025-01-27,Sport,Sklep internetowy,276.8
ZAM-2025-010710,2025-03-09,Sport,Google Ads,173.88
ZAM-2025-012718,2025-05-19,Zabawki i prezenty,Marketplace,92.52
ZAM-2025-008076,2025-03-11,Uroda,Facebook Ads,85.55
ZAM-2025-000402,2025-03-29,Elektronika,Facebook Ads,514.46
ZAM-2025-004156,2025-09-30,Odzież,Sklep internetowy,124.17
ZAM-2025-001192,2025-08-17,Elektronika,Sklep internetowy,381.47
ZAM-2025-010933,2025-04-17,Sport,Sklep internetowy,162.62
ZAM-2025-005945,2025-05-17,Dom i ogród,Marketplace,118.12
ZAM-2025-007373,2025-12-19,Dom i ogród,Sklep internetowy,199.99
ZAM-2025-007611,2025-02-08,Uroda,Sklep internetowy,68.11
ZAM-2025-002270,2025-01-17,Odzież,Facebook Ads,185.85
ZAM-2025-005730,2025-04-06,Dom i ogród,Marketplace,275.03
ZAM-2025-010665,2025-03-11,Sport,Facebook Ads,202.58
ZAM-2025-010793,2025-04-19,Sport,Sklep internetowy,176.11
ZAM-2025-011918,2025-09-08,Sport,Sklep internetowy,197.36
ZAM-2025-005135,2025-12-04,Odzież,Marketplace,64.87
ZAM-2025-010024,2025-12-14,Uroda,Marketplace,73.26
ZAM-2025-005648,2025-04-28,Dom i ogród,Facebook Ads,181.37
ZAM-2025-001265,2025-09-02,Elektronika,Sklep internetowy,340.03
ZAM-2025-011194,2025-06-24,Sport,Sklep internetowy,283.39
ZAM-2025-001479,2025-10-07,Elektronika,Sklep internetowy,667.66
ZAM-2025-005804,2025-04-15,Dom i ogród,Google Ads,285.1
ZAM-2025-011219,2025-06-21,Sport,Sklep internetowy,223.76
ZAM-2025-009842,2025-12-05,Uroda,Sklep internetowy,113.84
ZAM-2025-004047,2025-09-29,Odzież,Google Ads,92.9
ZAM-2025-012763,2025-05-15,Zabawki i prezenty,Marketplace,127.83
ZAM-2025-008184,2025-04-03,Uroda,Google Ads,75.74
ZAM-2025-000949,2025-07-18,Elektronika,Google Ads,366.56
ZAM-2025-011007,2025-05-15,Sport,Marketplace,27.87
ZAM-2025-004453,2025-10-24,Odzież,Sklep internetowy,216.15
ZAM-2025-009394,2025-10-10,Uroda,Sklep internetowy,103.56
ZAM-2025-005519,2025-03-22,Dom i ogród,Sklep internetowy,142.19
ZAM-2025-004545,2025-10-15,Odzież,Marketplace,132.17
ZAM-2025-005733,2025-04-04,Dom i ogród,Sklep internetowy,225.64
ZAM-2025-011180,2025-06-20,Sport,Sklep internetowy,80.7
ZAM-2025-002505,2025-02-04,Odzież,Marketplace,108.71
ZAM-2025-012787,2025-06-18,Zabawki i prezenty,Sklep internetowy,56.58
ZAM-2025-009039,2025-08-30,Uroda,Sklep internetowy,48.0
ZAM-2025-008332,2025-05-11,Uroda,Google Ads,95.93
ZAM-2025-004150,2025-09-30,Odzież,Sklep internetowy,230.99
ZAM-2025-013215,2025-10-21,Zabawki i prezenty,Sklep internetowy,59.59
ZAM-2025-004359,2025-10-17,Odzież,Marketplace,125.89
ZAM-2025-008753,2025-06-23,Uroda,Marketplace,101.8
ZAM-2025-005005,2025-12-20,Odzież,Sklep internetowy,128.93
ZAM-2025-011146,2025-05-24,Sport,Sklep internetowy,155.45
ZAM-2025-002424,2025-02-08,Odzież,Marketplace,138.7
ZAM-2025-007437,2025-01-06,Uroda,Google Ads,19
ZAM-2025-004773,2025-11-12,Odzież,Google Ads,205.43
ZAM-2025-006833,2025-09-14,Dom i ogród,Sklep internetowy,137.47
ZAM-2025-000930,2025-07-06,Elektronika,Marketplace,412.01
ZAM-2025-008362,2025-05-20,Uroda,Sklep internetowy,127.68
ZAM-2025-003444,2025-05-14,Odzież,Sklep internetowy,74.09
ZAM-2025-011640,2025-08-19,Sport,Facebook Ads,227.73
ZAM-2025-005946,2025-05-18,Dom i ogród,Facebook Ads,157.5
ZAM-2025-011698,2025-08-15,Sport,Marketplace,127.67
ZAM-2025-007386,2025-12-17,Dom i ogród,Marketplace,93.25
ZAM-2025-000113,2025-01-08,Elektronika,Google Ads,282.48
ZAM-2025-003034,2025-04-14,Odzież,Sklep internetowy,84.2
ZAM-2025-008595,2025-06-02,Uroda,Marketplace,125.06
ZAM-2025-005294,2025-02-26,Dom i ogród,Marketplace,178.59
ZAM-2025-011496,2025-07-16,Sport,Marketplace,150.39
ZAM-2025-008994,2025-08-12,Uroda,Sklep internetowy,118.51
ZAM-2025-004464,2025-10-29,Odzież,Sklep internetowy,129.39
ZAM-2025-002587,2025-02-14,Odzież,Sklep internetowy,122.82
ZAM-2025-012090,2025-11-17,Sport,Sklep internetowy,186.04
ZAM-2025-012485,2025-02-18,Zabawki i prezenty,Sklep internetowy,73.04
ZAM-2025-009306,2025-09-08,Uroda,Sklep internetowy,106.88
ZAM-2025-001996,2025-12-07,Elektronika,Google Ads,228.84
ZAM-2025-011713,2025-08-21,Sport,Facebook Ads,261.43
ZAM-2025-013964,2025-12-11,Zabawki i prezenty,Marketplace,34.85
ZAM-2025-010438,2025-02-20,Sport,Marketplace,110.79
ZAM-2025-010900,2025-04-17,Sport,Marketplace,112.65
ZAM-2025-004780,2025-11-08,Odzież,Marketplace,114.35
ZAM-2025-009554,2025-10-09,Uroda,Marketplace,86.97
ZAM-2025-001403,2025-09-21,Elektronika,Marketplace,389.86
ZAM-2025-012070,2025-10-26,Sport,Sklep internetowy,170.17
ZAM-2025-000120,2025-01-22,Elektronika,Sklep internetowy,326.93
ZAM-2025-010921,2025-04-02,Sport,Facebook Ads,217.47
ZAM-2025-004611,2025-10-03,Odzież,Marketplace,74.01
ZAM-2025-002695,2025-03-30,Odzież,Google Ads,115.8
ZAM-2025-001888,2025-11-06,Elektronika,Google Ads,514.84
ZAM-2025-012449,2025-01-06,Zabawki i prezenty,Marketplace,66.88
ZAM-2025-000077,2025-01-16,Elektronika,Marketplace,413.78
ZAM-2025-011723,2025-08-10,Sport,Facebook Ads,176.36
ZAM-2025-005886,2025-05-14,Dom i ogród,Sklep internetowy,286.04
ZAM-2025-012977,2025-08-31,Zabawki i prezenty,Marketplace,68.02
ZAM-2025-008895,2025-07-13,Uroda,Marketplace,134.3
ZAM-2025-000840,2025-06-10,Elektronika,Google Ads,398.73
ZAM-2025-002166,2025-12-18,Elektronika,Sklep internetowy,485.32
ZAM-2025-003293,2025-05-01,Odzież,Marketplace,61.98
ZAM-2025-007317,2025-12-23,Dom i ogród,Sklep internetowy,141.14
ZAM-2025-004959,2025-12-20,Odzież,Marketplace,121.12
ZAM-2025-004615,2025-10-01,Odzież,Marketplace,106.4
ZAM-2025-007644,2025-02-13,Uroda,Facebook Ads,103.06
ZAM-2025-004249,2025-09-03,Odzież,Sklep internetowy,174.78
ZAM-2025-009865,2025-12-21,Uroda,Sklep internetowy,166.66
ZAM-2025-007659,2025-02-02,Uroda,Sklep internetowy,83.92
ZAM-2025-013117,2025-09-30,Zabawki i prezenty,Facebook Ads,93.2
ZAM-2025-006179,2025-06-23,Dom i ogród,Facebook Ads,50.22
ZAM-2025-008247,2025-04-02,Uroda,Sklep internetowy,62.0
ZAM-2025-011602,2025-08-11,Sport,Sklep internetowy,108.0
ZAM-2025-004113,2025-09-01,Odzież,Sklep internetowy,80.38
ZAM-2025-007935,2025-03-25,Uroda,Sklep internetowy,98.44
ZAM-2025-010441,2025-02-01,Sport,Sklep internetowy,245.86
ZAM-2025-010341,2025-01-02,Sport,Google Ads,249.0
ZAM-2025-002860,2025-03-27,Odzież,Sklep internetowy,184.93
ZAM-2025-003123,2025-04-28,Odzież,Marketplace,184.77
ZAM-2025-009017,2025-08-03,Uroda,Sklep internetowy,120.1
ZAM-2025-006535,2025-07-24,Dom i ogród,Marketplace,171.16
ZAM-2025-005854,2025-05-02,Dom i ogród,Marketplace,159.16
ZAM-2025-002043,2025-12-09,Elektronika,Marketplace,441.09
ZAM-2025-000517,2025-04-07,Elektronika,Google Ads,359.35
ZAM-2025-001467,2025-10-01,Elektronika,Facebook Ads,395.83
ZAM-2025-012204,2025-11-26,Sport,Sklep internetowy,133.49
ZAM-2025-012430,2025-01-16,Zabawki i prezenty,Marketplace,45.3
ZAM-2025-006017,2025-05-19,Dom i ogród,Sklep internetowy,161.13
ZAM-2025-010937,2025-04-22,Sport,Marketplace,98.95
ZAM-2025-009290,2025-09-14,Uroda,Facebook Ads,107.22
ZAM-2025-000396,2025-03-23,Elektronika,Facebook Ads,389.11
ZAM-2025-006651,2025-08-10,Dom i ogród,Facebook Ads,173.68
ZAM-2025-002467,2025-02-03,Odzież,Facebook Ads,151.87
ZAM-2025-011985,2025-10-16,Sport,Marketplace,172.15
ZAM-2025-012358,2025-12-11,Sport,Sklep internetowy,259.44
ZAM-2025-002646,2025-03-10,Odzież,Sklep internetowy,91.84
ZAM-2025-011982,2025-10-04,Sport,Facebook Ads,112.88
ZAM-2025-013593,2025-11-26,Zabawki i prezenty,Sklep internetowy,74.94
ZAM-2025-005899,2025-05-11,Dom i ogród,Sklep internetowy,111.96
ZAM-2025-013078,2025-09-07,Zabawki i prezenty,Marketplace,82.54
ZAM-2025-010545,2025-02-26,Sport,Google Ads,241.51
ZAM-2025-006634,2025-08-03,Dom i ogród,Sklep internetowy,116.41
ZAM-2025-005436,2025-03-15,Dom i ogród,Google Ads,293.26
ZAM-2025-010418,2025-02-14,Sport,Marketplace,68.55
ZAM-2025-003271,2025-05-01,Odzież,Facebook Ads,112.96
ZAM-2025-001613,2025-10-21,Elektronika,Sklep internetowy,416.88
ZAM-2025-002072,2025-12-04,Elektronika,Facebook Ads,353.83
ZAM-2025-009234,2025-09-23,Uroda,Google Ads,108.49
ZAM-2025-005180,2025-01-23,Dom i ogród,Marketplace,86.89
ZAM-2025-001489,2025-10-11,Elektronika,Sklep internetowy,509.67
ZAM-2025-002890,2025-04-04,Odzież,Facebook Ads,81.12
ZAM-2025-008119,2025-04-05,Uroda,Marketplace,124.04
ZAM-2025-009212,2025-09-12,Uroda,Sklep internetowy,77.22
ZAM-2025-003957,2025-08-22,Odzież,Google Ads,159.38
ZAM-2025-008549,2025-05-30,Uroda,Sklep internetowy,74.11
ZAM-2025-010976,2025-05-11,Sport,Google Ads,182.59
ZAM-2025-010565,2025-03-17,Sport,Marketplace,130.46
ZAM-2025-001818,2025-11-01,Elektronika,Facebook Ads,309.56
ZAM-2025-011612,2025-08-31,Sport,Sklep internetowy,82.28
ZAM-2025-012498,2025-02-07,Zabawki i prezenty,Facebook Ads,53.47
ZAM-2025-006222,2025-06-26,Dom i ogród,Sklep internetowy,324.23
ZAM-2025-003160,2025-04-10,Odzież,Marketplace,84.83
ZAM-2025-006462,2025-07-29,Dom i ogród,Google Ads,220.44
ZAM-2025-004718,2025-11-19,Odzież,Facebook Ads,49.85
ZAM-2025-009587,2025-11-25,Uroda,Sklep internetowy,80.44
ZAM-2025-002847,2025-03-08,Odzież,Sklep internetowy,99.17
ZAM-2025-013235,2025-10-30,Zabawki i prezenty,Marketplace,37.71
ZAM-2025-009524,2025-10-05,Uroda,Facebook Ads,120.79
ZAM-2025-007601,2025-02-19,Uroda,Sklep internetowy,115.93
ZAM-2025-003165,2025-04-27,Odzież,Marketplace,189.24
ZAM-2025-007576,2025-01-02,Uroda,Sklep internetowy,58.29
ZAM-2025-007507,2025-01-17,Uroda,Facebook Ads,41.41
ZAM-2025-011028,2025-05-29,Sport,Marketplace,177.42
ZAM-2025-001672,2025-11-17,Elektronika,Sklep internetowy,316.54
ZAM-2025-009709,2025-11-03,Uroda,Google Ads,106.42
ZAM-2025-011920,2025-09-06,Sport,Marketplace,208.72
ZAM-2025-005691,2025-04-21,Dom i ogród,Sklep internetowy,210.39
ZAM-2025-009366,2025-10-29,Uroda,Marketplace,62.94
ZAM-2025-009638,2025-11-11,Uroda,Google Ads,81.82
ZAM-2025-011763,2025-08-27,Sport,Sklep internetowy,46.04
ZAM-2025-005834,2025-05-18,Dom i ogród,Sklep internetowy,73.34
ZAM-2025-009324,2025-09-26,Uroda,Google Ads,128.97
ZAM-2025-012319,2025-12-31,Sport,Facebook Ads,166.81
ZAM-2025-010094,2025-01-01,Sport,Facebook Ads,123.83
ZAM-2025-008160,2025-04-07,Uroda,Marketplace,103.88
ZAM-2025-010718,2025-03-28,Sport,Sklep internetowy,220.97
ZAM-2025-004065,2025-09-27,Odzież,Sklep internetowy,128.67
ZAM-2025-000757,2025-06-23,Elektronika,Google Ads,389.48
ZAM-2025-013452,2025-11-14,Zabawki i prezenty,Sklep internetowy,68.59
ZAM-2025-005122,2025-12-01,Odzież,Marketplace,147.1
ZAM-2025-000493,2025-04-16,Elektronika,Marketplace,61.13
ZAM-2025-000704,2025-05-17,Elektronika,Facebook Ads,439.21
ZAM-2025-000600,2025-04-25,Elektronika,Marketplace,504.71
ZAM-2025-012419,2025-01-05,Zabawki i prezenty,Sklep internetowy,105.84
ZAM-2025-002121,2025-12-20,Elektronika,Sklep internetowy,484.88
ZAM-2025-010957,2025-05-19,Sport,Marketplace,82.86
ZAM-2025-003033,2025-04-10,Odzież,Sklep internetowy,121.89
ZAM-2025-000345,2025-03-09,Elektronika,Google Ads,619.66
ZAM-2025-009704,2025-11-09,Uroda,Marketplace,129.38
ZAM-2025-000609,2025-05-02,Elektronika,Marketplace,224.47
ZAM-2025-000959,2025-07-21,Elektronika,Facebook Ads,456.54
ZAM-2025-007700,2025-02-25,Uroda,Sklep internetowy,109.88
ZAM-2025-013210,2025-10-16,Zabawki i prezenty,Marketplace,74.17
ZAM-2025-003451,2025-05-15,Odzież,Facebook Ads,93.28
ZAM-2025-002829,2025-03-17,Odzież,Facebook Ads,65.15
ZAM-2025-004867,2025-12-09,Odzież,Sklep internetowy,79.43
ZAM-2025-005267,2025-01-31,Dom i ogród,Facebook Ads,110.01
ZAM-2025-004489,2025-10-13,Odzież,Facebook Ads,129.05
ZAM-2025-010670,2025-03-03,Sport,Facebook Ads,141.37
ZAM-2025-005231,2025-01-22,Dom i ogród,Facebook Ads,179.44
ZAM-2025-006162,2025-06-20,Dom i ogród,Google Ads,128.42
ZAM-2025-010167,2025-01-14,Sport,Sklep internetowy,249.97
ZAM-2025-005677,2025-04-02,Dom i ogród,Marketplace,155.91
ZAM-2025-003144,2025-04-19,Odzież,Google Ads,134.52
ZAM-2025-004535,2025-10-20,Odzież,Marketplace,145.47
ZAM-2025-004327,2025-10-30,Odzież,Sklep internetowy,75.68
ZAM-2025-002506,2025-02-21,Odzież,Google Ads,210.39
ZAM-2025-002686,2025-03-24,Odzież,Sklep internetowy,170.16
ZAM-2025-001065,2025-07-20,Elektronika,Facebook Ads,461.9
ZAM-2025-011942,2025-09-28,Sport,Sklep internetowy,140.46
ZAM-2025-004005,2025-08-10,Odzież,Facebook Ads,183.61
ZAM-2025-005178,2025-01-31,Dom i ogród,Facebook Ads,305.46
ZAM-2025-002104,2025-12-23,Elektronika,Sklep internetowy,451.38
ZAM-2025-007582,2025-01-01,Uroda,Facebook Ads,97.73
ZAM-2025-002723,2025-03-14,Odzież,Sklep internetowy,156.61
ZAM-2025-005010,2025-12-26,Odzież,Marketplace,143.03
ZAM-2025-012393,2025-01-18,Zabawki i prezenty,Marketplace,59.57
ZAM-2025-005669,2025-04-02,Dom i ogród,Sklep internetowy,224.8
ZAM-2025-011403,2025-07-31,Sport,Google Ads,165.51
ZAM-2025-004289,2025-09-28,Odzież,Sklep internetowy,87.51
ZAM-2025-004353,2025-10-12,Odzież,Sklep internetowy,152.14
ZAM-2025-000257,2025-02-05,Elektronika,Sklep internetowy,614.49
ZAM-2025-008486,2025-05-28,Uroda,Marketplace,152.19
ZAM-2025-004350,2025-10-05,Odzież,Sklep internetowy,167.65
ZAM-2025-003645,2025-06-16,Odzież,Sklep internetowy,174.74
ZAM-2025-003671,2025-06-27,Odzież,Marketplace,160.33
ZAM-2025-008869,2025-07-07,Uroda,Facebook Ads,116.88
ZAM-2025-011389,2025-07-07,Sport,Marketplace,134.58
ZAM-2025-000199,2025-02-19,Elektronika,Marketplace,496.64
ZAM-2025-008553,2025-05-18,Uroda,Sklep internetowy,87.94
ZAM-2025-011669,2025-08-18,Sport,Sklep internetowy,142.38
ZAM-2025-010702,2025-03-09,Sport,Google Ads,247.87
ZAM-2025-000389,2025-03-05,Elektronika,Facebook Ads,288.61
ZAM-2025-006090,2025-05-17,Dom i ogród,Sklep internetowy,242.42
ZAM-2025-004836,2025-11-07,Odzież,Sklep internetowy,89.61
ZAM-2025-009935,2025-12-14,Uroda,Sklep internetowy,59.96
ZAM-2025-007320,2025-12-14,Dom i ogród,Marketplace,288.37
ZAM-2025-003065,2025-04-17,Odzież,Sklep internetowy,172.96
ZAM-2025-009891,2025-12-24,Uroda,Sklep internetowy,112.1
ZAM-2025-006577,2025-07-20,Dom i ogród,Google Ads,85.03
ZAM-2025-001420,2025-09-15,Elektronika,Marketplace,482.1
ZAM-2025-013739,2025-12-23,Zabawki i prezenty,Sklep internetowy,86.08
ZAM-2025-008677,2025-06-19,Uroda,Sklep internetowy,51.06
ZAM-2025-012406,2025-01-16,Zabawki i prezenty,Sklep internetowy,81.78
ZAM-2025-010782,2025-04-23,Sport,Sklep internetowy,99.61
ZAM-2025-001049,2025-07-05,Elektronika,Google Ads,281.94
ZAM-2025-012895,2025-07-08,Zabawki i prezenty,Sklep internetowy,80.69
ZAM-2025-006415,2025-07-18,Dom i ogród,Facebook Ads,343.98
ZAM-2025-007834,2025-02-04,Uroda,Marketplace,55.09
ZAM-2025-004928,2025-12-31,Odzież,Facebook Ads,109.18
ZAM-2025-013558,2025-11-07,Zabawki i prezenty,Sklep internetowy,65.87
ZAM-2025-002200,2025-12-25,Elektronika,Sklep internetowy,253.06
ZAM-2025-011806,2025-09-27,Sport,Marketplace,240.63
ZAM-2025-003150,2025-04-01,Odzież,Facebook Ads,187.02
ZAM-2025-002268,2025-01-15,Odzież,Facebook Ads,63.59
ZAM-2025-002187,2025-12-26,Elektronika,Sklep internetowy,481.59
ZAM-2025-006201,2025-06-14,Dom i ogród,Facebook Ads,96.68
ZAM-2025-000764,2025-06-09,Elektronika,Marketplace,475.15
ZAM-2025-009956,2025-12-30,Uroda,Facebook Ads,115.24
ZAM-2025-004427,2025-10-27,Odzież,Sklep internetowy,205.54
ZAM-2025-010737,2025-03-04,Sport,Sklep internetowy,103.0
ZAM-2025-007996,2025-03-04,Uroda,Sklep internetowy,73.82
ZAM-2025-002665,2025-03-10,Odzież,Facebook Ads,109.63
ZAM-2025-006666,2025-08-05,Dom i ogród,Sklep internetowy,80.28
ZAM-2025-001037,2025-07-25,Elektronika,Sklep internetowy,377.97
ZAM-2025-010936,2025-04-18,Sport,Google Ads,164.1
ZAM-2025-012198,2025-11-11,Sport,Sklep internetowy,221.78
ZAM-2025-002707,2025-03-30,Odzież,Google Ads,148.41
ZAM-2025-006449,2025-07-03,Dom i ogród,Sklep internetowy,336.13
ZAM-2025-002033,2025-12-23,Elektronika,Sklep internetowy,435.83
ZAM-2025-004576,2025-10-05,Odzież,Sklep internetowy,103.76
ZAM-2025-007113,2025-11-12,Dom i ogród,Google Ads,267.52
ZAM-2025-010429,2025-02-21,Sport,Sklep internetowy,30.15
ZAM-2025-005356,2025-02-19,Dom i ogród,Sklep internetowy,123.14
ZAM-2025-005325,2025-02-23,Dom i ogród,Sklep internetowy,246.49
ZAM-2025-013777,2025-12-10,Zabawki i prezenty,Marketplace,104.25
ZAM-2025-012048,2025-10-21,Sport,Google Ads,223.21
ZAM-2025-001572,2025-10-21,Elektronika,Sklep internetowy,553.86
ZAM-2025-005278,2025-02-14,Dom i ogród,Sklep internetowy,114.8
ZAM-2025-007417,2025-01-17,Uroda,Google Ads,60.23
ZAM-2025-009808,2025-12-21,Uroda,Facebook Ads,65.19
ZAM-2025-008578,2025-06-21,Uroda,Sklep internetowy,105.1
ZAM-2025-002628,2025-03-17,Odzież,Sklep internetowy,117.96
ZAM-2025-014130,2025-12-08,Zabawki i prezenty,Google Ads,64.11
ZAM-2025-004721,2025-11-04,Odzież,Sklep internetowy,112.71
ZAM-2025-010974,2025-05-04,Sport,Sklep internetowy,101.46
ZAM-2025-012568,2025-03-04,Zabawki i prezenty,Sklep internetowy,93.82
ZAM-2025-006501,2025-07-30,Dom i ogród,Facebook Ads,68.69
ZAM-2025-012489,2025-02-19,Zabawki i prezenty,Sklep internetowy,60.86
ZAM-2025-007594,2025-02-10,Uroda,Sklep internetowy,97.44
ZAM-2025-006267,2025-06-16,Dom i ogród,Sklep internetowy,205.7
ZAM-2025-008824,2025-07-20,Uroda,Google Ads,52.71
ZAM-2025-012885,2025-07-04,Zabawki i prezenty,Marketplace,63.69
ZAM-2025-012321,2025-12-14,Sport,Sklep internetowy,167.45
ZAM-2025-003673,2025-06-26,Odzież,Google Ads,174.78
ZAM-2025-001614,2025-10-12,Elektronika,Sklep internetowy,480.31
ZAM-2025-008117,2025-04-11,Uroda,Facebook Ads,87.39
ZAM-2025-001767,2025-11-12,Elektronika,Google Ads,461.03
ZAM-2025-006209,2025-06-14,Dom i ogród,Sklep internetowy,52.66
ZAM-2025-009425,2025-10-03,Uroda,Sklep internetowy,51.27
ZAM-2025-010052,2025-12-19,Uroda,Marketplace,114.79
ZAM-2025-011777,2025-08-13,Sport,Facebook Ads,182.84
ZAM-2025-009082,2025-08-01,Uroda,Marketplace,89.94
ZAM-2025-006813,2025-09-19,Dom i ogród,Sklep internetowy,333.06
ZAM-2025-000231,2025-02-10,Elektronika,Marketplace,46.33
ZAM-2025-011052,2025-05-08,Sport,Marketplace,162.3
ZAM-2025-004333,2025-10-02,Odzież,Marketplace,35.29
ZAM-2025-001026,2025-07-15,Elektronika,Facebook Ads,104.17
ZAM-2025-006753,2025-08-21,Dom i ogród,Marketplace,37.11
ZAM-2025-002282,2025-01-09,Odzież,Facebook Ads,76.02
ZAM-2025-000620,2025-05-01,Elektronika,Sklep internetowy,413.11
ZAM-2025-009719,2025-11-17,Uroda,Sklep internetowy,117.07
ZAM-2025-002727,2025-03-11,Odzież,Sklep internetowy,172.38
ZAM-2025-008979,2025-08-19,Uroda,Marketplace,105.79
ZAM-2025-008108,2025-04-29,Uroda,Sklep internetowy,130.32
ZAM-2025-008043,2025-03-01,Uroda,Google Ads,99.93
ZAM-2025-007805,2025-02-02,Uroda,Sklep internetowy,69.42
ZAM-2025-009828,2025-12-23,Uroda,Marketplace,76.59
ZAM-2025-010508,2025-02-13,Sport,Sklep internetowy,196.79
ZAM-2025-003933,2025-08-28,Odzież,Marketplace,153.71
ZAM-2025-003792,2025-07-06,Odzież,Sklep internetowy,140.92
ZAM-2025-006924,2025-09-08,Dom i ogród,Google Ads,157.18
ZAM-2025-000621,2025-05-27,Elektronika,Facebook Ads,464.18
ZAM-2025-011694,2025-08-20,Sport,Marketplace,161.57
ZAM-2025-012289,2025-12-01,Sport,Google Ads,179.77
ZAM-2025-000241,2025-02-06,Elektronika,Sklep internetowy,343.72
ZAM-2025-013812,2025-12-23,Zabawki i prezenty,Facebook Ads,80.74
ZAM-2025-009783,2025-11-06,Uroda,Google Ads,98.88
ZAM-2025-006806,2025-09-04,Dom i ogród,Marketplace,371.61
ZAM-2025-012878,2025-07-08,Zabawki i prezenty,Marketplace,85.09
ZAM-2025-004941,2025-12-21,Odzież,Sklep internetowy,122.13
ZAM-2025-007782,2025-02-21,Uroda,Sklep internetowy,106.45
ZAM-2025-008897,2025-07-05,Uroda,Marketplace,142.26
ZAM-2025-007324,2025-12-12,Dom i ogród,Sklep internetowy,277.63
ZAM-2025-010499,2025-02-17,Sport,Google Ads,171.44
ZAM-2025-008041,2025-03-15,Uroda,Facebook Ads,77.42
ZAM-2025-007848,2025-02-18,Uroda,Sklep internetowy,41.13
ZAM-2025-003207,2025-05-03,Odzież,Sklep internetowy,66.21
ZAM-2025-010087,2025-12-11,Uroda,Sklep internetowy,126.8
ZAM-2025-001592,2025-10-06,Elektronika,Google Ads,267.74
ZAM-2025-002377,2025-01-29,Odzież,Sklep internetowy,19
ZAM-2025-010439,2025-02-11,Sport,Google Ads,159.96
ZAM-2025-008260,2025-04-24,Uroda,Facebook Ads,48.25
ZAM-2025-008947,2025-07-03,Uroda,Facebook Ads,93.83
ZAM-2025-004017,2025-08-18,Odzież,Google Ads,139.69
ZAM-2025-010204,2025-01-26,Sport,Google Ads,109.89
ZAM-2025-014127,2025-12-04,Zabawki i prezenty,Facebook Ads,81.82
ZAM-2025-011897,2025-09-29,Sport,Sklep internetowy,187.55
ZAM-2025-001909,2025-11-26,Elektronika,Sklep internetowy,232.66
ZAM-2025-008921,2025-07-01,Uroda,Marketplace,84.55
ZAM-2025-005483,2025-03-09,Dom i ogród,Sklep internetowy,228.41
ZAM-2025-010949,2025-04-16,Sport,Marketplace,89.63
ZAM-2025-013459,2025-11-20,Zabawki i prezenty,Sklep internetowy,43.58
ZAM-2025-007301,2025-12-04,Dom i ogród,Sklep internetowy,155.15
ZAM-2025-011744,2025-08-08,Sport,Sklep internetowy,78.58
ZAM-2025-004500,2025-10-16,Odzież,Facebook Ads,182.15
ZAM-2025-001567,2025-10-18,Elektronika,Google Ads,489.16
ZAM-2025-012206,2025-11-02,Sport,Facebook Ads,196.3
ZAM-2025-008048,2025-03-10,Uroda,Sklep internetowy,81.42
ZAM-2025-007005,2025-10-06,Dom i ogród,Sklep internetowy,217.52
ZAM-2025-011068,2025-05-31,Sport,Google Ads,118.24
ZAM-2025-011328,2025-06-17,Sport,Google Ads,107.64
ZAM-2025-008045,2025-03-14,Uroda,Facebook Ads,61.3
ZAM-2025-000684,2025-05-01,Elektronika,Sklep internetowy,394.3
ZAM-2025-010452,2025-02-05,Sport,Marketplace,94.72
ZAM-2025-013691,2025-12-11,Zabawki i prezenty,Facebook Ads,30.01
ZAM-2025-006589,2025-08-09,Dom i ogród,Google Ads,167.75
ZAM-2025-011940,2025-09-13,Sport,Facebook Ads,217.62
ZAM-2025-006334,2025-06-13,Dom i ogród,Sklep internetowy,231.92
ZAM-2025-006720,2025-08-31,Dom i ogród,Marketplace,194.4
ZAM-2025-009108,2025-08-11,Uroda,Marketplace,90.43
ZAM-2025-010628,2025-03-12,Sport,Google Ads,206.29
ZAM-2025-002794,2025-03-23,Odzież,Facebook Ads,78.44
ZAM-2025-006333,2025-06-29,Dom i ogród,Sklep internetowy,147.82
ZAM-2025-012167,2025-11-10,Sport,Sklep internetowy,190.25
ZAM-2025-013107,2025-09-18,Zabawki i prezenty,Sklep internetowy,83.69
ZAM-2025-006897,2025-09-15,Dom i ogród,Facebook Ads,184.58
ZAM-2025-002610,2025-02-11,Odzież,Sklep internetowy,108.42
ZAM-2025-000770,2025-06-15,Elektronika,Marketplace,433.11
ZAM-2025-012623,2025-04-12,Zabawki i prezenty,Facebook Ads,58.13
ZAM-2025-012569,2025-03-04,Zabawki i prezenty,Sklep internetowy,78.82
ZAM-2025-010141,2025-01-13,Sport,Sklep internetowy,122.62
ZAM-2025-013421,2025-11-27,Zabawki i prezenty,Sklep internetowy,77.2
ZAM-2025-013545,2025-11-03,Zabawki i prezenty,Sklep internetowy,79.49
ZAM-2025-006749,2025-08-29,Dom i ogród,Sklep internetowy,263.52
ZAM-2025-010378,2025-02-10,Sport,Sklep internetowy,172.42
ZAM-2025-005078,2025-12-11,Odzież,Marketplace,170.38
ZAM-2025-001604,2025-10-21,Elektronika,Sklep internetowy,628.08
ZAM-2025-014170,2025-12-07,Zabawki i prezenty,Facebook Ads,63.3
ZAM-2025-008210,2025-04-02,Uroda,Facebook Ads,82.8
ZAM-2025-002593,2025-02-12,Odzież,Sklep internetowy,194.35
ZAM-2025-007140,2025-11-25,Dom i ogród,Google Ads,75.15
ZAM-2025-000460,2025-04-27,Elektronika,Google Ads,104.92
ZAM-2025-002150,2025-12-06,Elektronika,Facebook Ads,315.16
ZAM-2025-013009,2025-08-21,Zabawki i prezenty,Marketplace,81.06
ZAM-2025-011044,2025-05-10,Sport,Google Ads,215.35
ZAM-2025-009848,2025-12-03,Uroda,Marketplace,108.76
ZAM-2025-012292,2025-12-12,Sport,Facebook Ads,237.37
ZAM-2025-001746,2025-11-12,Elektronika,Facebook Ads,503.37
ZAM-2025-001802,2025-11-03,Elektronika,Sklep internetowy,170.33
ZAM-2025-006414,2025-07-27,Dom i ogród,Facebook Ads,248.18
ZAM-2025-007013,2025-10-19,Dom i ogród,Facebook Ads,68.2
ZAM-2025-008525,2025-05-21,Uroda,Marketplace,132.17
ZAM-2025-014123,2025-12-03,Zabawki i prezenty,Google Ads,53.12
ZAM-2025-006146,2025-06-11,Dom i ogród,Sklep internetowy,182.14
ZAM-2025-010487,2025-02-17,Sport,Sklep internetowy,166.17
ZAM-2025-007488,2025-01-20,Uroda,Sklep internetowy,65.62
ZAM-2025-007528,2025-01-08,Uroda,Google Ads,135.8
ZAM-2025-013174,2025-10-30,Zabawki i prezenty,Sklep internetowy,37.04
ZAM-2025-005251,2025-01-30,Dom i ogród,Marketplace,243.92
ZAM-2025-012594,2025-03-17,Zabawki i prezenty,Facebook Ads,88.53
ZAM-2025-007854,2025-02-07,Uroda,Sklep internetowy,156.26
ZAM-2025-004326,2025-10-22,Odzież,Sklep internetowy,203.92
ZAM-2025-000612,2025-05-16,Elektronika,Marketplace,409.52
ZAM-2025-011227,2025-06-01,Sport,Facebook Ads,185.85
ZAM-2025-000637,2025-05-24,Elektronika,Sklep internetowy,367.48
ZAM-2025-008946,2025-07-16,Uroda,Facebook Ads,58.88
ZAM-2025-009121,2025-08-23,Uroda,Sklep internetowy,76.92
ZAM-2025-013958,2025-12-29,Zabawki i prezenty,Marketplace,58.45
ZAM-2025-009384,2025-10-01,Uroda,Facebook Ads,150.86
ZAM-2025-012396,2025-01-17,Zabawki i prezenty,Google Ads,101.49
ZAM-2025-011420,2025-07-22,Sport,Sklep internetowy,104.45
ZAM-2025-002897,2025-04-10,Odzież,Marketplace,137.07
ZAM-2025-005082,2025-12-10,Odzież,Sklep internetowy,91.69
ZAM-2025-010858,2025-04-17,Sport,Marketplace,115.18
ZAM-2025-001563,2025-10-06,Elektronika,Google Ads,599.86
ZAM-2025-013851,2025-12-20,Zabawki i prezenty,Sklep internetowy,74.99
ZAM-2025-007514,2025-01-07,Uroda,Sklep internetowy,110.64
ZAM-2025-013246,2025-10-23,Zabawki i prezenty,Marketplace,104.44
ZAM-2025-000029,2025-01-23,Elektronika,Facebook Ads,306.96
ZAM-2025-002930,2025-04-04,Odzież,Sklep internetowy,153.1
ZAM-2025-008163,2025-04-12,Uroda,Facebook Ads,53.04
ZAM-2025-002296,2025-01-06,Odzież,Sklep internetowy,128.14
ZAM-2025-001987,2025-12-01,Elektronika,Marketplace,394.63
ZAM-2025-007242,2025-12-01,Dom i ogród,Sklep internetowy,140.53
ZAM-2025-006855,2025-09-19,Dom i ogród,Sklep internetowy,116.85
ZAM-2025-005876,2025-05-19,Dom i ogród,Facebook Ads,171.85
ZAM-2025-013048,2025-09-29,Zabawki i prezenty,Facebook Ads,55.42
ZAM-2025-009130,2025-08-21,Uroda,Sklep internetowy,113.85
ZAM-2025-000086,2025-01-05,Elektronika,Sklep internetowy,316.02
ZAM-2025-002041,2025-12-23,Elektronika,Sklep internetowy,412.21
ZAM-2025-012723,2025-05-03,Zabawki i prezenty,Sklep internetowy,81.74
ZAM-2025-007411,2025-01-21,Uroda,Sklep internetowy,74.18
ZAM-2025-006367,2025-07-15,Dom i ogród,Sklep internetowy,132.21
ZAM-2025-013984,2025-12-31,Zabawki i prezenty,Google Ads,75.86
ZAM-2025-006807,2025-09-02,Dom i ogród,Sklep internetowy,227.14
ZAM-2025-011772,2025-08-31,Sport,Sklep internetowy,310.23
ZAM-2025-009143,2025-08-13,Uroda,Sklep internetowy,70.38
ZAM-2025-001723,2025-11-23,Elektronika,Sklep internetowy,510.58
ZAM-2025-008079,2025-03-23,Uroda,Marketplace,47.92
ZAM-2025-012450,2025-01-19,Zabawki i prezenty,Marketplace,91.6
ZAM-2025-006620,2025-08-14,Dom i ogród,Facebook Ads,235.13
ZAM-2025-013171,2025-10-07,Zabawki i prezenty,Google Ads,69.66
ZAM-2025-009442,2025-10-21,Uroda,Sklep internetowy,87.67
ZAM-2025-007156,2025-11-02,Dom i ogród,Marketplace,143.38
ZAM-2025-002444,2025-02-05,Odzież,Sklep internetowy,110.94
ZAM-2025-005888,2025-05-31,Dom i ogród,Facebook Ads,220.53
ZAM-2025-003362,2025-05-15,Odzież,Facebook Ads,200.88
ZAM-2025-007501,2025-01-21,Uroda,Sklep internetowy,102.89
ZAM-2025-000648,2025-05-16,Elektronika,Facebook Ads,718.86
ZAM-2025-006200,2025-06-25,Dom i ogród,Sklep internetowy,225.17
ZAM-2025-002004,2025-12-22,Elektronika,Sklep internetowy,465.3
ZAM-2025-014049,2025-12-09,Zabawki i prezenty,Marketplace,95.17
ZAM-2025-002323,2025-01-01,Odzież,Marketplace,229.67
ZAM-2025-010893,2025-04-27,Sport,Sklep internetowy,302.6
ZAM-2025-002705,2025-03-27,Odzież,Sklep internetowy,149.52
ZAM-2025-006625,2025-08-07,Dom i ogród,Facebook Ads,258.87
ZAM-2025-002790,2025-03-15,Odzież,Sklep internetowy,103.55
ZAM-2025-011111,2025-05-21,Sport,Sklep internetowy,216.37
ZAM-2025-004429,2025-10-15,Odzież,Sklep internetowy,165.61
ZAM-2025-008292,2025-04-14,Uroda,Facebook Ads,91.47
ZAM-2025-012882,2025-07-31,Zabawki i prezenty,Facebook Ads,90.76
ZAM-2025-006712,2025-08-31,Dom i ogród,Sklep internetowy,190.7
ZAM-2025-010544,2025-02-01,Sport,Sklep internetowy,146.05
ZAM-2025-005769,2025-04-30,Dom i ogród,Facebook Ads,187.83
ZAM-2025-000561,2025-04-27,Elektronika,Google Ads,424.04
ZAM-2025-008200,2025-04-03,Uroda,Sklep internetowy,78.56
ZAM-2025-009056,2025-08-27,Uroda,Google Ads,52.05
ZAM-2025-013680,2025-12-06,Zabawki i prezenty,Marketplace,55.63
ZAM-2025-009166,2025-09-25,Uroda,Google Ads,110.4
ZAM-2025-005569,2025-03-30,Dom i ogród,Google Ads,289.47
ZAM-2025-005211,2025-01-14,Dom i ogród,Facebook Ads,281.65
ZAM-2025-006173,2025-06-19,Dom i ogród,Sklep internetowy,240.57
ZAM-2025-006640,2025-08-09,Dom i ogród,Facebook Ads,94.48
ZAM-2025-013914,2025-12-11,Zabawki i prezenty,Google Ads,108.43
ZAM-2025-007726,2025-02-20,Uroda,Google Ads,126.61
ZAM-2025-005736,2025-04-20,Dom i ogród,Marketplace,258.79
ZAM-2025-010896,2025-04-12,Sport,Sklep internetowy,184.72
ZAM-2025-007515,2025-01-08,Uroda,Facebook Ads,63.65
ZAM-2025-012474,2025-02-20,Zabawki i prezenty,Sklep internetowy,124.91
ZAM-2025-005355,2025-02-23,Dom i ogród,Google Ads,125.57
ZAM-2025-003846,2025-07-08,Odzież,Marketplace,180.94
ZAM-2025-002504,2025-02-25,Odzież,Marketplace,202.83
ZAM-2025-009943,2025-12-03,Uroda,Google Ads,192.89
ZAM-2025-006281,2025-06-09,Dom i ogród,Google Ads,131.93
ZAM-2025-012439,2025-01-17,Zabawki i prezenty,Marketplace,99.85
ZAM-2025-012123,2025-11-15,Sport,Marketplace,119.46
ZAM-2025-009625,2025-11-29,Uroda,Sklep internetowy,85.86
ZAM-2025-007720,2025-02-27,Uroda,Marketplace,55.05
ZAM-2025-011374,2025-06-05,Sport,Facebook Ads,149.48
ZAM-2025-009735,2025-11-03,Uroda,Google Ads,99.49
ZAM-2025-002679,2025-03-04,Odzież,Facebook Ads,194.55
ZAM-2025-008621,2025-06-14,Uroda,Google Ads,77.04
ZAM-2025-004594,2025-10-11,Odzież,Sklep internetowy,106.32
ZAM-2025-006282,2025-06-25,Dom i ogród,Google Ads,347.62
ZAM-2025-008779,2025-06-19,Uroda,Sklep internetowy,35.15
ZAM-2025-009144,2025-08-15,Uroda,Marketplace,101.31
ZAM-2025-003243,2025-05-29,Odzież,Sklep internetowy,219.63
ZAM-2025-009874,2025-12-14,Uroda,Sklep internetowy,143.9
ZAM-2025-013974,2025-12-07,Zabawki i prezenty,Sklep internetowy,115.64
ZAM-2025-012421,2025-01-10,Zabawki i prezenty,Facebook Ads,72.07
ZAM-2025-005056,2025-12-08,Odzież,Sklep internetowy,135.56
ZAM-2025-003041,2025-04-23,Odzież,Facebook Ads,182.55
ZAM-2025-003301,2025-05-31,Odzież,Facebook Ads,118.8
ZAM-2025-003413,2025-05-31,Odzież,Sklep internetowy,255.22
ZAM-2025-011220,2025-06-02,Sport,Google Ads,105.61
ZAM-2025-001199,2025-08-25,Elektronika,Marketplace,348.84
ZAM-2025-002405,2025-01-09,Odzież,Facebook Ads,200.9
ZAM-2025-011222,2025-06-08,Sport,Google Ads,207.62
ZAM-2025-008532,2025-05-11,Uroda,Facebook Ads,96.22
ZAM-2025-003903,2025-08-18,Odzież,Marketplace,109.69
ZAM-2025-007987,2025-03-07,Uroda,Sklep internetowy,122.89
ZAM-2025-008570,2025-05-25,Uroda,Sklep internetowy,69.59
ZAM-2025-001103,2025-08-11,Elektronika,Marketplace,262.74
ZAM-2025-006426,2025-07-21,Dom i ogród,Sklep internetowy,115.15
ZAM-2025-000278,2025-02-16,Elektronika,Google Ads,663.37
ZAM-2025-004859,2025-11-26,Odzież,Sklep internetowy,146.33
ZAM-2025-013607,2025-11-07,Zabawki i prezenty,Sklep internetowy,50.91
ZAM-2025-005660,2025-04-25,Dom i ogród,Marketplace,46.55
ZAM-2025-004811,2025-11-09,Odzież,Sklep internetowy,87.97
ZAM-2025-011077,2025-05-05,Sport,Sklep internetowy,148.94
ZAM-2025-008109,2025-04-27,Uroda,Marketplace,80.95
ZAM-2025-007598,2025-02-15,Uroda,Marketplace,117.01
ZAM-2025-003142,2025-04-18,Odzież,Sklep internetowy,153.97
ZAM-2025-003706,2025-07-28,Odzież,Marketplace,53.24
ZAM-2025-001537,2025-10-18,Elektronika,Facebook Ads,230.98
ZAM-2025-007143,2025-11-14,Dom i ogród,Marketplace,185.83
ZAM-2025-014055,2025-12-10,Zabawki i prezenty,Facebook Ads,19
ZAM-2025-013509,2025-11-30,Zabawki i prezenty,Sklep internetowy,67.72
ZAM-2025-010988,2025-05-24,Sport,Marketplace,97.8
ZAM-2025-004222,2025-09-10,Odzież,Marketplace,188.71
ZAM-2025-012795,2025-06-01,Zabawki i prezenty,Facebook Ads,112.4
ZAM-2025-010918,2025-04-27,Sport,Sklep internetowy,187.94
ZAM-2025-008170,2025-04-29,Uroda,Google Ads,94.46
ZAM-2025-011105,2025-05-29,Sport,Marketplace,236.97
ZAM-2025-009041,2025-08-07,Uroda,Google Ads,117.11
ZAM-2025-002083,2025-12-21,Elektronika,Marketplace,361.33
ZAM-2025-004996,2025-12-01,Odzież,Sklep internetowy,108.35
ZAM-2025-001886,2025-11-30,Elektronika,Marketplace,489.44
ZAM-2025-011663,2025-08-05,Sport,Sklep internetowy,260.14
ZAM-2025-010541,2025-02-10,Sport,Sklep internetowy,70.25
ZAM-2025-005181,2025-01-15,Dom i ogród,Facebook Ads,227.2
ZAM-2025-009871,2025-12-09,Uroda,Sklep internetowy,87.32
ZAM-2025-008268,2025-04-24,Uroda,Facebook Ads,99.21
ZAM-2025-010601,2025-03-02,Sport,Facebook Ads,192.29
ZAM-2025-012938,2025-07-27,Zabawki i prezenty,Marketplace,78.94
ZAM-2025-009346,2025-09-12,Uroda,Sklep internetowy,133.6
ZAM-2025-003158,2025-04-06,Odzież,Sklep internetowy,118.83
ZAM-2025-000273,2025-02-21,Elektronika,Facebook Ads,277.27
ZAM-2025-010529,2025-02-21,Sport,Marketplace,143.35
ZAM-2025-013860,2025-12-28,Zabawki i prezenty,Facebook Ads,89.74
ZAM-2025-007931,2025-03-23,Uroda,Sklep internetowy,67.21
ZAM-2025-001951,2025-11-28,Elektronika,Sklep internetowy,381.57
ZAM-2025-004964,2025-12-25,Odzież,Sklep internetowy,181.63
ZAM-2025-001880,2025-11-12,Elektronika,Marketplace,535.67
ZAM-2025-014031,2025-12-02,Zabawki i prezenty,Sklep internetowy,83.46
ZAM-2025-007543,2025-01-22,Uroda,Google Ads,54.43
ZAM-2025-005625,2025-04-10,Dom i ogród,Facebook Ads,180.66
ZAM-2025-005603,2025-04-23,Dom i ogród,Sklep internetowy,122.27
ZAM-2025-013574,2025-11-21,Zabawki i prezenty,Facebook Ads,94.8
ZAM-2025-003891,2025-08-15,Odzież,Sklep internetowy,137.99
ZAM-2025-007180,2025-11-15,Dom i ogród,Sklep internetowy,187.61
ZAM-2025-004276,2025-09-15,Odzież,Sklep internetowy,63.94
ZAM-2025-000075,2025-01-24,Elektronika,Sklep internetowy,757.48
ZAM-2025-000797,2025-06-02,Elektronika,Marketplace,64.73
ZAM-2025-005580,2025-03-11,Dom i ogród,Sklep internetowy,235.73
ZAM-2025-002754,2025-03-12,Odzież,Sklep internetowy,191.92
ZAM-2025-011034,2025-05-21,Sport,Sklep internetowy,188.29
ZAM-2025-003772,2025-07-28,Odzież,Sklep internetowy,80.28
ZAM-2025-002635,2025-03-14,Odzież,Sklep internetowy,181.97
ZAM-2025-009362,2025-09-10,Uroda,Facebook Ads,61.4
ZAM-2025-002845,2025-03-20,Odzież,Sklep internetowy,147.67
ZAM-2025-011525,2025-07-12,Sport,Marketplace,108.64
ZAM-2025-006834,2025-09-12,Dom i ogród,Marketplace,140.97
ZAM-2025-004716,2025-11-16,Odzież,Sklep internetowy,128.84
ZAM-2025-001156,2025-08-30,Elektronika,Sklep internetowy,645.32
ZAM-2025-010460,2025-02-18,Sport,Sklep internetowy,197.06
ZAM-2025-001988,2025-12-22,Elektronika,Sklep internetowy,436.43
ZAM-2025-008346,2025-05-28,Uroda,Sklep internetowy,80.39
ZAM-2025-006517,2025-07-22,Dom i ogród,Facebook Ads,148.47
ZAM-2025-011568,2025-07-23,Sport,Marketplace,138.75
ZAM-2025-013143,2025-10-09,Zabawki i prezenty,Marketplace,108.22
ZAM-2025-007245,2025-12-08,Dom i ogród,Sklep internetowy,95.02
ZAM-2025-010414,2025-02-25,Sport,Marketplace,95.09
ZAM-2025-005772,2025-04-20,Dom i ogród,Sklep internetowy,245.84
ZAM-2025-000055,2025-01-20,Elektronika,Google Ads,226.35
ZAM-2025-001463,2025-10-21,Elektronika,Marketplace,742.02
ZAM-2025-012792,2025-06-30,Zabawki i prezenty,Facebook Ads,126.08
ZAM-2025-006519,2025-07-08,Dom i ogród,Marketplace,224.52
ZAM-2025-007119,2025-11-10,Dom i ogród,Sklep internetowy,210.86
ZAM-2025-007059,2025-10-05,Dom i ogród,Google Ads,94.7
ZAM-2025-014109,2025-12-19,Zabawki i prezenty,Marketplace,75.91
ZAM-2025-002379,2025-01-21,Odzież,Marketplace,116.94
ZAM-2025-007737,2025-02-05,Uroda,Marketplace,77.58
ZAM-2025-003859,2025-08-20,Odzież,Sklep internetowy,113.07
ZAM-2025-006549,2025-07-16,Dom i ogród,Marketplace,19
ZAM-2025-000190,2025-02-17,Elektronika,Sklep internetowy,246.4
ZAM-2025-003767,2025-07-14,Odzież,Marketplace,155.36
ZAM-2025-007696,2025-02-28,Uroda,Sklep internetowy,115.63
ZAM-2025-006719,2025-08-22,Dom i ogród,Sklep internetowy,133.67
ZAM-2025-006665,2025-08-21,Dom i ogród,Sklep internetowy,247.63
ZAM-2025-004488,2025-10-29,Odzież,Facebook Ads,132.87
ZAM-2025-003562,2025-06-17,Odzież,Sklep internetowy,125.77
ZAM-2025-012307,2025-12-31,Sport,Marketplace,239.56
ZAM-2025-002085,2025-12-02,Elektronika,Google Ads,187.74
ZAM-2025-013074,2025-09-15,Zabawki i prezenty,Sklep internetowy,87.35
ZAM-2025-004084,2025-09-12,Odzież,Google Ads,123.81
ZAM-2025-001152,2025-08-25,Elektronika,Facebook Ads,685.23
ZAM-2025-005614,2025-04-27,Dom i ogród,Sklep internetowy,327.25
ZAM-2025-010538,2025-02-06,Sport,Sklep internetowy,68.9
ZAM-2025-003781,2025-07-29,Odzież,Sklep internetowy,116.41
ZAM-2025-002866,2025-03-16,Odzież,Marketplace,76.57
ZAM-2025-006752,2025-08-15,Dom i ogród,Marketplace,145.44
ZAM-2025-013698,2025-12-01,Zabawki i prezenty,Sklep internetowy,65.49
ZAM-2025-000604,2025-04-11,Elektronika,Marketplace,518.11
ZAM-2025-006984,2025-10-08,Dom i ogród,Marketplace,149.18
ZAM-2025-012576,2025-03-19,Zabawki i prezenty,Marketplace,45.5
ZAM-2025-012694,2025-04-18,Zabawki i prezenty,Sklep internetowy,108.63
ZAM-2025-004002,2025-08-02,Odzież,Google Ads,195.57
ZAM-2025-002188,2025-12-12,Elektronika,Marketplace,279.59
ZAM-2025-008408,2025-05-27,Uroda,Google Ads,90.19
ZAM-2025-003435,2025-05-16,Odzież,Marketplace,94.87
ZAM-2025-011467,2025-07-29,Sport,Sklep internetowy,156.24
ZAM-2025-000001,2025-01-05,Elektronika,Facebook Ads,342.25
ZAM-2025-000909,2025-06-24,Elektronika,Facebook Ads,400.41
ZAM-2025-003354,2025-05-05,Odzież,Facebook Ads,65.36
ZAM-2025-009357,2025-09-27,Uroda,Facebook Ads,89.37
ZAM-2025-012293,2025-12-04,Sport,Sklep internetowy,169.83
ZAM-2025-012231,2025-12-05,Sport,Sklep internetowy,87.74
ZAM-2025-005389,2025-02-14,Dom i ogród,Google Ads,221.22
ZAM-2025-002197,2025-12-26,Elektronika,Sklep internetowy,652.13
ZAM-2025-004764,2025-11-12,Odzież,Marketplace,110.72
ZAM-2025-012092,2025-11-02,Sport,Sklep internetowy,145.14
ZAM-2025-008580,2025-06-22,Uroda,Sklep internetowy,144.26
ZAM-2025-009050,2025-08-17,Uroda,Marketplace,51.48
ZAM-2025-013172,2025-10-11,Zabawki i prezenty,Sklep internetowy,47.87
ZAM-2025-001524,2025-10-08,Elektronika,Sklep internetowy,625.68
ZAM-2025-001195,2025-08-12,Elektronika,Marketplace,344.21
ZAM-2025-011659,2025-08-17,Sport,Marketplace,174.03
ZAM-2025-007743,2025-02-05,Uroda,Sklep internetowy,113.01
ZAM-2025-014154,2025-12-01,Zabawki i prezenty,Marketplace,51.09
ZAM-2025-004972,2025-12-24,Odzież,Facebook Ads,138.12
ZAM-2025-000526,2025-04-09,Elektronika,Marketplace,364.73
ZAM-2025-013983,2025-12-11,Zabawki i prezenty,Sklep internetowy,87.32
ZAM-2025-011395,2025-07-10,Sport,Facebook Ads,64.4
ZAM-2025-008976,2025-08-11,Uroda,Sklep internetowy,47.94
ZAM-2025-001500,2025-10-17,Elektronika,Marketplace,495.0
ZAM-2025-002818,2025-03-28,Odzież,Marketplace,148.64
ZAM-2025-007508,2025-01-01,Uroda,Marketplace,71.79
ZAM-2025-006718,2025-08-21,Dom i ogród,Facebook Ads,189.38
ZAM-2025-003397,2025-05-12,Odzież,Marketplace,159.51
ZAM-2025-000301,2025-03-21,Elektronika,Sklep internetowy,384.58
ZAM-2025-010000,2025-12-30,Uroda,Google Ads,33.92
ZAM-2025-001625,2025-11-07,Elektronika,Google Ads,96.49
ZAM-2025-010647,2025-03-02,Sport,Facebook Ads,185.3
ZAM-2025-013588,2025-11-14,Zabawki i prezenty,Marketplace,78.41
ZAM-2025-008510,2025-05-25,Uroda,Sklep internetowy,36.79
ZAM-2025-009138,2025-08-16,Uroda,Sklep internetowy,82.92
ZAM-2025-009487,2025-10-20,Uroda,Facebook Ads,145.04
ZAM-2025-004641,2025-11-18,Odzież,Google Ads,153.91
ZAM-2025-004725,2025-11-21,Odzież,Marketplace,170.38
ZAM-2025-010855,2025-04-19,Sport,Sklep internetowy,19
ZAM-2025-000407,2025-03-30,Elektronika,Sklep internetowy,356.12
ZAM-2025-012686,2025-04-17,Zabawki i prezenty,Marketplace,40.51
ZAM-2025-012622,2025-04-30,Zabawki i prezenty,Sklep internetowy,89.78
ZAM-2025-011482,2025-07-31,Sport,Facebook Ads,119.89
ZAM-2025-013150,2025-10-26,Zabawki i prezenty,Sklep internetowy,65.48
ZAM-2025-010751,2025-03-26,Sport,Google Ads,175.79
ZAM-2025-000325,2025-03-15,Elektronika,Facebook Ads,214.38
ZAM-2025-005141,2025-12-20,Odzież,Sklep internetowy,173.78
ZAM-2025-012064,2025-10-30,Sport,Marketplace,181.46
ZAM-2025-010252,2025-01-30,Sport,Facebook Ads,187.06
ZAM-2025-006424,2025-07-24,Dom i ogród,Sklep internetowy,189.65
ZAM-2025-012340,2025-12-03,Sport,Sklep internetowy,214.28
ZAM-2025-006498,2025-07-16,Dom i ogród,Sklep internetowy,284.91
ZAM-2025-009711,2025-11-06,Uroda,Sklep internetowy,49.04
ZAM-2025-012238,2025-12-18,Sport,Sklep internetowy,169.25
ZAM-2025-013257,2025-10-06,Zabawki i prezenty,Facebook Ads,65.63
ZAM-2025-002989,2025-04-18,Odzież,Marketplace,63.82
ZAM-2025-014041,2025-12-01,Zabawki i prezenty,Facebook Ads,77.71
ZAM-2025-012078,2025-10-10,Sport,Marketplace,246.03
ZAM-2025-010116,2025-01-16,Sport,Sklep internetowy,116.93
ZAM-2025-012868,2025-07-04,Zabawki i prezenty,Sklep internetowy,42.95
ZAM-2025-002671,2025-03-05,Odzież,Marketplace,78.21
ZAM-2025-001781,2025-11-19,Elektronika,Sklep internetowy,231.3
ZAM-2025-012156,2025-11-02,Sport,Marketplace,130.47
ZAM-2025-004626,2025-11-27,Odzież,Google Ads,173.96
ZAM-2025-001298,2025-09-03,Elektronika,Sklep internetowy,225.26
ZAM-2025-009434,2025-10-31,Uroda,Facebook Ads,100.89
ZAM-2025-003210,2025-05-12,Odzież,Google Ads,219.79
ZAM-2025-009254,2025-09-13,Uroda,Sklep internetowy,92.31
ZAM-2025-012814,2025-06-14,Zabawki i prezenty,Sklep internetowy,70.19
ZAM-2025-013591,2025-11-06,Zabawki i prezenty,Facebook Ads,26.62
ZAM-2025-007817,2025-02-14,Uroda,Google Ads,109.09
ZAM-2025-001701,2025-11-18,Elektronika,Facebook Ads,244.71
ZAM-2025-007662,2025-02-25,Uroda,Marketplace,98.92
ZAM-2025-005079,2025-12-13,Odzież,Sklep internetowy,81.67
ZAM-2025-010410,2025-02-06,Sport,Sklep internetowy,206.94
ZAM-2025-003403,2025-05-14,Odzież,Sklep internetowy,116.69
ZAM-2025-008383,2025-05-22,Uroda,Sklep internetowy,120.62
ZAM-2025-005534,2025-03-13,Dom i ogród,Sklep internetowy,199.72
ZAM-2025-009128,2025-08-10,Uroda,Google Ads,96.57
ZAM-2025-002922,2025-04-14,Odzież,Marketplace,94.97
ZAM-2025-012357,2025-12-31,Sport,Sklep internetowy,112.48
ZAM-2025-008167,2025-04-18,Uroda,Sklep internetowy,118.97
ZAM-2025-013907,2025-12-09,Zabawki i prezenty,Sklep internetowy,73.65
ZAM-2025-001376,2025-09-29,Elektronika,Sklep internetowy,588.75
ZAM-2025-013178,2025-10-21,Zabawki i prezenty,Facebook Ads,112.79
ZAM-2025-010986,2025-05-15,Sport,Marketplace,133.68
ZAM-2025-005120,2025-12-04,Odzież,Google Ads,182.62
ZAM-2025-007971,2025-03-31,Uroda,Sklep internetowy,114.7
ZAM-2025-010178,2025-01-11,Sport,Sklep internetowy,179.24
ZAM-2025-006283,2025-06-07,Dom i ogród,Sklep internetowy,290.97
ZAM-2025-002198,2025-12-27,Elektronika,Sklep internetowy,383.25
ZAM-2025-002507,2025-02-10,Odzież,Google Ads,141.64
ZAM-2025-003384,2025-05-29,Odzież,Marketplace,115.63
ZAM-2025-010528,2025-02-27,Sport,Google Ads,261.76
ZAM-2025-001473,2025-10-26,Elektronika,Facebook Ads,250.71
ZAM-2025-008275,2025-04-07,Uroda,Facebook Ads,114.63
ZAM-2025-002557,2025-02-07,Odzież,Marketplace,135.49
ZAM-2025-008569,2025-05-30,Uroda,Sklep internetowy,74.42
ZAM-2025-002431,2025-02-13,Odzież,Sklep internetowy,120.3
ZAM-2025-006350,2025-07-20,Dom i ogród,Sklep internetowy,270.78
ZAM-2025-007518,2025-01-25,Uroda,Marketplace,47.59
ZAM-2025-000817,2025-06-22,Elektronika,Sklep internetowy,373.72
ZAM-2025-014153,2025-12-28,Zabawki i prezenty,Google Ads,90.66
ZAM-2025-012824,2025-06-13,Zabawki i prezenty,Sklep internetowy,68.9
ZAM-2025-008916,2025-07-06,Uroda,Sklep internetowy,110.95
ZAM-2025-003653,2025-06-03,Odzież,Sklep internetowy,226.9
ZAM-2025-012291,2025-12-05,Sport,Sklep internetowy,211.92
ZAM-2025-006587,2025-07-02,Dom i ogród,Sklep internetowy,179.87
ZAM-2025-003904,2025-08-16,Odzież,Facebook Ads,145.65
ZAM-2025-002652,2025-03-20,Odzież,Sklep internetowy,94.46
ZAM-2025-013405,2025-11-26,Zabawki i prezenty,Sklep internetowy,69.75
ZAM-2025-002726,2025-03-08,Odzież,Sklep internetowy,127.17
ZAM-2025-004391,2025-10-20,Odzież,Sklep internetowy,142.7
ZAM-2025-013517,2025-11-15,Zabawki i prezenty,Facebook Ads,52.74
ZAM-2025-010644,2025-03-23,Sport,Sklep internetowy,215.88
ZAM-2025-009576,2025-10-30,Uroda,Marketplace,77.2
ZAM-2025-013893,2025-12-08,Zabawki i prezenty,Google Ads,58.38
ZAM-2025-004988,2025-12-01,Odzież,Facebook Ads,142.34
ZAM-2025-011749,2025-08-12,Sport,Marketplace,194.14
ZAM-2025-003186,2025-04-14,Odzież,Sklep internetowy,224.85
ZAM-2025-010044,2025-12-19,Uroda,Sklep internetowy,87.46
ZAM-2025-011184,2025-06-05,Sport,Facebook Ads,67.06
ZAM-2025-008214,2025-04-09,Uroda,Facebook Ads,81.97
ZAM-2025-003644,2025-06-24,Odzież,Marketplace,242.45
ZAM-2025-013872,2025-12-15,Zabawki i prezenty,Sklep internetowy,84.68
ZAM-2025-003968,2025-08-14,Odzież,Facebook Ads,177.96
ZAM-2025-001100,2025-08-05,Elektronika,Sklep internetowy,91.12
ZAM-2025-008392,2025-05-19,Uroda,Facebook Ads,80.46
ZAM-2025-004907,2025-12-27,Odzież,Facebook Ads,75.34
ZAM-2025-008937,2025-07-18,Uroda,Sklep internetowy,95.42
ZAM-2025-003449,2025-05-27,Odzież,Facebook Ads,173.8
ZAM-2025-011598,2025-08-24,Sport,Google Ads,100.12
ZAM-2025-003053,2025-04-27,Odzież,Facebook Ads,169.29
ZAM-2025-005501,2025-03-31,Dom i ogród,Marketplace,92.03
ZAM-2025-010255,2025-01-08,Sport,Marketplace,223.55
ZAM-2025-003566,2025-06-22,Odzież,Sklep internetowy,198.77
ZAM-2025-013108,2025-09-26,Zabawki i prezenty,Sklep internetowy,99.93
ZAM-2025-011377,2025-06-10,Sport,Sklep internetowy,50.29
ZAM-2025-004628,2025-11-30,Odzież,Sklep internetowy,161.42
ZAM-2025-012590,2025-03-22,Zabawki i prezenty,Sklep internetowy,44.91
ZAM-2025-012152,2025-11-26,Sport,Marketplace,180.25
ZAM-2025-013043,2025-09-21,Zabawki i prezenty,Marketplace,58.44
ZAM-2025-007395,2025-12-20,Dom i ogród,Sklep internetowy,274.43
ZAM-2025-003423,2025-05-04,Odzież,Facebook Ads,141.02
ZAM-2025-007057,2025-10-08,Dom i ogród,Sklep internetowy,133.07
ZAM-2025-002118,2025-12-16,Elektronika,Marketplace,268.21
ZAM-2025-004028,2025-08-20,Odzież,Marketplace,92.8
ZAM-2025-009118,2025-08-29,Uroda,Sklep internetowy,106.54
ZAM-2025-005896,2025-05-08,Dom i ogród,Sklep internetowy,143.51
ZAM-2025-008246,2025-04-28,Uroda,Google Ads,87.11
ZAM-2025-001953,2025-11-03,Elektronika,Sklep internetowy,571.25
ZAM-2025-010804,2025-04-20,Sport,Sklep internetowy,220.98
ZAM-2025-012471,2025-02-08,Zabawki i prezenty,Facebook Ads,85.6
ZAM-2025-011863,2025-09-26,Sport,Sklep internetowy,169.97
ZAM-2025-001784,2025-11-12,Elektronika,Sklep internetowy,511.65
ZAM-2025-012743,2025-05-31,Zabawki i prezenty,Sklep internetowy,90.49
ZAM-2025-013369,2025-11-29,Zabawki i prezenty,Facebook Ads,73.14
ZAM-2025-011743,2025-08-05,Sport,Marketplace,226.94
ZAM-2025-013866,2025-12-13,Zabawki i prezenty,Marketplace,87.62
ZAM-2025-013941,2025-12-30,Zabawki i prezenty,Sklep internetowy,70.96
ZAM-2025-001586,2025-10-05,Elektronika,Facebook Ads,229.76
ZAM-2025-005220,2025-01-12,Dom i ogród,Facebook Ads,213.43
ZAM-2025-002182,2025-12-08,Elektronika,Sklep internetowy,626.43
ZAM-2025-009560,2025-10-15,Uroda,Marketplace,73.69
ZAM-2025-009085,2025-08-27,Uroda,Marketplace,52.54
ZAM-2025-006407,2025-07-06,Dom i ogród,Marketplace,239.11
ZAM-2025-000834,2025-06-05,Elektronika,Marketplace,413.41
ZAM-2025-006454,2025-07-01,Dom i ogród,Facebook Ads,156.89
ZAM-2025-012033,2025-10-23,Sport,Marketplace,81.02
ZAM-2025-002780,2025-03-11,Odzież,Marketplace,185.09
ZAM-2025-002389,2025-01-26,Odzież,Sklep internetowy,156.22
ZAM-2025-012274,2025-12-19,Sport,Facebook Ads,186.88
ZAM-2025-010349,2025-02-17,Sport,Google Ads,229.84
ZAM-2025-003556,2025-06-24,Odzież,Sklep internetowy,157.44
ZAM-2025-009456,2025-10-19,Uroda,Marketplace,98.03
ZAM-2025-003513,2025-06-13,Odzież,Sklep internetowy,112.68
ZAM-2025-007716,2025-02-25,Uroda,Facebook Ads,98.66
ZAM-2025-003068,2025-04-03,Odzież,Facebook Ads,164.65
ZAM-2025-001246,2025-08-19,Elektronika,Marketplace,418.97
ZAM-2025-007671,2025-02-17,Uroda,Sklep internetowy,72.19
ZAM-2025-006627,2025-08-30,Dom i ogród,Facebook Ads,67.2
ZAM-2025-000730,2025-05-04,Elektronika,Sklep internetowy,291.83
ZAM-2025-004189,2025-09-13,Odzież,Marketplace,98.99
ZAM-2025-010484,2025-02-20,Sport,Sklep internetowy,164.29
ZAM-2025-004476,2025-10-30,Odzież,Marketplace,140.85
ZAM-2025-006783,2025-09-18,Dom i ogród,Facebook Ads,268.06
ZAM-2025-010033,2025-12-03,Uroda,Google Ads,157.19
ZAM-2025-010249,2025-01-16,Sport,Google Ads,105.3
ZAM-2025-001226,2025-08-15,Elektronika,Sklep internetowy,281.14
ZAM-2025-006432,2025-07-30,Dom i ogród,Facebook Ads,207.85
ZAM-2025-002013,2025-12-15,Elektronika,Sklep internetowy,354.46
ZAM-2025-010345,2025-02-16,Sport,Facebook Ads,280.99
ZAM-2025-000492,2025-04-26,Elektronika,Facebook Ads,384.84
ZAM-2025-000744,2025-05-06,Elektronika,Sklep internetowy,222.22
ZAM-2025-006970,2025-10-15,Dom i ogród,Sklep internetowy,194.7
ZAM-2025-009722,2025-11-29,Uroda,Marketplace,100.73
ZAM-2025-007151,2025-11-11,Dom i ogród,Sklep internetowy,66.03
ZAM-2025-011062,2025-05-17,Sport,Facebook Ads,162.19
ZAM-2025-004422,2025-10-27,Odzież,Marketplace,81.93
ZAM-2025-001301,2025-09-10,Elektronika,Google Ads,581.19
ZAM-2025-007069,2025-10-12,Dom i ogród,Marketplace,272.16
ZAM-2025-013026,2025-08-09,Zabawki i prezenty,Sklep internetowy,91.25
ZAM-2025-007602,2025-02-10,Uroda,Sklep internetowy,51.42
ZAM-2025-010731,2025-03-03,Sport,Facebook Ads,102.36
ZAM-2025-006108,2025-06-14,Dom i ogród,Sklep internetowy,273.99
ZAM-2025-002010,2025-12-19,Elektronika,Facebook Ads,449.32
ZAM-2025-000906,2025-06-20,Elektronika,Marketplace,303.87
ZAM-2025-003248,2025-05-31,Odzież,Marketplace,160.58
ZAM-2025-004022,2025-08-13,Odzież,Marketplace,151.73
ZAM-2025-001485,2025-10-01,Elektronika,Sklep internetowy,475.23
ZAM-2025-012160,2025-11-01,Sport,Facebook Ads,184.17
ZAM-2025-012789,2025-06-14,Zabawki i prezenty,Marketplace,36.57
ZAM-2025-009450,2025-10-18,Uroda,Sklep internetowy,79.88
ZAM-2025-012432,2025-01-31,Zabawki i prezenty,Facebook Ads,108.1
ZAM-2025-000119,2025-01-04,Elektronika,Facebook Ads,450.25
ZAM-2025-012753,2025-05-12,Zabawki i prezenty,Marketplace,96.66
ZAM-2025-001815,2025-11-12,Elektronika,Facebook Ads,44.18
ZAM-2025-013170,2025-10-29,Zabawki i prezenty,Sklep internetowy,72.32
ZAM-2025-001032,2025-07-04,Elektronika,Facebook Ads,19
ZAM-2025-011436,2025-07-14,Sport,Facebook Ads,164.59
ZAM-2025-009952,2025-12-14,Uroda,Google Ads,112.3
ZAM-2025-001175,2025-08-07,Elektronika,Marketplace,224.56
ZAM-2025-010370,2025-02-21,Sport,Google Ads,97.03
ZAM-2025-011143,2025-05-03,Sport,Facebook Ads,161.57
ZAM-2025-002795,2025-03-28,Odzież,Marketplace,48.27
ZAM-2025-007549,2025-01-14,Uroda,Sklep internetowy,105.95
ZAM-2025-000440,2025-04-07,Elektronika,Marketplace,266.28
ZAM-2025-006938,2025-09-29,Dom i ogród,Google Ads,117.91
ZAM-2025-011292,2025-06-13,Sport,Google Ads,85.52
ZAM-2025-005732,2025-04-25,Dom i ogród,Sklep internetowy,232.66
ZAM-2025-007236,2025-12-12,Dom i ogród,Google Ads,311.19
ZAM-2025-000580,2025-04-26,Elektronika,Sklep internetowy,658.47
ZAM-2025-001751,2025-11-28,Elektronika,Facebook Ads,142.58
ZAM-2025-002867,2025-03-07,Odzież,Sklep internetowy,161.98
ZAM-2025-010240,2025-01-27,Sport,Google Ads,122.74
ZAM-2025-013034,2025-08-12,Zabawki i prezenty,Google Ads,71.57
ZAM-2025-013873,2025-12-22,Zabawki i prezenty,Facebook Ads,90.07
ZAM-2025-010355,2025-02-24,Sport,Marketplace,194.62
ZAM-2025-009777,2025-11-28,Uroda,Sklep internetowy,127.9
ZAM-2025-010950,2025-04-15,Sport,Google Ads,86.69
ZAM-2025-008447,2025-05-13,Uroda,Google Ads,79.97
ZAM-2025-005014,2025-12-14,Odzież,Sklep internetowy,165.43
ZAM-2025-007333,2025-12-19,Dom i ogród,Facebook Ads,229.98
ZAM-2025-002864,2025-03-10,Odzież,Facebook Ads,158.6
ZAM-2025-001713,2025-11-07,Elektronika,Marketplace,461.72
ZAM-2025-009884,2025-12-23,Uroda,Marketplace,85.88
ZAM-2025-014072,2025-12-11,Zabawki i prezenty,Google Ads,105.83
ZAM-2025-000608,2025-05-03,Elektronika,Facebook Ads,302.7
ZAM-2025-013278,2025-11-16,Zabawki i prezenty,Facebook Ads,76.44
ZAM-2025-004695,2025-11-30,Odzież,Facebook Ads,173.47
ZAM-2025-003552,2025-06-12,Odzież,Marketplace,19
ZAM-2025-012031,2025-10-02,Sport,Sklep internetowy,149.9
ZAM-2025-001568,2025-10-30,Elektronika,Facebook Ads,394.44
ZAM-2025-010112,2025-01-01,Sport,Facebook Ads,234.44
ZAM-2025-010335,2025-01-23,Sport,Sklep internetowy,150.58
ZAM-2025-005092,2025-12-20,Odzież,Sklep internetowy,161.03
ZAM-2025-000924,2025-06-12,Elektronika,Google Ads,270.92
ZAM-2025-008554,2025-05-02,Uroda,Facebook Ads,101.93
ZAM-2025-012276,2025-12-07,Sport,Marketplace,288.61
ZAM-2025-003046,2025-04-05,Odzież,Sklep internetowy,53.36
ZAM-2025-010207,2025-01-18,Sport,Facebook Ads,281.0
ZAM-2025-004019,2025-08-08,Odzież,Marketplace,76.16
ZAM-2025-008386,2025-05-11,Uroda,Marketplace,107.58
ZAM-2025-001119,2025-08-21,Elektronika,Google Ads,284.84
ZAM-2025-004331,2025-10-24,Odzież,Facebook Ads,66.38
ZAM-2025-003031,2025-04-27,Odzież,Marketplace,36.18
ZAM-2025-005863,2025-05-29,Dom i ogród,Marketplace,129.59
ZAM-2025-001825,2025-11-30,Elektronika,Google Ads,262.73
ZAM-2025-013647,2025-11-17,Zabawki i prezenty,Marketplace,75.94
ZAM-2025-007544,2025-01-19,Uroda,Facebook Ads,104.03
ZAM-2025-008149,2025-04-28,Uroda,Facebook Ads,90.64
ZAM-2025-002822,2025-03-28,Odzież,Sklep internetowy,164.65
ZAM-2025-009803,2025-12-23,Uroda,Google Ads,68.95
ZAM-2025-013120,2025-09-22,Zabawki i prezenty,Facebook Ads,71.72
ZAM-2025-004291,2025-09-12,Odzież,Facebook Ads,147.89
ZAM-2025-007190,2025-11-16,Dom i ogród,Google Ads,281.6
ZAM-2025-005748,2025-04-12,Dom i ogród,Facebook Ads,85.1
ZAM-2025-010488,2025-02-23,Sport,Google Ads,91.78
ZAM-2025-012974,2025-08-15,Zabawki i prezenty,Sklep internetowy,95.36
ZAM-2025-013742,2025-12-27,Zabawki i prezenty,Marketplace,83.72
ZAM-2025-013152,2025-10-04,Zabawki i prezenty,Marketplace,105.37
ZAM-2025-011314,2025-06-29,Sport,Sklep internetowy,116.53
ZAM-2025-002286,2025-01-26,Odzież,Marketplace,201.95
ZAM-2025-005619,2025-04-01,Dom i ogród,Facebook Ads,224.85
ZAM-2025-013024,2025-08-01,Zabawki i prezenty,Sklep internetowy,51.51
ZAM-2025-000157,2025-02-12,Elektronika,Sklep internetowy,667.64
ZAM-2025-007123,2025-11-20,Dom i ogród,Facebook Ads,206.32
ZAM-2025-012607,2025-03-13,Zabawki i prezenty,Marketplace,90.46
ZAM-2025-003993,2025-08-26,Odzież,Facebook Ads,115.47
ZAM-2025-004265,2025-09-30,Odzież,Google Ads,128.78
ZAM-2025-011695,2025-08-01,Sport,Sklep internetowy,199.07
ZAM-2025-009112,2025-08-31,Uroda,Marketplace,56.74
ZAM-2025-002856,2025-03-24,Odzież,Sklep internetowy,72.93
ZAM-2025-000443,2025-04-03,Elektronika,Google Ads,365.11
ZAM-2025-012696,2025-04-01,Zabawki i prezenty,Facebook Ads,53.04
ZAM-2025-008588,2025-06-01,Uroda,Facebook Ads,95.97
ZAM-2025-011199,2025-06-09,Sport,Facebook Ads,197.52
ZAM-2025-005140,2025-12-01,Odzież,Marketplace,92.98
ZAM-2025-011958,2025-09-20,Sport,Sklep internetowy,165.9
ZAM-2025-008343,2025-05-31,Uroda,Sklep internetowy,85.99
ZAM-2025-004650,2025-11-04,Odzież,Sklep internetowy,148.94
ZAM-2025-002563,2025-02-24,Odzież,Sklep internetowy,168.6
ZAM-2025-007519,2025-01-30,Uroda,Facebook Ads,108.89
ZAM-2025-013063,2025-09-16,Zabawki i prezenty,Facebook Ads,107.29
ZAM-2025-001285,2025-09-30,Elektronika,Sklep internetowy,370.32
ZAM-2025-002876,2025-03-27,Odzież,Google Ads,143.05
ZAM-2025-009272,2025-09-12,Uroda,Marketplace,129.41
ZAM-2025-000360,2025-03-19,Elektronika,Google Ads,442.13
ZAM-2025-001882,2025-11-21,Elektronika,Google Ads,531.64
ZAM-2025-009314,2025-09-26,Uroda,Facebook Ads,88.47
ZAM-2025-000713,2025-05-23,Elektronika,Sklep internetowy,612.18
ZAM-2025-007240,2025-12-07,Dom i ogród,Google Ads,218.58
ZAM-2025-005996,2025-05-21,Dom i ogród,Marketplace,289.24
ZAM-2025-001822,2025-11-02,Elektronika,Sklep internetowy,540.92
ZAM-2025-004601,2025-10-16,Odzież,Sklep internetowy,111.29
ZAM-2025-000551,2025-04-13,Elektronika,Marketplace,359.9
ZAM-2025-005464,2025-03-16,Dom i ogród,Facebook Ads,138.76
ZAM-2025-002516,2025-02-19,Odzież,Google Ads,155.3
ZAM-2025-000308,2025-03-30,Elektronika,Facebook Ads,393.04
ZAM-2025-009606,2025-11-21,Uroda,Sklep internetowy,131.09
ZAM-2025-000545,2025-04-16,Elektronika,Facebook Ads,163.58
ZAM-2025-007484,2025-01-14,Uroda,Facebook Ads,64.01
ZAM-2025-008751,2025-06-29,Uroda,Facebook Ads,116.88
ZAM-2025-005919,2025-05-15,Dom i ogród,Marketplace,121.56
ZAM-2025-012120,2025-11-28,Sport,Facebook Ads,139.6
ZAM-2025-011193,2025-06-13,Sport,Marketplace,121.98
ZAM-2025-005986,2025-05-16,Dom i ogród,Facebook Ads,270.66
ZAM-2025-000799,2025-06-19,Elektronika,Sklep internetowy,295.78
ZAM-2025-004264,2025-09-03,Odzież,Google Ads,135.63
ZAM-2025-003543,2025-06-23,Odzież,Marketplace,262.4
ZAM-2025-001615,2025-10-29,Elektronika,Sklep internetowy,77.96
ZAM-2025-006568,2025-07-30,Dom i ogród,Marketplace,212.43
ZAM-2025-009569,2025-10-05,Uroda,Sklep internetowy,67.38
ZAM-2025-000643,2025-05-01,Elektronika,Facebook Ads,672.55
ZAM-2025-010867,2025-04-12,Sport,Sklep internetowy,262.25
ZAM-2025-005939,2025-05-22,Dom i ogród,Sklep internetowy,304.58
ZAM-2025-004525,2025-10-14,Odzież,Sklep internetowy,184.74
ZAM-2025-012008,2025-10-20,Sport,Sklep internetowy,225.42
ZAM-2025-005159,2025-12-20,Odzież,Sklep internetowy,140.91
ZAM-2025-009226,2025-09-18,Uroda,Facebook Ads,131.03
ZAM-2025-009961,2025-12-29,Uroda,Facebook Ads,147.21
ZAM-2025-000344,2025-03-05,Elektronika,Sklep internetowy,307.12
ZAM-2025-008764,2025-06-16,Uroda,Sklep internetowy,135.67
ZAM-2025-007280,2025-12-10,Dom i ogród,Google Ads,87.66
ZAM-2025-003901,2025-08-13,Odzież,Google Ads,214.48
ZAM-2025-002014,2025-12-14,Elektronika,Sklep internetowy,372.82
ZAM-2025-011415,2025-07-26,Sport,Sklep internetowy,133.62
ZAM-2025-007985,2025-03-15,Uroda,Facebook Ads,125.04
ZAM-2025-012819,2025-06-17,Zabawki i prezenty,Facebook Ads,91.01
ZAM-2025-000239,2025-02-11,Elektronika,Sklep internetowy,546.16
ZAM-2025-012883,2025-07-18,Zabawki i prezenty,Google Ads,47.1
ZAM-2025-013049,2025-09-17,Zabawki i prezenty,Facebook Ads,73.53
ZAM-2025-010397,2025-02-08,Sport,Sklep internetowy,141.27
ZAM-2025-004850,2025-11-29,Odzież,Google Ads,219.89
ZAM-2025-010090,2025-12-29,Uroda,Sklep internetowy,132.15
ZAM-2025-000160,2025-02-13,Elektronika,Google Ads,401.63
ZAM-2025-007048,2025-10-25,Dom i ogród,Facebook Ads,201.75
ZAM-2025-008481,2025-05-24,Uroda,Marketplace,75.81
ZAM-2025-001423,2025-09-18,Elektronika,Facebook Ads,188.96
ZAM-2025-010095,2025-01-24,Sport,Google Ads,99.46
ZAM-2025-004190,2025-09-10,Odzież,Facebook Ads,83.91
ZAM-2025-011837,2025-09-21,Sport,Sklep internetowy,215.73
ZAM-2025-002172,2025-12-29,Elektronika,Sklep internetowy,498.51
ZAM-2025-004166,2025-09-24,Odzież,Facebook Ads,72.09
ZAM-2025-002400,2025-01-26,Odzież,Marketplace,75.68
ZAM-2025-013920,2025-12-06,Zabawki i prezenty,Sklep internetowy,89.68
ZAM-2025-013322,2025-11-09,Zabawki i prezenty,Google Ads,97.49
ZAM-2025-004779,2025-11-09,Odzież,Marketplace,105.64
ZAM-2025-009358,2025-09-30,Uroda,Facebook Ads,78.09
ZAM-2025-008490,2025-05-29,Uroda,Google Ads,78.18
ZAM-2025-010426,2025-02-12,Sport,Google Ads,160.11
ZAM-2025-005645,2025-04-22,Dom i ogród,Sklep internetowy,262.13
ZAM-2025-005442,2025-03-10,Dom i ogród,Sklep internetowy,123.81
ZAM-2025-010912,2025-04-16,Sport,Marketplace,160.42
ZAM-2025-001048,2025-07-22,Elektronika,Sklep internetowy,664.75
ZAM-2025-005622,2025-04-02,Dom i ogród,Sklep internetowy,146.13
ZAM-2025-008405,2025-05-20,Uroda,Google Ads,29.02
ZAM-2025-009209,2025-09-20,Uroda,Facebook Ads,88.83
ZAM-2025-013364,2025-11-12,Zabawki i prezenty,Marketplace,88.72
ZAM-2025-012910,2025-07-23,Zabawki i prezenty,Sklep internetowy,63.41
ZAM-2025-005707,2025-04-26,Dom i ogród,Facebook Ads,320.43
ZAM-2025-013380,2025-11-21,Zabawki i prezenty,Sklep internetowy,96.99
ZAM-2025-001726,2025-11-15,Elektronika,Facebook Ads,600.78
ZAM-2025-007063,2025-10-10,Dom i ogród,Facebook Ads,198.97
ZAM-2025-003250,2025-05-16,Odzież,Facebook Ads,128.44
ZAM-2025-006366,2025-07-09,Dom i ogród,Sklep internetowy,168.47
ZAM-2025-011306,2025-06-09,Sport,Marketplace,137.44
ZAM-2025-010784,2025-04-05,Sport,Google Ads,177.73
ZAM-2025-012301,2025-12-13,Sport,Facebook Ads,207.13
ZAM-2025-002414,2025-01-04,Odzież,Sklep internetowy,207.95
ZAM-2025-007435,2025-01-25,Uroda,Sklep internetowy,115.81
ZAM-2025-014080,2025-12-23,Zabawki i prezenty,Google Ads,104.66
ZAM-2025-002415,2025-01-10,Odzież,Sklep internetowy,139.14
ZAM-2025-003110,2025-04-16,Odzież,Sklep internetowy,126.98
ZAM-2025-009919,2025-12-10,Uroda,Marketplace,119.13
ZAM-2025-006023,2025-05-16,Dom i ogród,Marketplace,244.42
ZAM-2025-013830,2025-12-08,Zabawki i prezenty,Facebook Ads,55.76
ZAM-2025-011130,2025-05-02,Sport,Marketplace,150.3
ZAM-2025-008284,2025-04-24,Uroda,Facebook Ads,79.57
ZAM-2025-002982,2025-04-19,Odzież,Google Ads,122.21
ZAM-2025-008851,2025-07-08,Uroda,Sklep internetowy,38.74
ZAM-2025-003848,2025-07-21,Odzież,Marketplace,150.33
ZAM-2025-011283,2025-06-19,Sport,Marketplace,39.81
ZAM-2025-005008,2025-12-14,Odzież,Facebook Ads,94.44
ZAM-2025-009536,2025-10-06,Uroda,Marketplace,124.56
ZAM-2025-003777,2025-07-31,Odzież,Sklep internetowy,106.14
ZAM-2025-012822,2025-06-22,Zabawki i prezenty,Sklep internetowy,99.34
ZAM-2025-011941,2025-09-04,Sport,Sklep internetowy,175.28
ZAM-2025-009437,2025-10-31,Uroda,Facebook Ads,98.14
ZAM-2025-000999,2025-07-06,Elektronika,Sklep internetowy,455.04
ZAM-2025-004783,2025-11-19,Odzież,Marketplace,112.66
ZAM-2025-007095,2025-10-20,Dom i ogród,Facebook Ads,140.72
ZAM-2025-006422,2025-07-23,Dom i ogród,Marketplace,162.83
ZAM-2025-010290,2025-01-27,Sport,Marketplace,179.21
ZAM-2025-000593,2025-04-22,Elektronika,Marketplace,572.57
ZAM-2025-002956,2025-04-06,Odzież,Sklep internetowy,142.84
ZAM-2025-005511,2025-03-02,Dom i ogród,Marketplace,131.87
ZAM-2025-006723,2025-08-27,Dom i ogród,Sklep internetowy,373.63
ZAM-2025-006488,2025-07-28,Dom i ogród,Sklep internetowy,222.17
ZAM-2025-011423,2025-07-14,Sport,Sklep internetowy,49.31
ZAM-2025-010245,2025-01-10,Sport,Sklep internetowy,170.2
ZAM-2025-013800,2025-12-15,Zabawki i prezenty,Marketplace,85.9
ZAM-2025-002546,2025-02-27,Odzież,Marketplace,143.67
ZAM-2025-004066,2025-09-05,Odzież,Google Ads,192.98
ZAM-2025-004893,2025-12-27,Odzież,Google Ads,72.79
ZAM-2025-000494,2025-04-19,Elektronika,Google Ads,170.38
ZAM-2025-005258,2025-01-16,Dom i ogród,Marketplace,194.15
ZAM-2025-013011,2025-08-11,Zabawki i prezenty,Google Ads,81.09
ZAM-2025-011295,2025-06-10,Sport,Facebook Ads,150.67
ZAM-2025-005988,2025-05-07,Dom i ogród,Google Ads,108.98
ZAM-2025-007938,2025-03-02,Uroda,Sklep internetowy,133.05
ZAM-2025-001218,2025-08-13,Elektronika,Sklep internetowy,525.87
ZAM-2025-000429,2025-03-01,Elektronika,Sklep internetowy,484.68
ZAM-2025-013965,2025-12-20,Zabawki i prezenty,Sklep internetowy,66.63
ZAM-2025-008451,2025-05-03,Uroda,Google Ads,106.41
ZAM-2025-007915,2025-03-16,Uroda,Sklep internetowy,36.42
ZAM-2025-009685,2025-11-05,Uroda,Google Ads,79.29
ZAM-2025-012765,2025-05-10,Zabawki i prezenty,Sklep internetowy,102.63
ZAM-2025-006018,2025-05-25,Dom i ogród,Sklep internetowy,142.12
ZAM-2025-001369,2025-09-16,Elektronika,Marketplace,199.36
ZAM-2025-003633,2025-06-10,Odzież,Marketplace,182.3
ZAM-2025-013848,2025-12-18,Zabawki i prezenty,Google Ads,66.05
ZAM-2025-012626,2025-04-28,Zabawki i prezenty,Sklep internetowy,74.95
ZAM-2025-007107,2025-11-28,Dom i ogród,Sklep internetowy,193.28
ZAM-2025-013474,2025-11-29,Zabawki i prezenty,Sklep internetowy,70.04
ZAM-2025-000189,2025-02-24,Elektronika,Sklep internetowy,675.92
ZAM-2025-008197,2025-04-24,Uroda,Facebook Ads,139.47
ZAM-2025-006486,2025-07-07,Dom i ogród,Sklep internetowy,173.08
ZAM-2025-008794,2025-07-01,Uroda,Facebook Ads,62.83
ZAM-2025-014149,2025-12-17,Zabawki i prezenty,Facebook Ads,84.71
ZAM-2025-010968,2025-05-30,Sport,Marketplace,90.05
ZAM-2025-013557,2025-11-10,Zabawki i prezenty,Google Ads,30.98
ZAM-2025-005246,2025-01-02,Dom i ogród,Sklep internetowy,206.5
ZAM-2025-005202,2025-01-15,Dom i ogród,Sklep internetowy,115.45
ZAM-2025-003942,2025-08-23,Odzież,Google Ads,216.48
ZAM-2025-012309,2025-12-16,Sport,Sklep internetowy,224.7
ZAM-2025-013857,2025-12-14,Zabawki i prezenty,Sklep internetowy,20.71
ZAM-2025-012397,2025-01-28,Zabawki i prezenty,Marketplace,111.8
ZAM-2025-012133,2025-11-15,Sport,Google Ads,182.25
ZAM-2025-001144,2025-08-19,Elektronika,Facebook Ads,687.59
ZAM-2025-011880,2025-09-11,Sport,Facebook Ads,102.21
ZAM-2025-005912,2025-05-06,Dom i ogród,Facebook Ads,375.64
ZAM-2025-005357,2025-02-20,Dom i ogród,Facebook Ads,202.15
ZAM-2025-009796,2025-11-18,Uroda,Facebook Ads,107.22
ZAM-2025-003272,2025-05-09,Odzież,Google Ads,126.77
ZAM-2025-007371,2025-12-09,Dom i ogród,Google Ads,278.46
ZAM-2025-002419,2025-02-06,Odzież,Facebook Ads,144.7
ZAM-2025-012700,2025-05-13,Zabawki i prezenty,Sklep internetowy,60.57
ZAM-2025-004900,2025-12-04,Odzież,Facebook Ads,156.02
ZAM-2025-005017,2025-12-14,Odzież,Sklep internetowy,127.44
ZAM-2025-008622,2025-06-27,Uroda,Facebook Ads,106.26
ZAM-2025-005162,2025-01-31,Dom i ogród,Facebook Ads,241.07
ZAM-2025-001429,2025-10-20,Elektronika,Sklep internetowy,491.01
ZAM-2025-002928,2025-04-17,Odzież,Facebook Ads,153.25
ZAM-2025-012935,2025-07-06,Zabawki i prezenty,Sklep internetowy,64.98
ZAM-2025-000768,2025-06-15,Elektronika,Sklep internetowy,251.39
ZAM-2025-012734,2025-05-28,Zabawki i prezenty,Marketplace,63.05
ZAM-2025-003595,2025-06-24,Odzież,Facebook Ads,167.91
ZAM-2025-005867,2025-05-31,Dom i ogród,Sklep internetowy,180.07
ZAM-2025-009825,2025-12-03,Uroda,Facebook Ads,147.25
ZAM-2025-000106,2025-01-29,Elektronika,Marketplace,346.53
ZAM-2025-011264,2025-06-13,Sport,Google Ads,251.51
ZAM-2025-004708,2025-11-17,Odzież,Facebook Ads,139.74
ZAM-2025-011609,2025-08-04,Sport,Sklep internetowy,133.09
ZAM-2025-006151,2025-06-04,Dom i ogród,Marketplace,107.4
ZAM-2025-003059,2025-04-22,Odzież,Facebook Ads,145.23
ZAM-2025-004807,2025-11-05,Odzież,Facebook Ads,108.64
ZAM-2025-005452,2025-03-25,Dom i ogród,Marketplace,183.95
ZAM-2025-000611,2025-05-10,Elektronika,Facebook Ads,416.38
ZAM-2025-013270,2025-11-22,Zabawki i prezenty,Marketplace,47.24
ZAM-2025-003138,2025-04-08,Odzież,Sklep internetowy,172.07
ZAM-2025-012217,2025-11-15,Sport,Marketplace,152.65
ZAM-2025-012207,2025-11-21,Sport,Sklep internetowy,171.47
ZAM-2025-013182,2025-10-02,Zabawki i prezenty,Sklep internetowy,105.06
ZAM-2025-007298,2025-12-14,Dom i ogród,Sklep internetowy,243.66
ZAM-2025-010546,2025-02-12,Sport,Marketplace,179.56
ZAM-2025-011827,2025-09-17,Sport,Marketplace,203.25
ZAM-2025-000631,2025-05-04,Elektronika,Google Ads,529.04
ZAM-2025-001810,2025-11-24,Elektronika,Google Ads,507.06
ZAM-2025-002325,2025-01-04,Odzież,Facebook Ads,87.12
ZAM-2025-006940,2025-09-20,Dom i ogród,Sklep internetowy,270.59
ZAM-2025-000271,2025-02-14,Elektronika,Sklep internetowy,343.38
ZAM-2025-013871,2025-12-31,Zabawki i prezenty,Marketplace,67.57
ZAM-2025-013933,2025-12-16,Zabawki i prezenty,Marketplace,60.08
ZAM-2025-011484,2025-07-07,Sport,Facebook Ads,92.43
ZAM-2025-010530,2025-02-14,Sport,Sklep internetowy,199.49
ZAM-2025-010411,2025-02-08,Sport,Sklep internetowy,48.5
ZAM-2025-013628,2025-11-14,Zabawki i prezenty,Marketplace,83.63
ZAM-2025-003814,2025-07-22,Odzież,Facebook Ads,95.73
ZAM-2025-010093,2025-01-27,Sport,Sklep internetowy,262.71
ZAM-2025-011506,2025-07-13,Sport,Facebook Ads,154.45
ZAM-2025-006937,2025-09-25,Dom i ogród,Google Ads,262.47
ZAM-2025-006911,2025-09-29,Dom i ogród,Facebook Ads,263.13
ZAM-2025-004319,2025-09-15,Odzież,Sklep internetowy,112.42
ZAM-2025-003589,2025-06-22,Odzież,Facebook Ads,165.47
ZAM-2025-003221,2025-05-24,Odzież,Sklep internetowy,156.67
ZAM-2025-006419,2025-07-20,Dom i ogród,Marketplace,207.6
ZAM-2025-007936,2025-03-13,Uroda,Facebook Ads,102.74
ZAM-2025-008130,2025-04-22,Uroda,Sklep internetowy,54.46
ZAM-2025-013561,2025-11-08,Zabawki i prezenty,Google Ads,96.98
ZAM-2025-013743,2025-12-30,Zabawki i prezenty,Google Ads,19
ZAM-2025-003751,2025-07-26,Odzież,Google Ads,124.62
ZAM-2025-011821,2025-09-02,Sport,Facebook Ads,132.42
ZAM-2025-003975,2025-08-06,Odzież,Facebook Ads,169.0
ZAM-2025-006429,2025-07-27,Dom i ogród,Sklep internetowy,196.62
ZAM-2025-003934,2025-08-12,Odzież,Facebook Ads,180.69
ZAM-2025-001253,2025-09-09,Elektronika,Facebook Ads,507.95
ZAM-2025-001267,2025-09-19,Elektronika,Facebook Ads,260.91
ZAM-2025-008029,2025-03-10,Uroda,Marketplace,76.24
ZAM-2025-005803,2025-04-26,Dom i ogród,Marketplace,147.66
ZAM-2025-006683,2025-08-23,Dom i ogród,Sklep internetowy,216.63
ZAM-2025-007517,2025-01-29,Uroda,Marketplace,78.4
ZAM-2025-009572,2025-10-25,Uroda,Facebook Ads,87.5
ZAM-2025-013579,2025-11-04,Zabawki i prezenty,Sklep internetowy,92.21
ZAM-2025-001589,2025-10-01,Elektronika,Marketplace,433.55
ZAM-2025-007292,2025-12-17,Dom i ogród,Sklep internetowy,253.58
ZAM-2025-001042,2025-07-02,Elektronika,Google Ads,486.57
ZAM-2025-002015,2025-12-30,Elektronika,Facebook Ads,384.86
ZAM-2025-008219,2025-04-10,Uroda,Sklep internetowy,44.49
ZAM-2025-010525,2025-02-25,Sport,Marketplace,188.87
ZAM-2025-013357,2025-11-22,Zabawki i prezenty,Facebook Ads,93.54
ZAM-2025-006094,2025-06-05,Dom i ogród,Facebook Ads,201.18
ZAM-2025-006848,2025-09-06,Dom i ogród,Marketplace,233.11
ZAM-2025-012262,2025-12-05,Sport,Sklep internetowy,196.61
ZAM-2025-007368,2025-12-29,Dom i ogród,Sklep internetowy,274.23
ZAM-2025-008427,2025-05-03,Uroda,Facebook Ads,61.71
ZAM-2025-006494,2025-07-05,Dom i ogród,Sklep internetowy,253.15
ZAM-2025-012563,2025-03-14,Zabawki i prezenty,Google Ads,67.26
ZAM-2025-012606,2025-03-14,Zabawki i prezenty,Sklep internetowy,80.83
ZAM-2025-009244,2025-09-15,Uroda,Google Ads,75.0
ZAM-2025-002739,2025-03-19,Odzież,Marketplace,108.53
ZAM-2025-004874,2025-12-03,Odzież,Marketplace,148.78
ZAM-2025-012225,2025-12-01,Sport,Facebook Ads,268.48
ZAM-2025-001374,2025-09-18,Elektronika,Facebook Ads,674.62
ZAM-2025-013961,2025-12-14,Zabawki i prezenty,Facebook Ads,88.43
ZAM-2025-010806,2025-04-26,Sport,Marketplace,202.57
ZAM-2025-011630,2025-08-19,Sport,Google Ads,123.26
ZAM-2025-005847,2025-05-15,Dom i ogród,Sklep internetowy,135.05
ZAM-2025-011204,2025-06-18,Sport,Sklep internetowy,174.51
ZAM-2025-003669,2025-06-11,Odzież,Marketplace,127.77
ZAM-2025-013233,2025-10-12,Zabawki i prezenty,Google Ads,98.07
ZAM-2025-003077,2025-04-07,Odzież,Facebook Ads,191.17
ZAM-2025-009440,2025-10-26,Uroda,Sklep internetowy,106.99
ZAM-2025-001963,2025-12-25,Elektronika,Marketplace,517.83
ZAM-2025-001900,2025-11-04,Elektronika,Sklep internetowy,373.84
ZAM-2025-003941,2025-08-29,Odzież,Sklep internetowy,138.92
ZAM-2025-012582,2025-03-02,Zabawki i prezenty,Facebook Ads,61.94
ZAM-2025-005317,2025-02-20,Dom i ogród,Sklep internetowy,209.1
ZAM-2025-004380,2025-10-30,Odzież,Google Ads,155.1
ZAM-2025-007895,2025-03-25,Uroda,Sklep internetowy,102.62
ZAM-2025-008385,2025-05-11,Uroda,Sklep internetowy,121.62
ZAM-2025-004479,2025-10-23,Odzież,Sklep internetowy,101.19
ZAM-2025-012933,2025-07-28,Zabawki i prezenty,Marketplace,50.41
ZAM-2025-002494,2025-02-02,Odzież,Marketplace,83.69
ZAM-2025-006811,2025-09-20,Dom i ogród,Google Ads,138.97
ZAM-2025-007259,2025-12-28,Dom i ogród,Facebook Ads,250.56
ZAM-2025-001521,2025-10-08,Elektronika,Sklep internetowy,478.49
ZAM-2025-000530,2025-04-21,Elektronika,Google Ads,145.21
ZAM-2025-010168,2025-01-26,Sport,Marketplace,133.21
ZAM-2025-010118,2025-01-21,Sport,Sklep internetowy,162.81
ZAM-2025-012462,2025-01-26,Zabawki i prezenty,Marketplace,70.67
ZAM-2025-012946,2025-08-29,Zabawki i prezenty,Sklep internetowy,106.8
ZAM-2025-001344,2025-09-25,Elektronika,Sklep internetowy,212.14
ZAM-2025-004660,2025-11-03,Odzież,Google Ads,125.0
ZAM-2025-012592,2025-03-23,Zabawki i prezenty,Marketplace,93.49
ZAM-2025-009802,2025-12-02,Uroda,Facebook Ads,65.46
ZAM-2025-005230,2025-01-26,Dom i ogród,Sklep internetowy,301.92
ZAM-2025-012742,2025-05-06,Zabawki i prezenty,Google Ads,101.75
ZAM-2025-010516,2025-02-08,Sport,Facebook Ads,107.8
ZAM-2025-008369,2025-05-04,Uroda,Sklep internetowy,75.97
ZAM-2025-008180,2025-04-25,Uroda,Sklep internetowy,128.92
ZAM-2025-002694,2025-03-18,Odzież,Sklep internetowy,81.1
ZAM-2025-003437,2025-05-18,Odzież,Facebook Ads,149.84
ZAM-2025-002569,2025-02-04,Odzież,Marketplace,178.59
ZAM-2025-001325,2025-09-26,Elektronika,Facebook Ads,348.55
ZAM-2025-009798,2025-11-15,Uroda,Marketplace,50.53
ZAM-2025-001814,2025-11-08,Elektronika,Sklep internetowy,387.78
ZAM-2025-009214,2025-09-10,Uroda,Sklep internetowy,78.67
ZAM-2025-008474,2025-05-06,Uroda,Marketplace,72.57
ZAM-2025-002445,2025-02-09,Odzież,Marketplace,74.0
ZAM-2025-003810,2025-07-03,Odzież,Sklep internetowy,66.54
ZAM-2025-012596,2025-03-07,Zabawki i prezenty,Sklep internetowy,89.19
ZAM-2025-001923,2025-11-30,Elektronika,Google Ads,469.37
ZAM-2025-000884,2025-06-03,Elektronika,Sklep internetowy,148.31
ZAM-2025-006221,2025-06-18,Dom i ogród,Marketplace,286.62
ZAM-2025-004112,2025-09-22,Odzież,Marketplace,148.19
ZAM-2025-011449,2025-07-13,Sport,Facebook Ads,64.79
ZAM-2025-006153,2025-06-22,Dom i ogród,Facebook Ads,167.5
ZAM-2025-010517,2025-02-15,Sport,Marketplace,112.09
ZAM-2025-004606,2025-10-30,Odzież,Sklep internetowy,125.98
ZAM-2025-011987,2025-10-25,Sport,Sklep internetowy,178.44
ZAM-2025-010989,2025-05-29,Sport,Sklep internetowy,236.32
ZAM-2025-009595,2025-11-21,Uroda,Facebook Ads,88.82
ZAM-2025-011604,2025-08-21,Sport,Sklep internetowy,250.2
ZAM-2025-000670,2025-05-10,Elektronika,Marketplace,143.51
ZAM-2025-010721,2025-03-10,Sport,Facebook Ads,209.48
ZAM-2025-004801,2025-11-15,Odzież,Marketplace,98.41
ZAM-2025-009071,2025-08-28,Uroda,Marketplace,90.82
ZAM-2025-011697,2025-08-25,Sport,Marketplace,165.36
ZAM-2025-008514,2025-05-05,Uroda,Marketplace,47.21
ZAM-2025-004087,2025-09-13,Odzież,Marketplace,181.12
ZAM-2025-008179,2025-04-25,Uroda,Google Ads,105.22
ZAM-2025-013899,2025-12-17,Zabawki i prezenty,Sklep internetowy,66.4
ZAM-2025-000952,2025-07-14,Elektronika,Sklep internetowy,433.19
ZAM-2025-002443,2025-02-25,Odzież,Google Ads,183.21
ZAM-2025-004818,2025-11-11,Odzież,Facebook Ads,156.95
ZAM-2025-006581,2025-07-24,Dom i ogród,Sklep internetowy,140.15
ZAM-2025-000984,2025-07-12,Elektronika,Facebook Ads,511.81
ZAM-2025-013950,2025-12-19,Zabawki i prezenty,Sklep internetowy,49.91
ZAM-2025-010689,2025-03-04,Sport,Marketplace,180.87
ZAM-2025-009759,2025-11-20,Uroda,Sklep internetowy,95.6
ZAM-2025-004762,2025-11-16,Odzież,Facebook Ads,84.28
ZAM-2025-012791,2025-06-27,Zabawki i prezenty,Marketplace,58.5
ZAM-2025-005366,2025-02-03,Dom i ogród,Facebook Ads,252.28
ZAM-2025-010159,2025-01-17,Sport,Marketplace,53.57
ZAM-2025-008559,2025-05-12,Uroda,Facebook Ads,74.87
ZAM-2025-006040,2025-05-03,Dom i ogród,Google Ads,279.35
ZAM-2025-003775,2025-07-20,Odzież,Marketplace,160.9
ZAM-2025-013087,2025-09-08,Zabawki i prezenty,Facebook Ads,79.24
ZAM-2025-007226,2025-11-05,Dom i ogród,Sklep internetowy,213.72
ZAM-2025-004618,2025-10-26,Odzież,Marketplace,170.19
ZAM-2025-010643,2025-03-22,Sport,Marketplace,191.84
ZAM-2025-002703,2025-03-25,Odzież,Marketplace,134.24
ZAM-2025-004286,2025-09-05,Odzież,Facebook Ads,192.95
ZAM-2025-001763,2025-11-17,Elektronika,Sklep internetowy,425.62
ZAM-2025-008102,2025-04-02,Uroda,Marketplace,139.78
ZAM-2025-004946,2025-12-30,Odzież,Sklep internetowy,185.25
ZAM-2025-001191,2025-08-19,Elektronika,Google Ads,631.71
ZAM-2025-011914,2025-09-25,Sport,Marketplace,217.24
ZAM-2025-003167,2025-04-13,Odzież,Facebook Ads,122.01
ZAM-2025-003596,2025-06-10,Odzież,Sklep internetowy,121.93
ZAM-2025-001994,2025-12-14,Elektronika,Sklep internetowy,561.83
ZAM-2025-009607,2025-11-13,Uroda,Sklep internetowy,115.57
ZAM-2025-005643,2025-04-19,Dom i ogród,Sklep internetowy,135.95
ZAM-2025-004883,2025-12-14,Odzież,Marketplace,178.16
ZAM-2025-013493,2025-11-10,Zabawki i prezenty,Sklep internetowy,73.63
ZAM-2025-010401,2025-02-03,Sport,Google Ads,96.71
ZAM-2025-008977,2025-08-15,Uroda,Google Ads,94.83
ZAM-2025-006700,2025-08-26,Dom i ogród,Sklep internetowy,174.09
ZAM-2025-000175,2025-02-13,Elektronika,Marketplace,401.8
ZAM-2025-004439,2025-10-11,Odzież,Sklep internetowy,98.02
ZAM-2025-011461,2025-07-01,Sport,Sklep internetowy,253.25
ZAM-2025-009785,2025-11-03,Uroda,Google Ads,76.26
ZAM-2025-013635,2025-11-16,Zabawki i prezenty,Marketplace,82.59
ZAM-2025-004138,2025-09-16,Odzież,Marketplace,106.29
ZAM-2025-005734,2025-04-14,Dom i ogród,Facebook Ads,270.42
ZAM-2025-010357,2025-02-21,Sport,Marketplace,236.87
ZAM-2025-000336,2025-03-27,Elektronika,Marketplace,483.42
ZAM-2025-004227,2025-09-09,Odzież,Sklep internetowy,171.51
ZAM-2025-006554,2025-07-05,Dom i ogród,Marketplace,102.87
ZAM-2025-014108,2025-12-06,Zabawki i prezenty,Sklep internetowy,95.93
ZAM-2025-004195,2025-09-13,Odzież,Marketplace,147.16
ZAM-2025-006655,2025-08-02,Dom i ogród,Sklep internetowy,175.99
ZAM-2025-013633,2025-11-20,Zabawki i prezenty,Marketplace,34.88
ZAM-2025-007471,2025-01-24,Uroda,Google Ads,154.76
ZAM-2025-005207,2025-01-26,Dom i ogród,Sklep internetowy,315.93
ZAM-2025-007914,2025-03-20,Uroda,Google Ads,70.57
ZAM-2025-013640,2025-11-18,Zabawki i prezenty,Google Ads,86.16
ZAM-2025-005925,2025-05-03,Dom i ogród,Facebook Ads,157.14
ZAM-2025-009255,2025-09-09,Uroda,Sklep internetowy,110.31
ZAM-2025-011481,2025-07-29,Sport,Google Ads,239.54
ZAM-2025-011330,2025-06-17,Sport,Marketplace,128.34
ZAM-2025-010757,2025-03-06,Sport,Google Ads,199.27
ZAM-2025-002049,2025-12-22,Elektronika,Marketplace,287.62
ZAM-2025-005585,2025-03-11,Dom i ogród,Facebook Ads,68.26
ZAM-2025-008961,2025-07-13,Uroda,Google Ads,103.56
ZAM-2025-005615,2025-04-24,Dom i ogród,Google Ads,191.45
ZAM-2025-012296,2025-12-16,Sport,Sklep internetowy,170.9
ZAM-2025-000166,2025-02-07,Elektronika,Sklep internetowy,416.03
ZAM-2025-011893,2025-09-01,Sport,Facebook Ads,185.57
ZAM-2025-009811,2025-12-28,Uroda,Sklep internetowy,84.42
ZAM-2025-000749,2025-05-26,Elektronika,Marketplace,308.8
ZAM-2025-006766,2025-08-09,Dom i ogród,Sklep internetowy,105.45
ZAM-2025-009614,2025-11-04,Uroda,Facebook Ads,135.23
ZAM-2025-009019,2025-08-05,Uroda,Sklep internetowy,81.39
ZAM-2025-012409,2025-01-17,Zabawki i prezenty,Sklep internetowy,55.89
ZAM-2025-009103,2025-08-27,Uroda,Google Ads,87.81
ZAM-2025-008423,2025-05-18,Uroda,Sklep internetowy,45.54
ZAM-2025-003806,2025-07-10,Odzież,Sklep internetowy,104.76
ZAM-2025-001666,2025-11-22,Elektronika,Sklep internetowy,425.91
ZAM-2025-006103,2025-06-08,Dom i ogród,Sklep internetowy,208.81
ZAM-2025-002491,2025-02-18,Odzież,Marketplace,111.44
ZAM-2025-003888,2025-08-05,Odzież,Facebook Ads,155.06
ZAM-2025-005260,2025-01-13,Dom i ogród,Marketplace,362.68
ZAM-2025-006799,2025-09-12,Dom i ogród,Facebook Ads,170.83
ZAM-2025-010224,2025-01-08,Sport,Google Ads,160.79
ZAM-2025-000691,2025-05-02,Elektronika,Sklep internetowy,119.76
ZAM-2025-006676,2025-08-25,Dom i ogród,Facebook Ads,87.92
ZAM-2025-005862,2025-05-30,Dom i ogród,Google Ads,180.77
ZAM-2025-010362,2025-02-20,Sport,Sklep internetowy,270.43
ZAM-2025-010666,2025-03-03,Sport,Marketplace,142.75
ZAM-2025-010828,2025-04-08,Sport,Sklep internetowy,213.17
ZAM-2025-001928,2025-11-26,Elektronika,Marketplace,573.43
ZAM-2025-013656,2025-12-11,Zabawki i prezenty,Marketplace,99.09
ZAM-2025-008213,2025-04-22,Uroda,Google Ads,141.32
ZAM-2025-009423,2025-10-24,Uroda,Facebook Ads,75.77
ZAM-2025-005686,2025-04-26,Dom i ogród,Sklep internetowy,176.09
ZAM-2025-008198,2025-04-16,Uroda,Marketplace,103.11
ZAM-2025-014161,2025-12-14,Zabawki i prezenty,Sklep internetowy,108.1
ZAM-2025-000121,2025-01-09,Elektronika,Sklep internetowy,674.93
ZAM-2025-011964,2025-10-14,Sport,Marketplace,194.31
ZAM-2025-010532,2025-02-17,Sport,Sklep internetowy,174.66
ZAM-2025-006797,2025-09-18,Dom i ogród,Google Ads,112.27
ZAM-2025-005074,2025-12-21,Odzież,Google Ads,208.58
ZAM-2025-004973,2025-12-01,Odzież,Sklep internetowy,161.88
ZAM-2025-002527,2025-02-08,Odzież,Sklep internetowy,19
ZAM-2025-010164,2025-01-25,Sport,Marketplace,163.16
ZAM-2025-002292,2025-01-09,Odzież,Google Ads,45.17
ZAM-2025-000810,2025-06-08,Elektronika,Sklep internetowy,589.1
ZAM-2025-000916,2025-06-08,Elektronika,Sklep internetowy,433.7
ZAM-2025-004654,2025-11-27,Odzież,Sklep internetowy,59.02
ZAM-2025-002447,2025-02-28,Odzież,Google Ads,81.04
ZAM-2025-005751,2025-04-01,Dom i ogród,Sklep internetowy,334.83
ZAM-2025-013616,2025-11-05,Zabawki i prezenty,Sklep internetowy,72.67
ZAM-2025-009597,2025-11-10,Uroda,Sklep internetowy,167.92
ZAM-2025-003856,2025-08-14,Odzież,Facebook Ads,176.95
ZAM-2025-005029,2025-12-21,Odzież,Marketplace,148.72
ZAM-2025-014008,2025-12-29,Zabawki i prezenty,Sklep internetowy,52.39
ZAM-2025-011232,2025-06-07,Sport,Sklep internetowy,122.98
ZAM-2025-013343,2025-11-06,Zabawki i prezenty,Sklep internetowy,73.28
ZAM-2025-005675,2025-04-13,Dom i ogród,Sklep internetowy,156.75
ZAM-2025-005581,2025-03-27,Dom i ogród,Facebook Ads,137.37
ZAM-2025-009448,2025-10-03,Uroda,Sklep internetowy,97.55
ZAM-2025-008442,2025-05-17,Uroda,Facebook Ads,119.89
ZAM-2025-012124,2025-11-10,Sport,Sklep internetowy,143.1
ZAM-2025-009111,2025-08-18,Uroda,Facebook Ads,95.8
ZAM-2025-010285,2025-01-12,Sport,Google Ads,208.32
ZAM-2025-009147,2025-08-20,Uroda,Facebook Ads,49.18
ZAM-2025-006624,2025-08-19,Dom i ogród,Marketplace,142.26
ZAM-2025-008863,2025-07-31,Uroda,Sklep internetowy,127.46
ZAM-2025-000110,2025-01-17,Elektronika,Marketplace,346.02
ZAM-2025-004494,2025-10-29,Odzież,Sklep internetowy,94.18
ZAM-2025-012826,2025-06-04,Zabawki i prezenty,Sklep internetowy,90.32
ZAM-2025-006503,2025-07-08,Dom i ogród,Marketplace,105.32
ZAM-2025-002418,2025-02-12,Odzież,Marketplace,109.45
ZAM-2025-002530,2025-02-17,Odzież,Google Ads,158.38
ZAM-2025-000716,2025-05-25,Elektronika,Marketplace,280.35
ZAM-2025-006713,2025-08-08,Dom i ogród,Sklep internetowy,130.84
ZAM-2025-006814,2025-09-23,Dom i ogród,Sklep internetowy,261.26
ZAM-2025-003190,2025-04-18,Odzież,Sklep internetowy,144.01
ZAM-2025-010267,2025-01-11,Sport,Sklep internetowy,194.27
ZAM-2025-005492,2025-03-24,Dom i ogród,Facebook Ads,34.41
ZAM-2025-012654,2025-04-24,Zabawki i prezenty,Marketplace,77.71
ZAM-2025-009014,2025-08-06,Uroda,Sklep internetowy,94.08
ZAM-2025-013554,2025-11-13,Zabawki i prezenty,Sklep internetowy,43.64
ZAM-2025-003238,2025-05-31,Odzież,Marketplace,45.61
ZAM-2025-000780,2025-06-27,Elektronika,Google Ads,549.58
ZAM-2025-012333,2025-12-24,Sport,Google Ads,195.8
ZAM-2025-003240,2025-05-15,Odzież,Sklep internetowy,78.86
ZAM-2025-001969,2025-12-06,Elektronika,Sklep internetowy,303.88
ZAM-2025-002385,2025-01-06,Odzież,Sklep internetowy,145.83
ZAM-2025-000179,2025-02-24,Elektronika,Google Ads,325.39
ZAM-2025-005032,2025-12-14,Odzież,Sklep internetowy,57.3
ZAM-2025-013779,2025-12-02,Zabawki i prezenty,Sklep internetowy,74.34
ZAM-2025-001471,2025-10-17,Elektronika,Facebook Ads,529.58
ZAM-2025-000036,2025-01-13,Elektronika,Marketplace,291.11
ZAM-2025-008804,2025-07-11,Uroda,Marketplace,105.43
ZAM-2025-004891,2025-12-14,Odzież,Google Ads,158.26
ZAM-2025-003612,2025-06-01,Odzież,Marketplace,80.23
ZAM-2025-009322,2025-09-28,Uroda,Sklep internetowy,68.68
ZAM-2025-003871,2025-08-26,Odzież,Sklep internetowy,137.57
ZAM-2025-010424,2025-02-07,Sport,Facebook Ads,165.12
ZAM-2025-005711,2025-04-11,Dom i ogród,Sklep internetowy,219.66
ZAM-2025-000908,2025-06-18,Elektronika,Google Ads,324.09
ZAM-2025-010053,2025-12-11,Uroda,Facebook Ads,94.58
ZAM-2025-003370,2025-05-23,Odzież,Marketplace,104.49
ZAM-2025-010236,2025-01-24,Sport,Sklep internetowy,185.95
ZAM-2025-010496,2025-02-16,Sport,Facebook Ads,206.36
ZAM-2025-012931,2025-07-20,Zabawki i prezenty,Marketplace,62.16
ZAM-2025-010569,2025-03-18,Sport,Facebook Ads,111.08
ZAM-2025-003897,2025-08-31,Odzież,Sklep internetowy,161.27
ZAM-2025-013794,2025-12-19,Zabawki i prezenty,Facebook Ads,103.05
ZAM-2025-003910,2025-08-31,Odzież,Sklep internetowy,141.74
ZAM-2025-012832,2025-06-03,Zabawki i prezenty,Marketplace,35.81
ZAM-2025-004248,2025-09-06,Odzież,Sklep internetowy,134.79
ZAM-2025-003146,2025-04-27,Odzież,Facebook Ads,164.7
ZAM-2025-003592,2025-06-17,Odzież,Sklep internetowy,139.54
ZAM-2025-009415,2025-10-30,Uroda,Marketplace,101.98
ZAM-2025-001273,2025-09-26,Elektronika,Facebook Ads,435.16
ZAM-2025-008280,2025-04-27,Uroda,Sklep internetowy,117.48
ZAM-2025-002692,2025-03-31,Odzież,Marketplace,153.7
ZAM-2025-011336,2025-06-20,Sport,Sklep internetowy,133.97
ZAM-2025-011380,2025-07-07,Sport,Sklep internetowy,117.13
ZAM-2025-012324,2025-12-27,Sport,Sklep internetowy,214.16
ZAM-2025-009877,2025-12-21,Uroda,Sklep internetowy,66.98
ZAM-2025-003643,2025-06-26,Odzież,Facebook Ads,114.87
ZAM-2025-008560,2025-05-10,Uroda,Facebook Ads,116.44
ZAM-2025-005699,2025-04-27,Dom i ogród,Marketplace,110.09
ZAM-2025-001212,2025-08-03,Elektronika,Sklep internetowy,205.7
ZAM-2025-003960,2025-08-08,Odzież,Sklep internetowy,133.23
ZAM-2025-001326,2025-09-03,Elektronika,Facebook Ads,280.21
ZAM-2025-012351,2025-12-02,Sport,Facebook Ads,202.74
ZAM-2025-008088,2025-04-19,Uroda,Facebook Ads,101.62
ZAM-2025-003288,2025-05-18,Odzież,Facebook Ads,234.09
ZAM-2025-006473,2025-07-27,Dom i ogród,Sklep internetowy,300.87
ZAM-2025-013348,2025-11-29,Zabawki i prezenty,Google Ads,85.11
ZAM-2025-006646,2025-08-16,Dom i ogród,Marketplace,146.73
ZAM-2025-011629,2025-08-02,Sport,Sklep internetowy,164.35
ZAM-2025-007962,2025-03-09,Uroda,Facebook Ads,36.65
ZAM-2025-003122,2025-04-09,Odzież,Sklep internetowy,167.61
ZAM-2025-006863,2025-09-18,Dom i ogród,Sklep internetowy,87.84
ZAM-2025-003829,2025-07-18,Odzież,Google Ads,103.51
ZAM-2025-007244,2025-12-19,Dom i ogród,Marketplace,218.43
ZAM-2025-013727,2025-12-22,Zabawki i prezenty,Marketplace,85.97
ZAM-2025-003512,2025-06-23,Odzież,Facebook Ads,154.3
ZAM-2025-010322,2025-01-14,Sport,Marketplace,135.68
ZAM-2025-008861,2025-07-17,Uroda,Sklep internetowy,108.02
ZAM-2025-012600,2025-03-10,Zabawki i prezenty,Sklep internetowy,22.33
ZAM-2025-013479,2025-11-20,Zabawki i prezenty,Sklep internetowy,44.13
ZAM-2025-006619,2025-08-31,Dom i ogród,Marketplace,192.19
ZAM-2025-008034,2025-03-16,Uroda,Sklep internetowy,91.28
ZAM-2025-005983,2025-05-30,Dom i ogród,Google Ads,338.17
ZAM-2025-001659,2025-11-16,Elektronika,Sklep internetowy,158.15
ZAM-2025-012866,2025-06-13,Zabawki i prezenty,Sklep internetowy,65.41
ZAM-2025-014116,2025-12-12,Zabawki i prezenty,Facebook Ads,28.07
ZAM-2025-011909,2025-09-18,Sport,Marketplace,146.24
ZAM-2025-007167,2025-11-17,Dom i ogród,Sklep internetowy,213.76
ZAM-2025-001387,2025-09-25,Elektronika,Google Ads,232.77
ZAM-2025-007531,2025-01-06,Uroda,Google Ads,93.8
ZAM-2025-010278,2025-01-17,Sport,Sklep internetowy,239.33
ZAM-2025-007176,2025-11-27,Dom i ogród,Marketplace,146.77
ZAM-2025-010237,2025-01-23,Sport,Sklep internetowy,131.79
ZAM-2025-006804,2025-09-10,Dom i ogród,Facebook Ads,46.73
ZAM-2025-003638,2025-06-20,Odzież,Facebook Ads,108.1
ZAM-2025-000893,2025-06-30,Elektronika,Sklep internetowy,312.31
ZAM-2025-002251,2025-01-03,Odzież,Facebook Ads,174.81
ZAM-2025-011995,2025-10-20,Sport,Sklep internetowy,177.38
ZAM-2025-000735,2025-05-10,Elektronika,Marketplace,513.83
ZAM-2025-001361,2025-09-29,Elektronika,Facebook Ads,342.66
ZAM-2025-009115,2025-08-30,Uroda,Sklep internetowy,78.82
ZAM-2025-006592,2025-08-10,Dom i ogród,Google Ads,80.52
ZAM-2025-005878,2025-05-25,Dom i ogród,Marketplace,226.97
ZAM-2025-013070,2025-09-18,Zabawki i prezenty,Sklep internetowy,51.88
ZAM-2025-002129,2025-12-17,Elektronika,Sklep internetowy,217.3
ZAM-2025-006184,2025-06-22,Dom i ogród,Facebook Ads,126.51
ZAM-2025-009918,2025-12-21,Uroda,Sklep internetowy,69.44
ZAM-2025-010740,2025-03-08,Sport,Google Ads,203.41
ZAM-2025-008568,2025-05-31,Uroda,Google Ads,92.2
ZAM-2025-001692,2025-11-07,Elektronika,Google Ads,301.04
ZAM-2025-002852,2025-03-08,Odzież,Marketplace,154.5
ZAM-2025-006380,2025-07-21,Dom i ogród,Google Ads,239.28
ZAM-2025-013362,2025-11-07,Zabawki i prezenty,Facebook Ads,75.41
ZAM-2025-001971,2025-12-05,Elektronika,Google Ads,517.77
ZAM-2025-001954,2025-11-15,Elektronika,Marketplace,121.55
ZAM-2025-001088,2025-08-06,Elektronika,Sklep internetowy,284.46
ZAM-2025-006645,2025-08-27,Dom i ogród,Sklep internetowy,73.34
ZAM-2025-004323,2025-09-16,Odzież,Sklep internetowy,157.69
ZAM-2025-013891,2025-12-06,Zabawki i prezenty,Sklep internetowy,60.47
ZAM-2025-009348,2025-09-30,Uroda,Sklep internetowy,75.15
ZAM-2025-013752,2025-12-20,Zabawki i prezenty,Marketplace,71.31
ZAM-2025-009696,2025-11-12,Uroda,Google Ads,85.68
ZAM-2025-010920,2025-04-01,Sport,Facebook Ads,228.14
ZAM-2025-009344,2025-09-02,Uroda,Facebook Ads,61.64
ZAM-2025-010463,2025-02-16,Sport,Facebook Ads,206.28
ZAM-2025-005058,2025-12-04,Odzież,Sklep internetowy,132.78
ZAM-2025-004969,2025-12-17,Odzież,Sklep internetowy,81.28
ZAM-2025-006776,2025-08-24,Dom i ogród,Facebook Ads,19
ZAM-2025-006540,2025-07-17,Dom i ogród,Sklep internetowy,238.08
ZAM-2025-003483,2025-06-04,Odzież,Marketplace,158.04
ZAM-2025-009923,2025-12-02,Uroda,Google Ads,30.23
ZAM-2025-011401,2025-07-20,Sport,Facebook Ads,75.72
ZAM-2025-010268,2025-01-06,Sport,Sklep internetowy,177.84
ZAM-2025-010634,2025-03-31,Sport,Sklep internetowy,58.57
ZAM-2025-011801,2025-09-13,Sport,Google Ads,202.39
ZAM-2025-002235,2025-01-29,Odzież,Sklep internetowy,149.01
ZAM-2025-012530,2025-02-15,Zabawki i prezenty,Sklep internetowy,78.82
ZAM-2025-006905,2025-09-27,Dom i ogród,Marketplace,198.81
ZAM-2025-006791,2025-09-07,Dom i ogród,Google Ads,189.38
ZAM-2025-004135,2025-09-10,Odzież,Sklep internetowy,93.32
ZAM-2025-004766,2025-11-02,Odzież,Sklep internetowy,164.75
ZAM-2025-001578,2025-10-10,Elektronika,Facebook Ads,366.61
ZAM-2025-003404,2025-05-13,Odzież,Sklep internetowy,192.04
ZAM-2025-000677,2025-05-16,Elektronika,Sklep internetowy,278.0
ZAM-2025-001342,2025-09-23,Elektronika,Google Ads,711.37
ZAM-2025-005015,2025-12-13,Odzież,Marketplace,96.59
ZAM-2025-009317,2025-09-26,Uroda,Sklep internetowy,90.56
ZAM-2025-011583,2025-07-12,Sport,Sklep internetowy,198.07
ZAM-2025-002265,2025-01-29,Odzież,Sklep internetowy,147.7
ZAM-2025-013828,2025-12-19,Zabawki i prezenty,Google Ads,64.33
ZAM-2025-012390,2025-01-04,Zabawki i prezenty,Facebook Ads,110.14
ZAM-2025-007206,2025-11-11,Dom i ogród,Google Ads,332.38
ZAM-2025-013721,2025-12-06,Zabawki i prezenty,Sklep internetowy,68.5
ZAM-2025-004064,2025-09-07,Odzież,Marketplace,64.43
ZAM-2025-001092,2025-08-09,Elektronika,Google Ads,452.26
ZAM-2025-008697,2025-06-14,Uroda,Google Ads,81.74
ZAM-2025-012580,2025-03-30,Zabawki i prezenty,Facebook Ads,96.8
ZAM-2025-011509,2025-07-15,Sport,Facebook Ads,200.28
ZAM-2025-011153,2025-05-20,Sport,Sklep internetowy,191.27
ZAM-2025-013370,2025-11-20,Zabawki i prezenty,Google Ads,90.87
ZAM-2025-013224,2025-10-23,Zabawki i prezenty,Sklep internetowy,86.36
ZAM-2025-008480,2025-05-14,Uroda,Sklep internetowy,152.49
ZAM-2025-009002,2025-08-14,Uroda,Sklep internetowy,60.45
ZAM-2025-006969,2025-10-17,Dom i ogród,Facebook Ads,309.37
ZAM-2025-005481,2025-03-03,Dom i ogród,Marketplace,80.8
ZAM-2025-003016,2025-04-23,Odzież,Facebook Ads,101.59
ZAM-2025-007360,2025-12-25,Dom i ogród,Marketplace,156.05
ZAM-2025-005131,2025-12-24,Odzież,Sklep internetowy,158.61
ZAM-2025-010088,2025-12-13,Uroda,Facebook Ads,98.77
ZAM-2025-006315,2025-06-07,Dom i ogród,Facebook Ads,132.59
ZAM-2025-000776,2025-06-23,Elektronika,Marketplace,370.6
ZAM-2025-002060,2025-12-03,Elektronika,Facebook Ads,455.65
ZAM-2025-009899,2025-12-04,Uroda,Facebook Ads,113.75
ZAM-2025-006446,2025-07-29,Dom i ogród,Sklep internetowy,104.04
ZAM-2025-013638,2025-11-14,Zabawki i prezenty,Sklep internetowy,49.61
ZAM-2025-003847,2025-07-20,Odzież,Marketplace,148.78
ZAM-2025-008140,2025-04-11,Uroda,Sklep internetowy,116.08
ZAM-2025-003632,2025-06-30,Odzież,Facebook Ads,131.58
ZAM-2025-002448,2025-02-28,Odzież,Sklep internetowy,122.49
ZAM-2025-008673,2025-06-23,Uroda,Marketplace,100.64
ZAM-2025-012122,2025-11-10,Sport,Facebook Ads,180.77
ZAM-2025-003019,2025-04-26,Odzież,Sklep internetowy,74.75
ZAM-2025-007032,2025-10-07,Dom i ogród,Sklep internetowy,80.26
ZAM-2025-002227,2025-12-04,Elektronika,Sklep internetowy,211.41
ZAM-2025-010587,2025-03-26,Sport,Sklep internetowy,130.01
ZAM-2025-007433,2025-01-22,Uroda,Sklep internetowy,107.66
ZAM-2025-009349,2025-09-12,Uroda,Marketplace,38.99
ZAM-2025-010121,2025-01-10,Sport,Sklep internetowy,99.41
ZAM-2025-009325,2025-09-24,Uroda,Sklep internetowy,115.19
ZAM-2025-009037,2025-08-26,Uroda,Marketplace,114.49
ZAM-2025-013059,2025-09-13,Zabawki i prezenty,Sklep internetowy,57.31
ZAM-2025-007331,2025-12-02,Dom i ogród,Sklep internetowy,214.09
ZAM-2025-004238,2025-09-22,Odzież,Sklep internetowy,154.55
ZAM-2025-011624,2025-08-20,Sport,Marketplace,255.37
ZAM-2025-011951,2025-09-27,Sport,Marketplace,161.73
ZAM-2025-004148,2025-09-22,Odzież,Sklep internetowy,178.32
ZAM-2025-008234,2025-04-29,Uroda,Google Ads,126.33
ZAM-2025-003525,2025-06-23,Odzież,Sklep internetowy,124.03
ZAM-2025-011497,2025-07-17,Sport,Google Ads,124.03
ZAM-2025-010797,2025-04-23,Sport,Marketplace,178.0
ZAM-2025-006743,2025-08-30,Dom i ogród,Marketplace,275.35
ZAM-2025-008376,2025-05-30,Uroda,Marketplace,41.31
ZAM-2025-007449,2025-01-24,Uroda,Sklep internetowy,115.44
ZAM-2025-000843,2025-06-22,Elektronika,Sklep internetowy,226.32
ZAM-2025-013071,2025-09-12,Zabawki i prezenty,Sklep internetowy,71.51
ZAM-2025-007234,2025-12-13,Dom i ogród,Google Ads,48.11
ZAM-2025-013499,2025-11-22,Zabawki i prezenty,Sklep internetowy,78.67
ZAM-2025-013730,2025-12-06,Zabawki i prezenty,Google Ads,128.73
ZAM-2025-003484,2025-06-11,Odzież,Google Ads,136.35
ZAM-2025-002367,2025-01-14,Odzież,Sklep internetowy,154.85
ZAM-2025-001055,2025-07-22,Elektronika,Google Ads,143.34
ZAM-2025-006786,2025-09-29,Dom i ogród,Sklep internetowy,268.69
ZAM-2025-005843,2025-05-07,Dom i ogród,Google Ads,225.93
ZAM-2025-013383,2025-11-08,Zabawki i prezenty,Marketplace,96.81
ZAM-2025-008208,2025-04-30,Uroda,Facebook Ads,98.1
ZAM-2025-000982,2025-07-06,Elektronika,Marketplace,160.94
ZAM-2025-003626,2025-06-05,Odzież,Facebook Ads,173.64
ZAM-2025-008134,2025-04-02,Uroda,Sklep internetowy,109.85
ZAM-2025-003002,2025-04-02,Odzież,Sklep internetowy,154.97
ZAM-2025-010337,2025-01-08,Sport,Sklep internetowy,186.7
ZAM-2025-000516,2025-04-08,Elektronika,Sklep internetowy,176.35
ZAM-2025-003216,2025-05-24,Odzież,Sklep internetowy,161.98
ZAM-2025-004579,2025-10-13,Odzież,Sklep internetowy,194.65
ZAM-2025-000986,2025-07-21,Elektronika,Google Ads,424.02
ZAM-2025-009504,2025-10-23,Uroda,Marketplace,68.33
ZAM-2025-005212,2025-01-05,Dom i ogród,Sklep internetowy,197.58
ZAM-2025-001634,2025-11-16,Elektronika,Marketplace,257.09
ZAM-2025-010514,2025-02-17,Sport,Marketplace,172.96
ZAM-2025-009794,2025-11-19,Uroda,Google Ads,110.79
ZAM-2025-008932,2025-07-23,Uroda,Facebook Ads,106.33
ZAM-2025-000568,2025-04-11,Elektronika,Marketplace,243.61
ZAM-2025-007605,2025-02-25,Uroda,Sklep internetowy,42.71
ZAM-2025-003569,2025-06-06,Odzież,Marketplace,153.33
ZAM-2025-011057,2025-05-10,Sport,Facebook Ads,270.43
ZAM-2025-008471,2025-05-16,Uroda,Facebook Ads,89.51
ZAM-2025-004557,2025-10-28,Odzież,Sklep internetowy,126.17
ZAM-2025-010102,2025-01-16,Sport,Sklep internetowy,192.38
ZAM-2025-003299,2025-05-21,Odzież,Marketplace,117.53
ZAM-2025-011752,2025-08-11,Sport,Sklep internetowy,103.39
ZAM-2025-002302,2025-01-13,Odzież,Facebook Ads,143.24
ZAM-2025-007011,2025-10-24,Dom i ogród,Marketplace,278.28
ZAM-2025-007866,2025-03-02,Uroda,Marketplace,104.22
ZAM-2025-004346,2025-10-21,Odzież,Sklep internetowy,56.27
ZAM-2025-013567,2025-11-01,Zabawki i prezenty,Marketplace,83.25
ZAM-2025-008828,2025-07-30,Uroda,Facebook Ads,108.82
ZAM-2025-006342,2025-06-26,Dom i ogród,Google Ads,223.96
ZAM-2025-002502,2025-02-24,Odzież,Sklep internetowy,152.7
ZAM-2025-006269,2025-06-13,Dom i ogród,Facebook Ads,161.17
ZAM-2025-006220,2025-06-20,Dom i ogród,Sklep internetowy,132.1
ZAM-2025-010799,2025-04-19,Sport,Marketplace,172.68
ZAM-2025-011159,2025-06-09,Sport,Google Ads,222.59
ZAM-2025-011589,2025-07-29,Sport,Sklep internetowy,156.85
ZAM-2025-007558,2025-01-07,Uroda,Facebook Ads,112.43
ZAM-2025-012446,2025-01-22,Zabawki i prezenty,Google Ads,94.82
ZAM-2025-001773,2025-11-05,Elektronika,Marketplace,377.87
ZAM-2025-010695,2025-03-13,Sport,Sklep internetowy,176.43
ZAM-2025-007108,2025-11-28,Dom i ogród,Facebook Ads,150.77
ZAM-2025-012355,2025-12-16,Sport,Facebook Ads,243.0
ZAM-2025-006888,2025-09-02,Dom i ogród,Sklep internetowy,165.83
ZAM-2025-012934,2025-07-21,Zabawki i prezenty,Google Ads,110.05
ZAM-2025-000525,2025-04-17,Elektronika,Sklep internetowy,506.49
ZAM-2025-003840,2025-07-12,Odzież,Marketplace,134.65
ZAM-2025-004303,2025-09-29,Odzież,Google Ads,192.98
ZAM-2025-008178,2025-04-15,Uroda,Google Ads,89.09
ZAM-2025-002995,2025-04-22,Odzież,Sklep internetowy,168.01
ZAM-2025-004292,2025-09-08,Odzież,Sklep internetowy,191.54
ZAM-2025-011123,2025-05-19,Sport,Google Ads,243.0
ZAM-2025-007363,2025-12-08,Dom i ogród,Facebook Ads,224.2
ZAM-2025-006827,2025-09-23,Dom i ogród,Sklep internetowy,296.17
ZAM-2025-004174,2025-09-08,Odzież,Google Ads,184.03
ZAM-2025-003841,2025-07-24,Odzież,Sklep internetowy,87.09
ZAM-2025-007618,2025-02-17,Uroda,Facebook Ads,87.18
ZAM-2025-001543,2025-10-23,Elektronika,Marketplace,319.16
ZAM-2025-005812,2025-04-17,Dom i ogród,Marketplace,208.15
ZAM-2025-000450,2025-04-28,Elektronika,Sklep internetowy,597.32
ZAM-2025-000533,2025-04-15,Elektronika,Facebook Ads,272.53
ZAM-2025-005488,2025-03-31,Dom i ogród,Google Ads,243.61
ZAM-2025-013334,2025-11-03,Zabawki i prezenty,Sklep internetowy,94.9
ZAM-2025-009280,2025-09-14,Uroda,Sklep internetowy,78.13
ZAM-2025-000144,2025-02-06,Elektronika,Sklep internetowy,361.12
ZAM-2025-003946,2025-08-24,Odzież,Marketplace,175.46
ZAM-2025-007838,2025-02-24,Uroda,Marketplace,109.4
ZAM-2025-012464,2025-02-03,Zabawki i prezenty,Facebook Ads,67.29
ZAM-2025-010125,2025-01-06,Sport,Sklep internetowy,99.97
ZAM-2025-009564,2025-10-13,Uroda,Sklep internetowy,69.13
ZAM-2025-011976,2025-10-17,Sport,Sklep internetowy,138.35
ZAM-2025-011463,2025-07-22,Sport,Sklep internetowy,186.07
ZAM-2025-008690,2025-06-11,Uroda,Google Ads,103.46
ZAM-2025-001295,2025-09-01,Elektronika,Google Ads,380.41
ZAM-2025-008618,2025-06-30,Uroda,Sklep internetowy,41.35
ZAM-2025-008948,2025-07-01,Uroda,Sklep internetowy,68.46
ZAM-2025-014158,2025-12-23,Zabawki i prezenty,Sklep internetowy,73.25
ZAM-2025-008142,2025-04-22,Uroda,Google Ads,124.46
ZAM-2025-010081,2025-12-06,Uroda,Sklep internetowy,99.85
ZAM-2025-004736,2025-11-04,Odzież,Marketplace,120.32
ZAM-2025-001268,2025-09-07,Elektronika,Google Ads,280.56
ZAM-2025-013094,2025-09-23,Zabawki i prezenty,Sklep internetowy,38.4
ZAM-2025-007646,2025-02-28,Uroda,Facebook Ads,140.59
ZAM-2025-014032,2025-12-16,Zabawki i prezenty,Marketplace,73.96
ZAM-2025-011359,2025-06-03,Sport,Google Ads,130.91
ZAM-2025-013513,2025-11-13,Zabawki i prezenty,Marketplace,91.03
ZAM-2025-002559,2025-02-05,Odzież,Google Ads,90.37
ZAM-2025-011385,2025-07-25,Sport,Facebook Ads,153.58
ZAM-2025-012338,2025-12-03,Sport,Marketplace,156.88
ZAM-2025-004325,2025-10-21,Odzież,Sklep internetowy,207.91
ZAM-2025-005128,2025-12-26,Odzież,Marketplace,218.97
ZAM-2025-009005,2025-08-26,Uroda,Google Ads,129.96
ZAM-2025-000725,2025-05-27,Elektronika,Sklep internetowy,300.86
ZAM-2025-004845,2025-11-30,Odzież,Google Ads,103.23
ZAM-2025-003285,2025-05-13,Odzież,Facebook Ads,123.45
ZAM-2025-003614,2025-06-29,Odzież,Marketplace,102.74
ZAM-2025-006341,2025-06-11,Dom i ogród,Google Ads,161.33
ZAM-2025-007697,2025-02-20,Uroda,Sklep internetowy,88.09
ZAM-2025-002532,2025-02-13,Odzież,Sklep internetowy,93.12
ZAM-2025-001455,2025-10-22,Elektronika,Sklep internetowy,91.16
ZAM-2025-005562,2025-03-15,Dom i ogród,Sklep internetowy,251.06
ZAM-2025-004513,2025-10-13,Odzież,Facebook Ads,213.25
ZAM-2025-012689,2025-04-28,Zabawki i prezenty,Marketplace,33.49
ZAM-2025-013610,2025-11-26,Zabawki i prezenty,Sklep internetowy,32.78
ZAM-2025-000051,2025-01-07,Elektronika,Marketplace,311.69
ZAM-2025-004552,2025-10-24,Odzież,Google Ads,73.89
ZAM-2025-003836,2025-07-17,Odzież,Sklep internetowy,181.25
ZAM-2025-007904,2025-03-11,Uroda,Sklep internetowy,102.2
ZAM-2025-013263,2025-10-13,Zabawki i prezenty,Marketplace,73.51
ZAM-2025-005107,2025-12-28,Odzież,Facebook Ads,100.22
ZAM-2025-006277,2025-06-23,Dom i ogród,Marketplace,45.13
ZAM-2025-012629,2025-04-01,Zabawki i prezenty,Sklep internetowy,67.39
ZAM-2025-000169,2025-02-17,Elektronika,Facebook Ads,390.89
ZAM-2025-011965,2025-10-02,Sport,Marketplace,140.38
ZAM-2025-006215,2025-06-18,Dom i ogród,Sklep internetowy,187.59
ZAM-2025-007004,2025-10-03,Dom i ogród,Sklep internetowy,189.06
ZAM-2025-010658,2025-03-13,Sport,Sklep internetowy,79.08
ZAM-2025-009413,2025-10-01,Uroda,Google Ads,98.52
ZAM-2025-007483,2025-01-07,Uroda,Google Ads,45.02
ZAM-2025-012913,2025-07-26,Zabawki i prezenty,Sklep internetowy,118.2
ZAM-2025-005073,2025-12-21,Odzież,Google Ads,131.53
ZAM-2025-001837,2025-11-05,Elektronika,Marketplace,193.68
ZAM-2025-010070,2025-12-11,Uroda,Sklep internetowy,100.08
ZAM-2025-005827,2025-04-24,Dom i ogród,Sklep internetowy,233.61
ZAM-2025-005704,2025-04-01,Dom i ogród,Sklep internetowy,231.12
ZAM-2025-000428,2025-03-16,Elektronika,Sklep internetowy,325.45
ZAM-2025-001129,2025-08-05,Elektronika,Google Ads,632.0
ZAM-2025-006543,2025-07-04,Dom i ogród,Sklep internetowy,174.87
ZAM-2025-007155,2025-11-02,Dom i ogród,Facebook Ads,150.12
ZAM-2025-002036,2025-12-23,Elektronika,Sklep internetowy,412.2
ZAM-2025-000017,2025-01-10,Elektronika,Facebook Ads,380.95
ZAM-2025-006016,2025-05-14,Dom i ogród,Google Ads,197.98
ZAM-2025-005657,2025-04-06,Dom i ogród,Marketplace,247.07
ZAM-2025-004214,2025-09-11,Odzież,Google Ads,142.66
ZAM-2025-000786,2025-06-11,Elektronika,Marketplace,385.3
ZAM-2025-008042,2025-03-06,Uroda,Marketplace,36.49
ZAM-2025-009444,2025-10-09,Uroda,Marketplace,71.09
ZAM-2025-014016,2025-12-19,Zabawki i prezenty,Marketplace,83.28
ZAM-2025-011564,2025-07-16,Sport,Marketplace,156.89
ZAM-2025-001813,2025-11-16,Elektronika,Google Ads,357.9
ZAM-2025-000828,2025-06-13,Elektronika,Google Ads,78.23
ZAM-2025-008028,2025-03-25,Uroda,Marketplace,88.57
ZAM-2025-005770,2025-04-06,Dom i ogród,Sklep internetowy,141.11
ZAM-2025-013572,2025-11-16,Zabawki i prezenty,Marketplace,102.96
ZAM-2025-002396,2025-01-18,Odzież,Facebook Ads,212.43
ZAM-2025-012849,2025-06-27,Zabawki i prezenty,Facebook Ads,33.85
ZAM-2025-003118,2025-04-28,Odzież,Sklep internetowy,76.07
ZAM-2025-000616,2025-05-03,Elektronika,Sklep internetowy,173.84
ZAM-2025-001033,2025-07-14,Elektronika,Google Ads,434.67
ZAM-2025-011131,2025-05-08,Sport,Sklep internetowy,228.92
ZAM-2025-005518,2025-03-18,Dom i ogród,Google Ads,234.01
ZAM-2025-008649,2025-06-26,Uroda,Sklep internetowy,127.81
ZAM-2025-005857,2025-05-02,Dom i ogród,Marketplace,190.95
ZAM-2025-006525,2025-07-12,Dom i ogród,Marketplace,228.13
ZAM-2025-001977,2025-12-31,Elektronika,Sklep internetowy,283.56
ZAM-2025-004930,2025-12-16,Odzież,Google Ads,159.28
ZAM-2025-002655,2025-03-11,Odzież,Sklep internetowy,167.33
ZAM-2025-008153,2025-04-02,Uroda,Marketplace,133.61
ZAM-2025-000044,2025-01-11,Elektronika,Google Ads,529.03
ZAM-2025-010084,2025-12-18,Uroda,Sklep internetowy,75.89
ZAM-2025-004522,2025-10-23,Odzież,Marketplace,128.14
ZAM-2025-008220,2025-04-09,Uroda,Facebook Ads,99.76
ZAM-2025-000281,2025-03-31,Elektronika,Google Ads,231.19
ZAM-2025-009966,2025-12-26,Uroda,Google Ads,71.82
ZAM-2025-004142,2025-09-09,Odzież,Facebook Ads,190.89
ZAM-2025-007463,2025-01-16,Uroda,Sklep internetowy,111.61
ZAM-2025-003876,2025-08-03,Odzież,Facebook Ads,71.91
ZAM-2025-007034,2025-10-12,Dom i ogród,Marketplace,160.96
ZAM-2025-010550,2025-02-12,Sport,Marketplace,190.01
ZAM-2025-010391,2025-02-24,Sport,Sklep internetowy,210.1
ZAM-2025-004875,2025-12-11,Odzież,Sklep internetowy,193.07
ZAM-2025-002827,2025-03-08,Odzież,Facebook Ads,108.48
ZAM-2025-011907,2025-09-08,Sport,Sklep internetowy,172.39
ZAM-2025-005910,2025-05-05,Dom i ogród,Sklep internetowy,152.42
ZAM-2025-003315,2025-05-02,Odzież,Facebook Ads,80.38
ZAM-2025-010708,2025-03-03,Sport,Sklep internetowy,227.6
ZAM-2025-003560,2025-06-27,Odzież,Sklep internetowy,120.57
ZAM-2025-008629,2025-06-09,Uroda,Sklep internetowy,73.89
ZAM-2025-013618,2025-11-16,Zabawki i prezenty,Sklep internetowy,147.24
ZAM-2025-002035,2025-12-22,Elektronika,Marketplace,272.04
ZAM-2025-003215,2025-05-11,Odzież,Sklep internetowy,181.0
ZAM-2025-013935,2025-12-15,Zabawki i prezenty,Marketplace,97.34
ZAM-2025-009403,2025-10-21,Uroda,Marketplace,105.15
ZAM-2025-001564,2025-10-25,Elektronika,Marketplace,353.45
ZAM-2025-002203,2025-12-27,Elektronika,Sklep internetowy,206.01
ZAM-2025-002149,2025-12-26,Elektronika,Marketplace,329.42
ZAM-2025-001310,2025-09-04,Elektronika,Marketplace,389.56
ZAM-2025-005504,2025-03-01,Dom i ogród,Marketplace,76.21
ZAM-2025-005001,2025-12-12,Odzież,Marketplace,134.37
ZAM-2025-003436,2025-05-11,Odzież,Facebook Ads,203.29
ZAM-2025-009205,2025-09-17,Uroda,Marketplace,72.08
ZAM-2025-012339,2025-12-29,Sport,Marketplace,173.25
ZAM-2025-013886,2025-12-23,Zabawki i prezenty,Facebook Ads,87.95
ZAM-2025-004599,2025-10-11,Odzież,Google Ads,76.18
ZAM-2025-011271,2025-06-17,Sport,Google Ads,167.62
ZAM-2025-002120,2025-12-20,Elektronika,Sklep internetowy,429.82
ZAM-2025-007741,2025-02-02,Uroda,Marketplace,90.92
ZAM-2025-013448,2025-11-12,Zabawki i prezenty,Sklep internetowy,23.67
ZAM-2025-009210,2025-09-21,Uroda,Sklep internetowy,89.82
ZAM-2025-008566,2025-05-05,Uroda,Marketplace,75.78
ZAM-2025-002473,2025-02-28,Odzież,Sklep internetowy,129.49
ZAM-2025-002477,2025-02-12,Odzież,Facebook Ads,136.44
ZAM-2025-005798,2025-04-23,Dom i ogród,Marketplace,191.59
ZAM-2025-004858,2025-11-10,Odzież,Google Ads,69.76
ZAM-2025-008710,2025-06-05,Uroda,Marketplace,87.85
ZAM-2025-007719,2025-02-04,Uroda,Sklep internetowy,99.06
ZAM-2025-001094,2025-08-23,Elektronika,Sklep internetowy,393.17
ZAM-2025-013183,2025-10-25,Zabawki i prezenty,Facebook Ads,95.23
ZAM-2025-003264,2025-05-25,Odzież,Facebook Ads,110.34
ZAM-2025-006032,2025-05-01,Dom i ogród,Google Ads,201.44
ZAM-2025-007687,2025-02-13,Uroda,Sklep internetowy,110.07
ZAM-2025-008031,2025-03-03,Uroda,Marketplace,49.16
ZAM-2025-009566,2025-10-26,Uroda,Sklep internetowy,96.11
ZAM-2025-013951,2025-12-24,Zabawki i prezenty,Marketplace,87.41
ZAM-2025-002439,2025-02-21,Odzież,Sklep internetowy,131.7
ZAM-2025-000062,2025-01-12,Elektronika,Sklep internetowy,369.45
ZAM-2025-002547,2025-02-01,Odzież,Sklep internetowy,146.3
ZAM-2025-013285,2025-11-27,Zabawki i prezenty,Sklep internetowy,94.75
ZAM-2025-001009,2025-07-10,Elektronika,Marketplace,503.82
ZAM-2025-004512,2025-10-17,Odzież,Sklep internetowy,115.13
ZAM-2025-006352,2025-07-26,Dom i ogród,Facebook Ads,243.9
ZAM-2025-012178,2025-11-19,Sport,Marketplace,248.83
ZAM-2025-004061,2025-09-15,Odzież,Google Ads,162.34
ZAM-2025-004372,2025-10-08,Odzież,Facebook Ads,130.4
ZAM-2025-012840,2025-06-26,Zabawki i prezenty,Sklep internetowy,76.6
ZAM-2025-013708,2025-12-05,Zabawki i prezenty,Google Ads,45.32
ZAM-2025-008620,2025-06-04,Uroda,Sklep internetowy,94.4
ZAM-2025-010805,2025-04-22,Sport,Sklep internetowy,164.92
ZAM-2025-005682,2025-04-01,Dom i ogród,Marketplace,206.84
ZAM-2025-003353,2025-05-07,Odzież,Sklep internetowy,158.91
ZAM-2025-000479,2025-04-04,Elektronika,Sklep internetowy,437.12
ZAM-2025-001783,2025-11-11,Elektronika,Google Ads,398.38
ZAM-2025-001992,2025-12-14,Elektronika,Sklep internetowy,270.55
ZAM-2025-010289,2025-01-29,Sport,Sklep internetowy,149.89
ZAM-2025-002937,2025-04-04,Odzież,Facebook Ads,74.46
ZAM-2025-011287,2025-06-02,Sport,Marketplace,262.72
ZAM-2025-006722,2025-08-21,Dom i ogród,Marketplace,112.6
ZAM-2025-006546,2025-07-19,Dom i ogród,Sklep internetowy,235.53
ZAM-2025-006788,2025-09-18,Dom i ogród,Facebook Ads,246.96
ZAM-2025-004130,2025-09-07,Odzież,Sklep internetowy,192.86
ZAM-2025-011182,2025-06-25,Sport,Facebook Ads,200.76
ZAM-2025-002556,2025-02-07,Odzież,Facebook Ads,148.58
ZAM-2025-001299,2025-09-16,Elektronika,Facebook Ads,337.37
ZAM-2025-010131,2025-01-05,Sport,Sklep internetowy,185.7
ZAM-2025-012650,2025-04-02,Zabawki i prezenty,Google Ads,80.0
ZAM-2025-005194,2025-01-25,Dom i ogród,Sklep internetowy,118.16
ZAM-2025-001159,2025-08-14,Elektronika,Facebook Ads,198.45
ZAM-2025-002310,2025-01-27,Odzież,Sklep internetowy,60.22
ZAM-2025-003322,2025-05-25,Odzież,Marketplace,122.79
ZAM-2025-013385,2025-11-18,Zabawki i prezenty,Marketplace,74.48
ZAM-2025-008819,2025-07-13,Uroda,Facebook Ads,120.77
ZAM-2025-001243,2025-08-13,Elektronika,Sklep internetowy,389.49
ZAM-2025-007883,2025-03-14,Uroda,Marketplace,75.59
ZAM-2025-001502,2025-10-14,Elektronika,Sklep internetowy,290.99
ZAM-2025-009277,2025-09-21,Uroda,Sklep internetowy,118.29
ZAM-2025-005446,2025-03-31,Dom i ogród,Google Ads,272.69
ZAM-2025-007815,2025-02-01,Uroda,Facebook Ads,94.47
ZAM-2025-003045,2025-04-19,Odzież,Marketplace,172.14
ZAM-2025-000724,2025-05-01,Elektronika,Sklep internetowy,507.64
ZAM-2025-000343,2025-03-23,Elektronika,Sklep internetowy,302.34
ZAM-2025-007440,2025-01-26,Uroda,Google Ads,91.8
ZAM-2025-007650,2025-02-11,Uroda,Google Ads,54.21
ZAM-2025-001372,2025-09-10,Elektronika,Sklep internetowy,613.18
ZAM-2025-003312,2025-05-17,Odzież,Facebook Ads,131.66
ZAM-2025-011992,2025-10-11,Sport,Google Ads,186.76
ZAM-2025-004951,2025-12-14,Odzież,Sklep internetowy,75.66
ZAM-2025-005247,2025-01-31,Dom i ogród,Sklep internetowy,114.75
ZAM-2025-008544,2025-05-15,Uroda,Facebook Ads,75.24
ZAM-2025-007557,2025-01-08,Uroda,Facebook Ads,106.99
ZAM-2025-001490,2025-10-06,Elektronika,Facebook Ads,373.04
ZAM-2025-004240,2025-09-19,Odzież,Facebook Ads,154.19
ZAM-2025-009622,2025-11-01,Uroda,Marketplace,89.98
ZAM-2025-009126,2025-08-15,Uroda,Sklep internetowy,87.85
ZAM-2025-009114,2025-08-28,Uroda,Sklep internetowy,71.85
ZAM-2025-006887,2025-09-14,Dom i ogród,Sklep internetowy,119.07
ZAM-2025-003716,2025-07-15,Odzież,Marketplace,53.73
ZAM-2025-010340,2025-01-10,Sport,Google Ads,143.15
ZAM-2025-002508,2025-02-11,Odzież,Sklep internetowy,64.11
ZAM-2025-002651,2025-03-21,Odzież,Sklep internetowy,124.78
ZAM-2025-013141,2025-10-14,Zabawki i prezenty,Sklep internetowy,85.4
ZAM-2025-004330,2025-10-16,Odzież,Sklep internetowy,169.64
ZAM-2025-010343,2025-02-05,Sport,Sklep internetowy,180.49
ZAM-2025-012066,2025-10-18,Sport,Sklep internetowy,92.3
ZAM-2025-013241,2025-10-27,Zabawki i prezenty,Marketplace,95.49
ZAM-2025-000798,2025-06-09,Elektronika,Sklep internetowy,167.8
ZAM-2025-004434,2025-10-23,Odzież,Sklep internetowy,99.26
ZAM-2025-001002,2025-07-11,Elektronika,Marketplace,461.79
ZAM-2025-008100,2025-04-22,Uroda,Google Ads,117.57
ZAM-2025-014121,2025-12-16,Zabawki i prezenty,Google Ads,77.29
ZAM-2025-009191,2025-09-18,Uroda,Google Ads,46.65
ZAM-2025-000148,2025-02-01,Elektronika,Google Ads,379.95
ZAM-2025-010381,2025-02-19,Sport,Facebook Ads,176.66
ZAM-2025-007334,2025-12-03,Dom i ogród,Sklep internetowy,180.23
ZAM-2025-008263,2025-04-11,Uroda,Sklep internetowy,64.51
ZAM-2025-004888,2025-12-04,Odzież,Facebook Ads,140.54
ZAM-2025-001343,2025-09-01,Elektronika,Marketplace,424.89
ZAM-2025-000433,2025-03-02,Elektronika,Sklep internetowy,260.19
ZAM-2025-002515,2025-02-11,Odzież,Sklep internetowy,156.74
ZAM-2025-011129,2025-05-02,Sport,Google Ads,157.58
ZAM-2025-002988,2025-04-17,Odzież,Sklep internetowy,147.44
ZAM-2025-008524,2025-05-26,Uroda,Sklep internetowy,136.96
ZAM-2025-010691,2025-03-04,Sport,Sklep internetowy,115.66
ZAM-2025-007056,2025-10-16,Dom i ogród,Facebook Ads,275.92
ZAM-2025-003799,2025-07-03,Odzież,Facebook Ads,131.6
ZAM-2025-002062,2025-12-10,Elektronika,Google Ads,633.74
ZAM-2025-011639,2025-08-09,Sport,Sklep internetowy,262.6
ZAM-2025-002910,2025-04-20,Odzież,Sklep internetowy,140.23
ZAM-2025-004960,2025-12-18,Odzież,Sklep internetowy,185.94
ZAM-2025-012984,2025-08-09,Zabawki i prezenty,Marketplace,76.67
ZAM-2025-003982,2025-08-08,Odzież,Sklep internetowy,213.6
ZAM-2025-000880,2025-06-02,Elektronika,Sklep internetowy,458.3
ZAM-2025-008548,2025-05-11,Uroda,Sklep internetowy,109.58
ZAM-2025-006516,2025-07-25,Dom i ogród,Google Ads,133.61
ZAM-2025-003489,2025-06-23,Odzież,Sklep internetowy,119.54
ZAM-2025-007897,2025-03-21,Uroda,Marketplace,73.38
ZAM-2025-000761,2025-06-16,Elektronika,Facebook Ads,347.3
ZAM-2025-002152,2025-12-16,Elektronika,Facebook Ads,556.93
ZAM-2025-011098,2025-05-24,Sport,Sklep internetowy,159.6
ZAM-2025-012094,2025-11-18,Sport,Marketplace,138.78
ZAM-2025-009977,2025-12-31,Uroda,Marketplace,74.64
ZAM-2025-013039,2025-09-19,Zabawki i prezenty,Sklep internetowy,102.49
ZAM-2025-010269,2025-01-28,Sport,Marketplace,250.29
ZAM-2025-004490,2025-10-19,Odzież,Facebook Ads,110.29
ZAM-2025-008389,2025-05-15,Uroda,Sklep internetowy,130.33
ZAM-2025-006551,2025-07-10,Dom i ogród,Sklep internetowy,139.75
ZAM-2025-005842,2025-05-01,Dom i ogród,Sklep internetowy,153.41
ZAM-2025-003175,2025-04-17,Odzież,Sklep internetowy,172.68
ZAM-2025-011652,2025-08-16,Sport,Sklep internetowy,124.52
ZAM-2025-001850,2025-11-03,Elektronika,Google Ads,323.48
ZAM-2025-001647,2025-11-19,Elektronika,Sklep internetowy,397.61
ZAM-2025-002221,2025-12-08,Elektronika,Facebook Ads,412.0
ZAM-2025-000217,2025-02-11,Elektronika,Google Ads,420.83
ZAM-2025-005816,2025-04-03,Dom i ogród,Marketplace,95.87
ZAM-2025-003978,2025-08-12,Odzież,Sklep internetowy,159.87
ZAM-2025-009782,2025-11-09,Uroda,Marketplace,58.66
ZAM-2025-012540,2025-03-18,Zabawki i prezenty,Marketplace,82.16
ZAM-2025-011345,2025-06-24,Sport,Marketplace,203.26
ZAM-2025-010173,2025-01-07,Sport,Marketplace,242.53
ZAM-2025-011536,2025-07-08,Sport,Marketplace,119.2
ZAM-2025-010709,2025-03-03,Sport,Sklep internetowy,72.97
ZAM-2025-008058,2025-03-11,Uroda,Marketplace,124.44
ZAM-2025-004637,2025-11-24,Odzież,Sklep internetowy,117.46
ZAM-2025-006353,2025-07-23,Dom i ogród,Facebook Ads,232.08
ZAM-2025-007730,2025-02-20,Uroda,Sklep internetowy,75.34
ZAM-2025-007525,2025-01-18,Uroda,Sklep internetowy,102.93
ZAM-2025-004647,2025-11-28,Odzież,Marketplace,161.99
ZAM-2025-011527,2025-07-12,Sport,Facebook Ads,200.33
ZAM-2025-009922,2025-12-07,Uroda,Marketplace,153.16
ZAM-2025-001872,2025-11-24,Elektronika,Sklep internetowy,564.42
ZAM-2025-009642,2025-11-01,Uroda,Facebook Ads,88.6
ZAM-2025-002636,2025-03-04,Odzież,Facebook Ads,246.32
ZAM-2025-013731,2025-12-12,Zabawki i prezenty,Sklep internetowy,44.84
ZAM-2025-004313,2025-09-23,Odzież,Sklep internetowy,19
ZAM-2025-010428,2025-02-28,Sport,Sklep internetowy,113.23
ZAM-2025-005460,2025-03-28,Dom i ogród,Google Ads,207.78
ZAM-2025-001439,2025-10-05,Elektronika,Facebook Ads,199.2
ZAM-2025-002161,2025-12-19,Elektronika,Facebook Ads,752.02
ZAM-2025-010041,2025-12-05,Uroda,Marketplace,104.82
ZAM-2025-009009,2025-08-09,Uroda,Sklep internetowy,111.62
ZAM-2025-008950,2025-07-30,Uroda,Marketplace,59.78
ZAM-2025-001080,2025-08-08,Elektronika,Google Ads,396.9
ZAM-2025-001846,2025-11-24,Elektronika,Marketplace,572.63
ZAM-2025-000058,2025-01-16,Elektronika,Marketplace,496.61
ZAM-2025-004111,2025-09-25,Odzież,Marketplace,135.1
ZAM-2025-003469,2025-05-07,Odzież,Google Ads,117.65
ZAM-2025-001133,2025-08-21,Elektronika,Sklep internetowy,658.59
ZAM-2025-000971,2025-07-24,Elektronika,Marketplace,312.8
ZAM-2025-007703,2025-02-26,Uroda,Facebook Ads,46.63
ZAM-2025-012645,2025-04-30,Zabawki i prezenty,Sklep internetowy,90.62
ZAM-2025-004580,2025-10-26,Odzież,Marketplace,40.91
ZAM-2025-005999,2025-05-01,Dom i ogród,Google Ads,193.8
ZAM-2025-012475,2025-02-24,Zabawki i prezenty,Google Ads,58.33
ZAM-2025-007266,2025-12-02,Dom i ogród,Marketplace,193.76
ZAM-2025-009879,2025-12-08,Uroda,Marketplace,92.23
ZAM-2025-011654,2025-08-13,Sport,Facebook Ads,132.16
ZAM-2025-001447,2025-10-28,Elektronika,Google Ads,384.63
ZAM-2025-012796,2025-06-05,Zabawki i prezenty,Facebook Ads,64.55
ZAM-2025-004548,2025-10-07,Odzież,Google Ads,206.03
ZAM-2025-000936,2025-07-02,Elektronika,Google Ads,459.53
ZAM-2025-009873,2025-12-18,Uroda,Marketplace,90.17
ZAM-2025-002288,2025-01-17,Odzież,Sklep internetowy,158.14
ZAM-2025-001986,2025-12-19,Elektronika,Sklep internetowy,610.38
ZAM-2025-012455,2025-01-20,Zabawki i prezenty,Sklep internetowy,97.73
ZAM-2025-009698,2025-11-22,Uroda,Sklep internetowy,89.74
ZAM-2025-010313,2025-01-17,Sport,Marketplace,207.09
ZAM-2025-008352,2025-05-17,Uroda,Sklep internetowy,88.91
ZAM-2025-003748,2025-07-06,Odzież,Marketplace,84.39
ZAM-2025-004267,2025-09-26,Odzież,Marketplace,77.61
ZAM-2025-007186,2025-11-19,Dom i ogród,Facebook Ads,212.48
ZAM-2025-000853,2025-06-17,Elektronika,Sklep internetowy,480.07
ZAM-2025-006435,2025-07-08,Dom i ogród,Marketplace,226.5
ZAM-2025-002305,2025-01-22,Odzież,Sklep internetowy,83.47
ZAM-2025-007276,2025-12-02,Dom i ogród,Facebook Ads,287.11
ZAM-2025-005244,2025-01-06,Dom i ogród,Sklep internetowy,101.46
ZAM-2025-010151,2025-01-17,Sport,Sklep internetowy,246.18
ZAM-2025-010840,2025-04-25,Sport,Facebook Ads,284.41
ZAM-2025-009699,2025-11-12,Uroda,Facebook Ads,135.17
ZAM-2025-006604,2025-08-17,Dom i ogród,Marketplace,178.54
ZAM-2025-002621,2025-03-23,Odzież,Sklep internetowy,39.33
ZAM-2025-005123,2025-12-22,Odzież,Sklep internetowy,162.91
ZAM-2025-012744,2025-05-31,Zabawki i prezenty,Sklep internetowy,66.11
ZAM-2025-012168,2025-11-17,Sport,Sklep internetowy,164.01
ZAM-2025-007249,2025-12-26,Dom i ogród,Facebook Ads,172.91
ZAM-2025-001472,2025-10-29,Elektronika,Google Ads,336.06
ZAM-2025-008281,2025-04-17,Uroda,Sklep internetowy,88.0
ZAM-2025-008361,2025-05-27,Uroda,Facebook Ads,63.76
ZAM-2025-005865,2025-05-15,Dom i ogród,Sklep internetowy,19
ZAM-2025-009511,2025-10-12,Uroda,Sklep internetowy,117.8
ZAM-2025-012701,2025-05-13,Zabawki i prezenty,Sklep internetowy,130.94
ZAM-2025-004175,2025-09-24,Odzież,Google Ads,122.29
ZAM-2025-005530,2025-03-04,Dom i ogród,Marketplace,254.46
ZAM-2025-012016,2025-10-05,Sport,Marketplace,172.93
ZAM-2025-010232,2025-01-22,Sport,Google Ads,210.61
ZAM-2025-000197,2025-02-03,Elektronika,Facebook Ads,269.43
ZAM-2025-004768,2025-11-07,Odzież,Sklep internetowy,132.9
ZAM-2025-001706,2025-11-29,Elektronika,Sklep internetowy,156.03
ZAM-2025-013669,2025-12-17,Zabawki i prezenty,Marketplace,94.67
ZAM-2025-007194,2025-11-05,Dom i ogród,Marketplace,385.81
ZAM-2025-008325,2025-05-26,Uroda,Marketplace,141.39
ZAM-2025-006441,2025-07-22,Dom i ogród,Sklep internetowy,94.72
ZAM-2025-013053,2025-09-18,Zabawki i prezenty,Facebook Ads,40.39
ZAM-2025-010766,2025-04-19,Sport,Marketplace,173.87
ZAM-2025-001028,2025-07-16,Elektronika,Facebook Ads,270.44
ZAM-2025-011786,2025-08-15,Sport,Marketplace,156.44
ZAM-2025-006383,2025-07-24,Dom i ogród,Google Ads,189.8
ZAM-2025-006223,2025-06-14,Dom i ogród,Sklep internetowy,103.67
ZAM-2025-007178,2025-11-03,Dom i ogród,Marketplace,99.93
ZAM-2025-010283,2025-01-15,Sport,Sklep internetowy,213.78
ZAM-2025-005602,2025-04-24,Dom i ogród,Marketplace,178.75
ZAM-2025-000342,2025-03-04,Elektronika,Marketplace,643.11
ZAM-2025-003742,2025-07-12,Odzież,Marketplace,109.66
ZAM-2025-003789,2025-07-02,Odzież,Sklep internetowy,171.14
ZAM-2025-001747,2025-11-16,Elektronika,Sklep internetowy,121.72
ZAM-2025-010944,2025-04-10,Sport,Sklep internetowy,123.84
ZAM-2025-013701,2025-12-18,Zabawki i prezenty,Marketplace,35.27
ZAM-2025-007083,2025-10-11,Dom i ogród,Sklep internetowy,19
ZAM-2025-000419,2025-03-28,Elektronika,Sklep internetowy,187.48
ZAM-2025-001655,2025-11-06,Elektronika,Sklep internetowy,255.17
ZAM-2025-001912,2025-11-19,Elektronika,Sklep internetowy,414.23
ZAM-2025-008642,2025-06-02,Uroda,Sklep internetowy,112.42
ZAM-2025-013559,2025-11-16,Zabawki i prezenty,Facebook Ads,87.1
ZAM-2025-007776,2025-02-03,Uroda,Sklep internetowy,157.57
ZAM-2025-005546,2025-03-21,Dom i ogród,Sklep internetowy,143.62
ZAM-2025-003882,2025-08-10,Odzież,Facebook Ads,223.47
ZAM-2025-003696,2025-07-27,Odzież,Sklep internetowy,89.93
ZAM-2025-009592,2025-11-22,Uroda,Sklep internetowy,113.72
ZAM-2025-008589,2025-06-12,Uroda,Sklep internetowy,93.04
ZAM-2025-007089,2025-10-07,Dom i ogród,Marketplace,142.1
ZAM-2025-003784,2025-07-27,Odzież,Google Ads,123.13
ZAM-2025-011350,2025-06-23,Sport,Google Ads,102.91
ZAM-2025-005964,2025-05-06,Dom i ogród,Marketplace,199.81
ZAM-2025-006690,2025-08-16,Dom i ogród,Sklep internetowy,223.74
ZAM-2025-012529,2025-02-11,Zabawki i prezenty,Sklep internetowy,36.99
ZAM-2025-008984,2025-08-29,Uroda,Google Ads,98.36
ZAM-2025-007975,2025-03-28,Uroda,Marketplace,76.68
ZAM-2025-007540,2025-01-14,Uroda,Google Ads,85.65
ZAM-2025-006163,2025-06-25,Dom i ogród,Sklep internetowy,114.49
ZAM-2025-003048,2025-04-09,Odzież,Google Ads,76.11
ZAM-2025-002639,2025-03-12,Odzież,Sklep internetowy,102.74
ZAM-2025-012492,2025-02-18,Zabawki i prezenty,Sklep internetowy,61.09
ZAM-2025-002606,2025-02-05,Odzież,Sklep internetowy,27.19
ZAM-2025-001145,2025-08-16,Elektronika,Sklep internetowy,579.97
ZAM-2025-000048,2025-01-18,Elektronika,Sklep internetowy,108.63
ZAM-2025-007392,2025-12-02,Dom i ogród,Marketplace,290.99
ZAM-2025-003779,2025-07-09,Odzież,Marketplace,152.9
ZAM-2025-007620,2025-02-14,Uroda,Facebook Ads,111.09
ZAM-2025-008415,2025-05-17,Uroda,Marketplace,65.37
ZAM-2025-013803,2025-12-31,Zabawki i prezenty,Facebook Ads,57.22
ZAM-2025-011935,2025-09-04,Sport,Google Ads,176.92
ZAM-2025-012969,2025-08-19,Zabawki i prezenty,Google Ads,50.45
ZAM-2025-007712,2025-02-06,Uroda,Marketplace,50.56
ZAM-2025-005924,2025-05-14,Dom i ogród,Sklep internetowy,128.36
ZAM-2025-010959,2025-05-11,Sport,Facebook Ads,176.92
ZAM-2025-004171,2025-09-05,Odzież,Facebook Ads,105.73
ZAM-2025-006152,2025-06-19,Dom i ogród,Marketplace,174.84
ZAM-2025-011689,2025-08-05,Sport,Marketplace,202.56
ZAM-2025-009148,2025-08-29,Uroda,Facebook Ads,113.06
ZAM-2025-001389,2025-09-14,Elektronika,Marketplace,568.88
ZAM-2025-000658,2025-05-08,Elektronika,Sklep internetowy,205.05
ZAM-2025-006946,2025-09-22,Dom i ogród,Google Ads,265.86
ZAM-2025-001760,2025-11-13,Elektronika,Facebook Ads,218.37
ZAM-2025-004948,2025-12-21,Odzież,Facebook Ads,125.75
ZAM-2025-003577,2025-06-30,Odzież,Facebook Ads,27.87
ZAM-2025-014000,2025-12-21,Zabawki i prezenty,Marketplace,45.16
ZAM-2025-001550,2025-10-25,Elektronika,Sklep internetowy,546.25
ZAM-2025-000811,2025-06-11,Elektronika,Google Ads,255.72
ZAM-2025-004939,2025-12-13,Odzież,Marketplace,195.93
ZAM-2025-013440,2025-11-07,Zabawki i prezenty,Google Ads,93.99
ZAM-2025-009930,2025-12-31,Uroda,Marketplace,81.6
ZAM-2025-007183,2025-11-11,Dom i ogród,Google Ads,303.54
ZAM-2025-006262,2025-06-03,Dom i ogród,Facebook Ads,309.49
ZAM-2025-006128,2025-06-12,Dom i ogród,Sklep internetowy,164.72
ZAM-2025-009764,2025-11-15,Uroda,Marketplace,97.57
ZAM-2025-007774,2025-02-10,Uroda,Sklep internetowy,72.03
ZAM-2025-001150,2025-08-19,Elektronika,Sklep internetowy,192.93
ZAM-2025-001890,2025-11-26,Elektronika,Sklep internetowy,393.57
ZAM-2025-002878,2025-03-04,Odzież,Facebook Ads,165.83
ZAM-2025-011670,2025-08-23,Sport,Marketplace,53.43
ZAM-2025-011507,2025-07-17,Sport,Sklep internetowy,188.69
ZAM-2025-002484,2025-02-21,Odzież,Facebook Ads,139.32
ZAM-2025-013167,2025-10-26,Zabawki i prezenty,Sklep internetowy,54.21
ZAM-2025-004784,2025-11-27,Odzież,Sklep internetowy,221.89
ZAM-2025-010393,2025-02-18,Sport,Marketplace,242.4
ZAM-2025-004510,2025-10-09,Odzież,Marketplace,66.28
ZAM-2025-001979,2025-12-07,Elektronika,Marketplace,19
ZAM-2025-010729,2025-03-28,Sport,Google Ads,115.08
ZAM-2025-003297,2025-05-26,Odzież,Marketplace,183.92
ZAM-2025-006762,2025-08-06,Dom i ogród,Marketplace,128.58
ZAM-2025-006489,2025-07-30,Dom i ogród,Sklep internetowy,369.26
ZAM-2025-007595,2025-02-24,Uroda,Google Ads,83.98
ZAM-2025-007039,2025-10-22,Dom i ogród,Sklep internetowy,19.44
ZAM-2025-004483,2025-10-13,Odzież,Facebook Ads,131.9
ZAM-2025-007756,2025-02-13,Uroda,Sklep internetowy,75.37
ZAM-2025-003783,2025-07-13,Odzież,Sklep internetowy,184.85
ZAM-2025-003194,2025-04-17,Odzież,Sklep internetowy,133.5
ZAM-2025-008070,2025-03-25,Uroda,Sklep internetowy,64.87
ZAM-2025-002262,2025-01-13,Odzież,Facebook Ads,242.02
ZAM-2025-013520,2025-11-05,Zabawki i prezenty,Sklep internetowy,80.03
ZAM-2025-006942,2025-09-06,Dom i ogród,Sklep internetowy,112.49
ZAM-2025-010226,2025-01-24,Sport,Sklep internetowy,214.53
ZAM-2025-004581,2025-10-06,Odzież,Facebook Ads,100.12
ZAM-2025-005134,2025-12-12,Odzież,Sklep internetowy,125.89
ZAM-2025-009195,2025-09-27,Uroda,Marketplace,81.05
ZAM-2025-014082,2025-12-08,Zabawki i prezenty,Sklep internetowy,97.8
ZAM-2025-010895,2025-04-23,Sport,Sklep internetowy,192.49
ZAM-2025-009012,2025-08-11,Uroda,Facebook Ads,104.88
ZAM-2025-007740,2025-02-10,Uroda,Facebook Ads,98.97
ZAM-2025-004116,2025-09-09,Odzież,Sklep internetowy,101.29
ZAM-2025-000264,2025-02-25,Elektronika,Sklep internetowy,247.04
ZAM-2025-001345,2025-09-03,Elektronika,Sklep internetowy,381.98
ZAM-2025-001978,2025-12-25,Elektronika,Sklep internetowy,554.75
ZAM-2025-000041,2025-01-08,Elektronika,Facebook Ads,367.13
ZAM-2025-004106,2025-09-10,Odzież,Sklep internetowy,63.64
ZAM-2025-012379,2025-01-25,Zabawki i prezenty,Sklep internetowy,85.86
ZAM-2025-004640,2025-11-22,Odzież,Marketplace,76.9
ZAM-2025-009329,2025-09-03,Uroda,Sklep internetowy,148.91
ZAM-2025-002586,2025-02-02,Odzież,Sklep internetowy,137.81
ZAM-2025-006951,2025-09-30,Dom i ogród,Marketplace,254.12
ZAM-2025-012245,2025-12-15,Sport,Marketplace,151.84
ZAM-2025-004232,2025-09-24,Odzież,Sklep internetowy,157.46
ZAM-2025-003548,2025-06-03,Odzież,Facebook Ads,92.75
ZAM-2025-007474,2025-01-01,Uroda,Sklep internetowy,115.47
ZAM-2025-001430,2025-10-03,Elektronika,Google Ads,335.99
ZAM-2025-004247,2025-09-02,Odzież,Sklep internetowy,65.33
ZAM-2025-003885,2025-08-18,Odzież,Facebook Ads,82.03
ZAM-2025-008756,2025-06-19,Uroda,Google Ads,140.56
ZAM-2025-006404,2025-07-25,Dom i ogród,Facebook Ads,207.27
ZAM-2025-010965,2025-05-04,Sport,Sklep internetowy,101.56
ZAM-2025-014007,2025-12-28,Zabawki i prezenty,Sklep internetowy,76.32
ZAM-2025-013372,2025-11-20,Zabawki i prezenty,Sklep internetowy,133.5
ZAM-2025-004774,2025-11-14,Odzież,Google Ads,181.27
ZAM-2025-004737,2025-11-05,Odzież,Facebook Ads,94.45
ZAM-2025-006992,2025-10-09,Dom i ogród,Marketplace,266.63
ZAM-2025-012578,2025-03-29,Zabawki i prezenty,Sklep internetowy,34.1
ZAM-2025-012224,2025-12-12,Sport,Sklep internetowy,220.63
ZAM-2025-001155,2025-08-26,Elektronika,Sklep internetowy,694.4
ZAM-2025-012656,2025-04-22,Zabawki i prezenty,Sklep internetowy,45.57
ZAM-2025-005542,2025-03-16,Dom i ogród,Marketplace,258.72
ZAM-2025-010679,2025-03-25,Sport,Sklep internetowy,103.98
ZAM-2025-005195,2025-01-10,Dom i ogród,Sklep internetowy,157.57
ZAM-2025-006521,2025-07-30,Dom i ogród,Marketplace,155.17
ZAM-2025-013140,2025-10-11,Zabawki i prezenty,Sklep internetowy,75.3
ZAM-2025-006192,2025-06-02,Dom i ogród,Sklep internetowy,232.99
ZAM-2025-003145,2025-04-02,Odzież,Google Ads,128.48
ZAM-2025-001182,2025-08-13,Elektronika,Google Ads,578.66
ZAM-2025-006960,2025-10-10,Dom i ogród,Sklep internetowy,147.06
ZAM-2025-003603,2025-06-17,Odzież,Marketplace,102.76
ZAM-2025-009086,2025-08-09,Uroda,Sklep internetowy,101.14
ZAM-2025-003787,2025-07-13,Odzież,Sklep internetowy,211.29
ZAM-2025-002420,2025-02-03,Odzież,Google Ads,150.69
ZAM-2025-008593,2025-06-15,Uroda,Facebook Ads,92.26
ZAM-2025-001023,2025-07-15,Elektronika,Marketplace,499.49
ZAM-2025-003703,2025-07-26,Odzież,Google Ads,160.81
ZAM-2025-007672,2025-02-22,Uroda,Marketplace,92.78
ZAM-2025-013165,2025-10-17,Zabawki i prezenty,Sklep internetowy,67.28
ZAM-2025-007698,2025-02-02,Uroda,Sklep internetowy,99.04
ZAM-2025-008713,2025-06-19,Uroda,Marketplace,116.03
ZAM-2025-001611,2025-10-30,Elektronika,Sklep internetowy,415.48
ZAM-2025-011460,2025-07-10,Sport,Sklep internetowy,238.14
ZAM-2025-006693,2025-08-27,Dom i ogród,Marketplace,288.63
ZAM-2025-008255,2025-04-16,Uroda,Sklep internetowy,102.48
ZAM-2025-010098,2025-01-03,Sport,Facebook Ads,225.99
ZAM-2025-013505,2025-11-04,Zabawki i prezenty,Marketplace,119.09
ZAM-2025-002210,2025-12-27,Elektronika,Sklep internetowy,341.59
ZAM-2025-011150,2025-05-30,Sport,Facebook Ads,201.08
ZAM-2025-002834,2025-03-28,Odzież,Sklep internetowy,176.4
ZAM-2025-001200,2025-08-24,Elektronika,Sklep internetowy,711.14
ZAM-2025-014083,2025-12-27,Zabawki i prezenty,Marketplace,52.26
ZAM-2025-011014,2025-05-11,Sport,Facebook Ads,148.9
ZAM-2025-005475,2025-03-11,Dom i ogród,Facebook Ads,162.49
ZAM-2025-013717,2025-12-20,Zabawki i prezenty,Google Ads,96.04
ZAM-2025-007643,2025-02-16,Uroda,Facebook Ads,62.32
ZAM-2025-007917,2025-03-19,Uroda,Facebook Ads,51.09
ZAM-2025-005722,2025-04-23,Dom i ogród,Marketplace,241.29
ZAM-2025-012942,2025-07-27,Zabawki i prezenty,Marketplace,65.85
ZAM-2025-006496,2025-07-19,Dom i ogród,Marketplace,263.7
ZAM-2025-001925,2025-11-29,Elektronika,Marketplace,434.53
ZAM-2025-009129,2025-08-01,Uroda,Sklep internetowy,107.9
ZAM-2025-008118,2025-04-07,Uroda,Sklep internetowy,61.59
ZAM-2025-007841,2025-02-03,Uroda,Marketplace,153.81
ZAM-2025-001700,2025-11-25,Elektronika,Sklep internetowy,503.77
ZAM-2025-008498,2025-05-21,Uroda,Facebook Ads,91.96
ZAM-2025-011998,2025-10-12,Sport,Google Ads,148.13
ZAM-2025-003090,2025-04-27,Odzież,Google Ads,230.82
ZAM-2025-008381,2025-05-10,Uroda,Facebook Ads,161.44
ZAM-2025-000346,2025-03-27,Elektronika,Sklep internetowy,438.71
ZAM-2025-011900,2025-09-01,Sport,Sklep internetowy,149.21
ZAM-2025-006885,2025-09-09,Dom i ogród,Marketplace,184.23
ZAM-2025-006069,2025-05-26,Dom i ogród,Facebook Ads,310.44
ZAM-2025-007297,2025-12-12,Dom i ogród,Google Ads,243.29
ZAM-2025-011717,2025-08-03,Sport,Sklep internetowy,149.5
ZAM-2025-011453,2025-07-07,Sport,Marketplace,107.56
ZAM-2025-013896,2025-12-17,Zabawki i prezenty,Sklep internetowy,98.5
ZAM-2025-001958,2025-12-17,Elektronika,Sklep internetowy,309.38
ZAM-2025-005807,2025-04-16,Dom i ogród,Google Ads,152.97
ZAM-2025-012813,2025-06-06,Zabawki i prezenty,Google Ads,87.77
ZAM-2025-006311,2025-06-08,Dom i ogród,Marketplace,104.12
ZAM-2025-001608,2025-10-05,Elektronika,Sklep internetowy,346.77
ZAM-2025-009975,2025-12-26,Uroda,Marketplace,73.39
ZAM-2025-006031,2025-05-11,Dom i ogród,Marketplace,92.7
ZAM-2025-011759,2025-08-27,Sport,Sklep internetowy,63.52
ZAM-2025-012490,2025-02-28,Zabawki i prezenty,Marketplace,67.14
ZAM-2025-004335,2025-10-05,Odzież,Google Ads,60.47
ZAM-2025-007933,2025-03-24,Uroda,Google Ads,133.46
ZAM-2025-001643,2025-11-08,Elektronika,Facebook Ads,547.54
ZAM-2025-007773,2025-02-05,Uroda,Marketplace,19
ZAM-2025-000251,2025-02-10,Elektronika,Sklep internetowy,559.39
ZAM-2025-009024,2025-08-03,Uroda,Facebook Ads,93.0
ZAM-2025-009908,2025-12-23,Uroda,Google Ads,134.44
ZAM-2025-008691,2025-06-27,Uroda,Marketplace,123.3
ZAM-2025-003701,2025-07-11,Odzież,Sklep internetowy,255.43
ZAM-2025-001714,2025-11-11,Elektronika,Sklep internetowy,490.45
ZAM-2025-010265,2025-01-02,Sport,Sklep internetowy,125.05
ZAM-2025-011451,2025-07-01,Sport,Sklep internetowy,174.47
ZAM-2025-008177,2025-04-05,Uroda,Sklep internetowy,37.31
ZAM-2025-001789,2025-11-27,Elektronika,Google Ads,620.19
ZAM-2025-007723,2025-02-02,Uroda,Sklep internetowy,116.8
ZAM-2025-004568,2025-10-30,Odzież,Sklep internetowy,48.3
ZAM-2025-013029,2025-08-01,Zabawki i prezenty,Sklep internetowy,79.57
ZAM-2025-003060,2025-04-27,Odzież,Sklep internetowy,148.4
ZAM-2025-009414,2025-10-10,Uroda,Marketplace,61.89
ZAM-2025-012854,2025-06-10,Zabawki i prezenty,Marketplace,46.4
ZAM-2025-006694,2025-08-08,Dom i ogród,Marketplace,213.84
ZAM-2025-000420,2025-03-01,Elektronika,Facebook Ads,264.72
ZAM-2025-006381,2025-07-08,Dom i ogród,Facebook Ads,304.24
ZAM-2025-008459,2025-05-06,Uroda,Facebook Ads,92.53
ZAM-2025-003061,2025-04-22,Odzież,Marketplace,144.38
ZAM-2025-009843,2025-12-26,Uroda,Marketplace,93.64
ZAM-2025-001709,2025-11-06,Elektronika,Sklep internetowy,478.7
ZAM-2025-000918,2025-06-30,Elektronika,Marketplace,258.88
ZAM-2025-005187,2025-01-19,Dom i ogród,Sklep internetowy,295.24
ZAM-2025-009215,2025-09-28,Uroda,Sklep internetowy,103.15
ZAM-2025-005851,2025-05-13,Dom i ogród,Marketplace,205.45
ZAM-2025-005894,2025-05-04,Dom i ogród,Facebook Ads,302.17
ZAM-2025-000372,2025-03-29,Elektronika,Sklep internetowy,503.81
ZAM-2025-002842,2025-03-03,Odzież,Sklep internetowy,243.69
ZAM-2025-005632,2025-04-28,Dom i ogród,Sklep internetowy,189.57
ZAM-2025-001557,2025-10-24,Elektronika,Facebook Ads,605.49
ZAM-2025-007088,2025-10-01,Dom i ogród,Sklep internetowy,333.22
ZAM-2025-010220,2025-01-21,Sport,Sklep internetowy,176.14
ZAM-2025-006795,2025-09-26,Dom i ogród,Marketplace,252.59
ZAM-2025-005124,2025-12-06,Odzież,Google Ads,63.64
ZAM-2025-009810,2025-12-17,Uroda,Sklep internetowy,78.16
ZAM-2025-002942,2025-04-20,Odzież,Marketplace,56.17
ZAM-2025-008638,2025-06-30,Uroda,Sklep internetowy,122.73
ZAM-2025-013198,2025-10-09,Zabawki i prezenty,Marketplace,95.15
ZAM-2025-001415,2025-09-06,Elektronika,Marketplace,335.19
ZAM-2025-000383,2025-03-19,Elektronika,Sklep internetowy,380.7
ZAM-2025-012601,2025-03-16,Zabawki i prezenty,Facebook Ads,87.77
ZAM-2025-009396,2025-10-24,Uroda,Marketplace,76.88
ZAM-2025-012610,2025-03-20,Zabawki i prezenty,Marketplace,93.88
ZAM-2025-004395,2025-10-10,Odzież,Sklep internetowy,87.41
ZAM-2025-005314,2025-02-06,Dom i ogród,Sklep internetowy,188.67
ZAM-2025-002016,2025-12-08,Elektronika,Facebook Ads,266.98
ZAM-2025-003258,2025-05-17,Odzież,Google Ads,107.28
ZAM-2025-002452,2025-02-10,Odzież,Sklep internetowy,172.01
ZAM-2025-011269,2025-06-25,Sport,Facebook Ads,189.46
ZAM-2025-013783,2025-12-26,Zabawki i prezenty,Sklep internetowy,112.36
ZAM-2025-001126,2025-08-04,Elektronika,Sklep internetowy,333.17
ZAM-2025-011967,2025-10-23,Sport,Sklep internetowy,196.24
ZAM-2025-003695,2025-07-07,Odzież,Sklep internetowy,150.42
ZAM-2025-008068,2025-03-19,Uroda,Marketplace,64.35
ZAM-2025-012631,2025-04-12,Zabawki i prezenty,Marketplace,57.21
ZAM-2025-009075,2025-08-13,Uroda,Marketplace,77.87
ZAM-2025-001769,2025-11-24,Elektronika,Sklep internetowy,605.43
ZAM-2025-005385,2025-02-28,Dom i ogród,Sklep internetowy,221.12
ZAM-2025-004305,2025-09-15,Odzież,Sklep internetowy,55.76
ZAM-2025-010062,2025-12-13,Uroda,Marketplace,97.82
ZAM-2025-009063,2025-08-30,Uroda,Sklep internetowy,50.5
ZAM-2025-010819,2025-04-11,Sport,Google Ads,159.47
ZAM-2025-007431,2025-01-27,Uroda,Sklep internetowy,103.05
ZAM-2025-010617,2025-03-21,Sport,Marketplace,177.07
ZAM-2025-008095,2025-04-16,Uroda,Marketplace,169.53
ZAM-2025-010409,2025-02-02,Sport,Marketplace,60.2
ZAM-2025-013142,2025-10-22,Zabawki i prezenty,Google Ads,61.93
ZAM-2025-006881,2025-09-03,Dom i ogród,Sklep internetowy,82.55
ZAM-2025-002540,2025-02-11,Odzież,Google Ads,127.91
ZAM-2025-002497,2025-02-25,Odzież,Facebook Ads,186.91
ZAM-2025-001401,2025-09-17,Elektronika,Facebook Ads,525.21
ZAM-2025-000424,2025-03-01,Elektronika,Sklep internetowy,460.51
ZAM-2025-012971,2025-08-16,Zabawki i prezenty,Sklep internetowy,84.5
ZAM-2025-007869,2025-03-31,Uroda,Sklep internetowy,84.13
ZAM-2025-003839,2025-07-28,Odzież,Marketplace,177.66
ZAM-2025-011545,2025-07-04,Sport,Sklep internetowy,140.68
ZAM-2025-005098,2025-12-01,Odzież,Marketplace,68.0
ZAM-2025-009793,2025-11-07,Uroda,Sklep internetowy,74.76
ZAM-2025-008078,2025-03-05,Uroda,Sklep internetowy,144.1
ZAM-2025-003609,2025-06-21,Odzież,Facebook Ads,126.49
ZAM-2025-002077,2025-12-27,Elektronika,Facebook Ads,374.29
ZAM-2025-003822,2025-07-24,Odzież,Marketplace,195.22
ZAM-2025-003289,2025-05-30,Odzież,Sklep internetowy,139.3
ZAM-2025-004317,2025-09-07,Odzież,Sklep internetowy,108.63
ZAM-2025-004591,2025-10-18,Odzież,Facebook Ads,93.24
ZAM-2025-005491,2025-03-21,Dom i ogród,Google Ads,235.11
ZAM-2025-007728,2025-02-12,Uroda,Facebook Ads,138.92
ZAM-2025-009534,2025-10-22,Uroda,Marketplace,103.29
ZAM-2025-011867,2025-09-24,Sport,Sklep internetowy,295.75
ZAM-2025-002801,2025-03-15,Odzież,Sklep internetowy,153.18
ZAM-2025-010469,2025-02-25,Sport,Marketplace,174.85
ZAM-2025-011186,2025-06-01,Sport,Marketplace,203.48
ZAM-2025-013747,2025-12-16,Zabawki i prezenty,Sklep internetowy,66.39
ZAM-2025-010606,2025-03-14,Sport,Marketplace,105.86
ZAM-2025-011041,2025-05-07,Sport,Marketplace,201.44
ZAM-2025-008563,2025-05-15,Uroda,Sklep internetowy,115.23
ZAM-2025-001058,2025-07-12,Elektronika,Sklep internetowy,759.35
ZAM-2025-012316,2025-12-05,Sport,Facebook Ads,211.62
ZAM-2025-013202,2025-10-03,Zabawki i prezenty,Sklep internetowy,95.03
ZAM-2025-001081,2025-08-05,Elektronika,Google Ads,392.06
ZAM-2025-007114,2025-11-11,Dom i ogród,Marketplace,203.43
ZAM-2025-013801,2025-12-20,Zabawki i prezenty,Sklep internetowy,28.19
ZAM-2025-010787,2025-04-08,Sport,Sklep internetowy,94.04
ZAM-2025-000606,2025-04-16,Elektronika,Facebook Ads,279.91
ZAM-2025-005631,2025-04-07,Dom i ogród,Marketplace,276.21
ZAM-2025-007792,2025-02-07,Uroda,Sklep internetowy,66.88
ZAM-2025-004110,2025-09-23,Odzież,Facebook Ads,125.2
ZAM-2025-003793,2025-07-12,Odzież,Facebook Ads,66.1
ZAM-2025-004895,2025-12-27,Odzież,Sklep internetowy,57.16
ZAM-2025-014004,2025-12-09,Zabawki i prezenty,Google Ads,102.71
ZAM-2025-003648,2025-06-17,Odzież,Sklep internetowy,136.23
ZAM-2025-004822,2025-11-29,Odzież,Sklep internetowy,210.12
ZAM-2025-003152,2025-04-22,Odzież,Marketplace,81.49
ZAM-2025-009274,2025-09-12,Uroda,Google Ads,87.35
ZAM-2025-002791,2025-03-04,Odzież,Marketplace,256.99
ZAM-2025-008312,2025-05-14,Uroda,Facebook Ads,114.77
ZAM-2025-013602,2025-11-04,Zabawki i prezenty,Marketplace,74.17
ZAM-2025-005679,2025-04-11,Dom i ogród,Sklep internetowy,150.23
ZAM-2025-009330,2025-09-23,Uroda,Sklep internetowy,133.95
ZAM-2025-008055,2025-03-29,Uroda,Facebook Ads,110.1
ZAM-2025-002055,2025-12-23,Elektronika,Marketplace,422.26
ZAM-2025-011950,2025-09-16,Sport,Sklep internetowy,165.38
ZAM-2025-013327,2025-11-06,Zabawki i prezenty,Google Ads,53.5
ZAM-2025-001512,2025-10-31,Elektronika,Sklep internetowy,332.92
ZAM-2025-003662,2025-06-27,Odzież,Sklep internetowy,107.57
ZAM-2025-012571,2025-03-19,Zabawki i prezenty,Marketplace,114.33
ZAM-2025-007284,2025-12-21,Dom i ogród,Sklep internetowy,242.74
ZAM-2025-002278,2025-01-04,Odzież,Marketplace,247.64
ZAM-2025-008206,2025-04-03,Uroda,Marketplace,108.69
ZAM-2025-009351,2025-09-20,Uroda,Sklep internetowy,122.1
ZAM-2025-004271,2025-09-14,Odzież,Sklep internetowy,144.19
ZAM-2025-005133,2025-12-25,Odzież,Facebook Ads,203.15
ZAM-2025-004491,2025-10-17,Odzież,Sklep internetowy,175.55
ZAM-2025-007860,2025-02-08,Uroda,Sklep internetowy,46.08
ZAM-2025-004304,2025-09-05,Odzież,Sklep internetowy,127.77
ZAM-2025-003349,2025-05-18,Odzież,Facebook Ads,112.24
ZAM-2025-003292,2025-05-08,Odzież,Sklep internetowy,133.11
ZAM-2025-004215,2025-09-09,Odzież,Sklep internetowy,94.13
ZAM-2025-014125,2025-12-24,Zabawki i prezenty,Sklep internetowy,48.88
ZAM-2025-000275,2025-02-02,Elektronika,Sklep internetowy,299.22
ZAM-2025-000480,2025-04-11,Elektronika,Marketplace,168.42
ZAM-2025-005427,2025-03-13,Dom i ogród,Marketplace,276.92
ZAM-2025-011045,2025-05-07,Sport,Sklep internetowy,207.79
ZAM-2025-012815,2025-06-21,Zabawki i prezenty,Google Ads,71.37
ZAM-2025-001632,2025-11-11,Elektronika,Sklep internetowy,320.63
ZAM-2025-006564,2025-07-22,Dom i ogród,Sklep internetowy,19
ZAM-2025-009370,2025-10-28,Uroda,Sklep internetowy,140.95
ZAM-2025-009245,2025-09-02,Uroda,Marketplace,125.49
ZAM-2025-005799,2025-04-16,Dom i ogród,Facebook Ads,62.09
ZAM-2025-002417,2025-02-26,Odzież,Sklep internetowy,146.12
ZAM-2025-012923,2025-07-27,Zabawki i prezenty,Facebook Ads,35.66
ZAM-2025-000391,2025-03-02,Elektronika,Google Ads,457.7
ZAM-2025-011343,2025-06-21,Sport,Facebook Ads,153.73
ZAM-2025-004543,2025-10-08,Odzież,Sklep internetowy,174.77
ZAM-2025-010002,2025-12-30,Uroda,Marketplace,129.45
ZAM-2025-006974,2025-10-28,Dom i ogród,Google Ads,195.24
ZAM-2025-001944,2025-11-25,Elektronika,Sklep internetowy,467.92
ZAM-2025-006294,2025-06-13,Dom i ogród,Facebook Ads,112.96
ZAM-2025-014003,2025-12-12,Zabawki i prezenty,Marketplace,89.17
ZAM-2025-007906,2025-03-16,Uroda,Google Ads,27.19
ZAM-2025-009154,2025-09-16,Uroda,Facebook Ads,69.89
ZAM-2025-012361,2025-12-31,Sport,Sklep internetowy,235.82
ZAM-2025-007035,2025-10-12,Dom i ogród,Sklep internetowy,208.88
ZAM-2025-003139,2025-04-05,Odzież,Facebook Ads,154.17
ZAM-2025-003269,2025-05-24,Odzież,Sklep internetowy,107.66
ZAM-2025-004731,2025-11-04,Odzież,Marketplace,184.68
ZAM-2025-000134,2025-01-27,Elektronika,Google Ads,495.76
ZAM-2025-002918,2025-04-21,Odzież,Marketplace,158.05
ZAM-2025-012634,2025-04-09,Zabawki i prezenty,Sklep internetowy,104.75
ZAM-2025-012417,2025-01-21,Zabawki i prezenty,Google Ads,71.83
ZAM-2025-012380,2025-01-10,Zabawki i prezenty,Sklep internetowy,100.19
ZAM-2025-012708,2025-05-15,Zabawki i prezenty,Marketplace,82.49
ZAM-2025-012452,2025-01-08,Zabawki i prezenty,Marketplace,24.42
ZAM-2025-005048,2025-12-29,Odzież,Sklep internetowy,82.12
ZAM-2025-010138,2025-01-13,Sport,Sklep internetowy,40.1
ZAM-2025-008365,2025-05-03,Uroda,Marketplace,94.35
ZAM-2025-014118,2025-12-28,Zabawki i prezenty,Facebook Ads,72.74
ZAM-2025-006711,2025-08-10,Dom i ogród,Sklep internetowy,38.14
ZAM-2025-013341,2025-11-21,Zabawki i prezenty,Sklep internetowy,30.87
ZAM-2025-009643,2025-11-23,Uroda,Sklep internetowy,77.76
ZAM-2025-004915,2025-12-10,Odzież,Sklep internetowy,47.21
ZAM-2025-003557,2025-06-27,Odzież,Marketplace,43.87
ZAM-2025-012410,2025-01-19,Zabawki i prezenty,Google Ads,70.03
ZAM-2025-000582,2025-04-07,Elektronika,Marketplace,214.45
ZAM-2025-013262,2025-10-08,Zabawki i prezenty,Google Ads,67.89
ZAM-2025-000358,2025-03-31,Elektronika,Sklep internetowy,260.74
ZAM-2025-001768,2025-11-04,Elektronika,Sklep internetowy,459.29
ZAM-2025-011192,2025-06-08,Sport,Sklep internetowy,144.66
ZAM-2025-003923,2025-08-21,Odzież,Sklep internetowy,134.76
ZAM-2025-003341,2025-05-08,Odzież,Facebook Ads,133.47
ZAM-2025-013608,2025-11-02,Zabawki i prezenty,Sklep internetowy,97.99
ZAM-2025-012599,2025-03-23,Zabawki i prezenty,Sklep internetowy,73.82
ZAM-2025-004694,2025-11-08,Odzież,Facebook Ads,152.73
ZAM-2025-008639,2025-06-30,Uroda,Sklep internetowy,72.85
ZAM-2025-012210,2025-11-05,Sport,Sklep internetowy,127.61
ZAM-2025-002153,2025-12-04,Elektronika,Facebook Ads,466.52
ZAM-2025-005102,2025-12-30,Odzież,Sklep internetowy,133.29
ZAM-2025-006865,2025-09-30,Dom i ogród,Sklep internetowy,300.7
ZAM-2025-008771,2025-06-18,Uroda,Sklep internetowy,56.3
ZAM-2025-012259,2025-12-16,Sport,Facebook Ads,191.29
ZAM-2025-007963,2025-03-24,Uroda,Marketplace,82.53
ZAM-2025-008004,2025-03-22,Uroda,Sklep internetowy,146.77
ZAM-2025-007054,2025-10-25,Dom i ogród,Sklep internetowy,122.41
ZAM-2025-007905,2025-03-21,Uroda,Facebook Ads,113.31
ZAM-2025-011783,2025-08-13,Sport,Facebook Ads,190.89
ZAM-2025-005223,2025-01-05,Dom i ogród,Marketplace,28.48
ZAM-2025-003151,2025-04-08,Odzież,Google Ads,97.94
ZAM-2025-008091,2025-04-30,Uroda,Marketplace,93.29
ZAM-2025-006197,2025-06-03,Dom i ogród,Marketplace,128.67
ZAM-2025-004693,2025-11-26,Odzież,Marketplace,54.74
ZAM-2025-006487,2025-07-03,Dom i ogród,Facebook Ads,94.18
ZAM-2025-010215,2025-01-07,Sport,Sklep internetowy,127.45
ZAM-2025-014131,2025-12-25,Zabawki i prezenty,Google Ads,85.26
ZAM-2025-001538,2025-10-03,Elektronika,Facebook Ads,240.33
ZAM-2025-004962,2025-12-04,Odzież,Facebook Ads,172.14
ZAM-2025-004438,2025-10-09,Odzież,Sklep internetowy,143.02
ZAM-2025-002650,2025-03-28,Odzież,Google Ads,59.28
ZAM-2025-003262,2025-05-03,Odzież,Facebook Ads,174.62
ZAM-2025-003010,2025-04-03,Odzież,Sklep internetowy,151.46
ZAM-2025-010564,2025-03-31,Sport,Sklep internetowy,203.95
ZAM-2025-001303,2025-09-05,Elektronika,Sklep internetowy,353.01
ZAM-2025-005243,2025-01-13,Dom i ogród,Google Ads,331.35
ZAM-2025-004025,2025-08-30,Odzież,Sklep internetowy,165.89
ZAM-2025-000128,2025-01-13,Elektronika,Sklep internetowy,523.32
ZAM-2025-006964,2025-10-10,Dom i ogród,Facebook Ads,160.04
ZAM-2025-013226,2025-10-14,Zabawki i prezenty,Google Ads,62.03
ZAM-2025-007306,2025-12-18,Dom i ogród,Google Ads,240.43
ZAM-2025-001576,2025-10-30,Elektronika,Marketplace,294.35
ZAM-2025-012013,2025-10-02,Sport,Sklep internetowy,177.81
ZAM-2025-000887,2025-06-16,Elektronika,Sklep internetowy,682.98
ZAM-2025-006123,2025-06-13,Dom i ogród,Marketplace,209.18
ZAM-2025-000636,2025-05-19,Elektronika,Sklep internetowy,498.71
ZAM-2025-008097,2025-04-19,Uroda,Marketplace,127.51
ZAM-2025-001356,2025-09-21,Elektronika,Sklep internetowy,748.9
ZAM-2025-003044,2025-04-10,Odzież,Google Ads,158.73
ZAM-2025-002744,2025-03-03,Odzież,Marketplace,121.51
ZAM-2025-011541,2025-07-08,Sport,Sklep internetowy,253.57
ZAM-2025-010108,2025-01-07,Sport,Marketplace,164.47
ZAM-2025-006555,2025-07-08,Dom i ogród,Sklep internetowy,142.8
ZAM-2025-012959,2025-08-25,Zabawki i prezenty,Sklep internetowy,114.13
ZAM-2025-010241,2025-01-23,Sport,Facebook Ads,110.25
ZAM-2025-011009,2025-05-14,Sport,Marketplace,104.28
ZAM-2025-002824,2025-03-29,Odzież,Sklep internetowy,146.53
ZAM-2025-009692,2025-11-17,Uroda,Facebook Ads,101.55
ZAM-2025-001445,2025-10-26,Elektronika,Facebook Ads,530.31
ZAM-2025-004107,2025-09-21,Odzież,Marketplace,91.97
ZAM-2025-013576,2025-11-19,Zabawki i prezenty,Sklep internetowy,78.82
ZAM-2025-012345,2025-12-06,Sport,Google Ads,151.97
ZAM-2025-007198,2025-11-26,Dom i ogród,Sklep internetowy,183.03
ZAM-2025-000272,2025-02-16,Elektronika,Google Ads,254.97
ZAM-2025-009032,2025-08-27,Uroda,Facebook Ads,122.75
ZAM-2025-011405,2025-07-20,Sport,Google Ads,256.31
ZAM-2025-009461,2025-10-20,Uroda,Facebook Ads,52.17
ZAM-2025-001812,2025-11-29,Elektronika,Marketplace,274.76
ZAM-2025-002997,2025-04-01,Odzież,Sklep internetowy,179.12
ZAM-2025-000446,2025-04-15,Elektronika,Sklep internetowy,391.69
ZAM-2025-002233,2025-12-14,Elektronika,Facebook Ads,218.96
ZAM-2025-006156,2025-06-12,Dom i ogród,Sklep internetowy,363.14
ZAM-2025-010811,2025-04-12,Sport,Sklep internetowy,192.6
ZAM-2025-012890,2025-07-22,Zabawki i prezenty,Sklep internetowy,54.76
ZAM-2025-009299,2025-09-05,Uroda,Sklep internetowy,74.24
ZAM-2025-013017,2025-08-24,Zabawki i prezenty,Sklep internetowy,62.84
ZAM-2025-011990,2025-10-22,Sport,Sklep internetowy,145.62
ZAM-2025-007477,2025-01-29,Uroda,Facebook Ads,104.14
ZAM-2025-007420,2025-01-17,Uroda,Facebook Ads,91.34
ZAM-2025-004237,2025-09-26,Odzież,Google Ads,149.5
ZAM-2025-006939,2025-09-16,Dom i ogród,Marketplace,213.34
ZAM-2025-014081,2025-12-22,Zabawki i prezenty,Sklep internetowy,106.24
ZAM-2025-009168,2025-09-21,Uroda,Sklep internetowy,145.0
ZAM-2025-012385,2025-01-13,Zabawki i prezenty,Facebook Ads,41.84
ZAM-2025-007647,2025-02-15,Uroda,Facebook Ads,58.9
ZAM-2025-001839,2025-11-20,Elektronika,Marketplace,354.17
ZAM-2025-001016,2025-07-24,Elektronika,Sklep internetowy,775.7
ZAM-2025-010295,2025-01-05,Sport,Sklep internetowy,153.28
ZAM-2025-003063,2025-04-09,Odzież,Sklep internetowy,109.72
ZAM-2025-007569,2025-01-29,Uroda,Sklep internetowy,87.89
ZAM-2025-011616,2025-08-28,Sport,Marketplace,263.59
ZAM-2025-001164,2025-08-04,Elektronika,Facebook Ads,376.69
ZAM-2025-001691,2025-11-16,Elektronika,Sklep internetowy,388.41
ZAM-2025-003824,2025-07-25,Odzież,Sklep internetowy,153.67
ZAM-2025-001690,2025-11-12,Elektronika,Sklep internetowy,315.06
ZAM-2025-000146,2025-02-25,Elektronika,Sklep internetowy,505.46
ZAM-2025-004892,2025-12-02,Odzież,Sklep internetowy,121.91
ZAM-2025-003324,2025-05-28,Odzież,Sklep internetowy,84.92
ZAM-2025-000235,2025-02-21,Elektronika,Facebook Ads,392.43
ZAM-2025-005761,2025-04-13,Dom i ogród,Facebook Ads,36.71
ZAM-2025-002252,2025-01-30,Odzież,Sklep internetowy,133.89
ZAM-2025-005283,2025-02-12,Dom i ogród,Marketplace,305.3
ZAM-2025-012684,2025-04-14,Zabawki i prezenty,Marketplace,76.23
ZAM-2025-008741,2025-06-18,Uroda,Marketplace,134.64
ZAM-2025-005438,2025-03-17,Dom i ogród,Sklep internetowy,292.65
ZAM-2025-009176,2025-09-27,Uroda,Marketplace,75.93
ZAM-2025-013745,2025-12-10,Zabawki i prezenty,Google Ads,80.92
ZAM-2025-013834,2025-12-15,Zabawki i prezenty,Sklep internetowy,61.98
ZAM-2025-009159,2025-09-08,Uroda,Sklep internetowy,70.11
ZAM-2025-013084,2025-09-03,Zabawki i prezenty,Marketplace,76.66
ZAM-2025-010590,2025-03-28,Sport,Google Ads,199.13
ZAM-2025-000155,2025-02-08,Elektronika,Facebook Ads,221.99
ZAM-2025-011704,2025-08-15,Sport,Facebook Ads,52.85
ZAM-2025-006314,2025-06-09,Dom i ogród,Sklep internetowy,85.86
ZAM-2025-004702,2025-11-09,Odzież,Google Ads,182.9
ZAM-2025-007642,2025-02-26,Uroda,Google Ads,120.15
ZAM-2025-001991,2025-12-22,Elektronika,Sklep internetowy,182.74
ZAM-2025-002787,2025-03-05,Odzież,Marketplace,196.3
ZAM-2025-009371,2025-10-01,Uroda,Google Ads,182.03
ZAM-2025-003099,2025-04-13,Odzież,Sklep internetowy,164.46
ZAM-2025-011679,2025-08-06,Sport,Marketplace,178.35
ZAM-2025-003723,2025-07-28,Odzież,Facebook Ads,151.91
ZAM-2025-008334,2025-05-06,Uroda,Sklep internetowy,146.11
ZAM-2025-003440,2025-05-02,Odzież,Facebook Ads,152.4
ZAM-2025-001579,2025-10-29,Elektronika,Facebook Ads,497.57
ZAM-2025-005880,2025-05-18,Dom i ogród,Marketplace,121.81
ZAM-2025-004648,2025-11-16,Odzież,Facebook Ads,137.43
ZAM-2025-003029,2025-04-30,Odzież,Sklep internetowy,45.12
ZAM-2025-000557,2025-04-05,Elektronika,Facebook Ads,431.88
ZAM-2025-011391,2025-07-03,Sport,Sklep internetowy,199.52
ZAM-2025-004621,2025-10-12,Odzież,Sklep internetowy,131.53
ZAM-2025-006840,2025-09-07,Dom i ogród,Marketplace,125.99
ZAM-2025-012510,2025-02-16,Zabawki i prezenty,Sklep internetowy,67.35
ZAM-2025-003925,2025-08-18,Odzież,Marketplace,78.05
ZAM-2025-012915,2025-07-07,Zabawki i prezenty,Facebook Ads,94.62
ZAM-2025-001668,2025-11-14,Elektronika,Sklep internetowy,347.84
ZAM-2025-011127,2025-05-11,Sport,Marketplace,183.47
ZAM-2025-013687,2025-12-19,Zabawki i prezenty,Marketplace,80.97
ZAM-2025-006518,2025-07-14,Dom i ogród,Facebook Ads,318.53
ZAM-2025-010079,2025-12-24,Uroda,Sklep internetowy,111.02
ZAM-2025-002831,2025-03-17,Odzież,Google Ads,151.58
ZAM-2025-005351,2025-02-09,Dom i ogród,Sklep internetowy,171.57
ZAM-2025-007182,2025-11-06,Dom i ogród,Sklep internetowy,122.8
ZAM-2025-003720,2025-07-07,Odzież,Facebook Ads,141.67
ZAM-2025-012241,2025-12-13,Sport,Facebook Ads,138.82
ZAM-2025-002096,2025-12-02,Elektronika,Google Ads,464.74
ZAM-2025-000513,2025-04-10,Elektronika,Marketplace,388.46
ZAM-2025-002683,2025-03-12,Odzież,Facebook Ads,119.9
ZAM-2025-003295,2025-05-04,Odzież,Sklep internetowy,28.1
ZAM-2025-010042,2025-12-20,Uroda,Google Ads,110.62
ZAM-2025-003492,2025-06-21,Odzież,Facebook Ads,139.18
ZAM-2025-009497,2025-10-28,Uroda,Sklep internetowy,58.78
ZAM-2025-000969,2025-07-15,Elektronika,Sklep internetowy,632.95
ZAM-2025-008172,2025-04-15,Uroda,Sklep internetowy,122.07
ZAM-2025-002920,2025-04-05,Odzież,Marketplace,97.42
ZAM-2025-000683,2025-05-21,Elektronika,Sklep internetowy,318.88
ZAM-2025-013948,2025-12-02,Zabawki i prezenty,Sklep internetowy,115.04
ZAM-2025-000641,2025-05-15,Elektronika,Google Ads,225.34
ZAM-2025-000375,2025-03-06,Elektronika,Google Ads,339.33
ZAM-2025-011110,2025-05-04,Sport,Marketplace,190.37
ZAM-2025-011051,2025-05-19,Sport,Sklep internetowy,220.98
ZAM-2025-014152,2025-12-02,Zabawki i prezenty,Facebook Ads,80.95
ZAM-2025-010728,2025-03-30,Sport,Sklep internetowy,223.67
ZAM-2025-002273,2025-01-05,Odzież,Facebook Ads,67.63
ZAM-2025-010312,2025-01-08,Sport,Google Ads,163.12
ZAM-2025-003026,2025-04-28,Odzież,Marketplace,90.92
ZAM-2025-003208,2025-05-27,Odzież,Facebook Ads,121.65
ZAM-2025-002666,2025-03-04,Odzież,Marketplace,223.66
ZAM-2025-001513,2025-10-15,Elektronika,Facebook Ads,72.43
ZAM-2025-010089,2025-12-27,Uroda,Marketplace,59.36
ZAM-2025-012007,2025-10-25,Sport,Sklep internetowy,165.49
ZAM-2025-011248,2025-06-27,Sport,Facebook Ads,217.8
ZAM-2025-005257,2025-01-30,Dom i ogród,Google Ads,200.16
ZAM-2025-007577,2025-01-12,Uroda,Marketplace,68.23
ZAM-2025-000426,2025-03-08,Elektronika,Marketplace,436.97
ZAM-2025-005111,2025-12-21,Odzież,Sklep internetowy,162.63
ZAM-2025-012956,2025-08-12,Zabawki i prezenty,Facebook Ads,89.88
ZAM-2025-000865,2025-06-25,Elektronika,Marketplace,267.08
ZAM-2025-012514,2025-02-26,Zabawki i prezenty,Sklep internetowy,96.79
ZAM-2025-008033,2025-03-22,Uroda,Sklep internetowy,139.82
ZAM-2025-005541,2025-03-26,Dom i ogród,Sklep internetowy,90.26
ZAM-2025-004804,2025-11-29,Odzież,Google Ads,157.38
ZAM-2025-011948,2025-09-27,Sport,Marketplace,119.0
ZAM-2025-010932,2025-04-01,Sport,Sklep internetowy,230.02
ZAM-2025-010196,2025-01-21,Sport,Marketplace,185.75
ZAM-2025-008233,2025-04-23,Uroda,Marketplace,84.87
ZAM-2025-002813,2025-03-15,Odzież,Sklep internetowy,79.14
ZAM-2025-014157,2025-12-20,Zabawki i prezenty,Facebook Ads,63.83
ZAM-2025-011983,2025-10-18,Sport,Sklep internetowy,243.51
ZAM-2025-011084,2025-05-12,Sport,Facebook Ads,119.49
ZAM-2025-005738,2025-04-15,Dom i ogród,Sklep internetowy,120.83
ZAM-2025-006202,2025-06-24,Dom i ogród,Sklep internetowy,196.99
ZAM-2025-000813,2025-06-01,Elektronika,Google Ads,410.71
ZAM-2025-002355,2025-01-21,Odzież,Marketplace,87.69
ZAM-2025-011010,2025-05-14,Sport,Marketplace,176.28
ZAM-2025-010786,2025-04-11,Sport,Marketplace,142.7
ZAM-2025-008864,2025-07-12,Uroda,Facebook Ads,69.5
ZAM-2025-004015,2025-08-20,Odzież,Marketplace,168.33
ZAM-2025-003087,2025-04-03,Odzież,Google Ads,109.16
ZAM-2025-013897,2025-12-01,Zabawki i prezenty,Google Ads,55.4
ZAM-2025-009055,2025-08-23,Uroda,Facebook Ads,93.47
ZAM-2025-003764,2025-07-24,Odzież,Google Ads,243.8
ZAM-2025-006227,2025-06-29,Dom i ogród,Marketplace,169.36
ZAM-2025-002269,2025-01-03,Odzież,Marketplace,202.87
ZAM-2025-009747,2025-11-29,Uroda,Facebook Ads,57.7
ZAM-2025-008931,2025-07-31,Uroda,Facebook Ads,131.33
ZAM-2025-003134,2025-04-18,Odzież,Facebook Ads,106.72
ZAM-2025-005824,2025-04-18,Dom i ogród,Marketplace,272.78
ZAM-2025-012414,2025-01-02,Zabawki i prezenty,Facebook Ads,84.64
ZAM-2025-011901,2025-09-10,Sport,Facebook Ads,336.75
ZAM-2025-005367,2025-02-28,Dom i ogród,Sklep internetowy,233.77
ZAM-2025-006830,2025-09-05,Dom i ogród,Sklep internetowy,120.44
ZAM-2025-008636,2025-06-20,Uroda,Marketplace,86.32
ZAM-2025-003690,2025-07-04,Odzież,Google Ads,149.91
ZAM-2025-009744,2025-11-18,Uroda,Sklep internetowy,127.88
ZAM-2025-004627,2025-11-16,Odzież,Google Ads,118.19
ZAM-2025-001426,2025-10-21,Elektronika,Sklep internetowy,287.53
ZAM-2025-011125,2025-05-26,Sport,Sklep internetowy,150.99
ZAM-2025-003232,2025-05-30,Odzież,Marketplace,19
ZAM-2025-002738,2025-03-04,Odzież,Sklep internetowy,211.61
ZAM-2025-004390,2025-10-30,Odzież,Marketplace,119.12
ZAM-2025-009405,2025-10-22,Uroda,Facebook Ads,19
ZAM-2025-005582,2025-03-22,Dom i ogród,Marketplace,201.81
ZAM-2025-006629,2025-08-14,Dom i ogród,Sklep internetowy,306.29
ZAM-2025-014011,2025-12-06,Zabawki i prezenty,Sklep internetowy,118.69
ZAM-2025-003627,2025-06-06,Odzież,Google Ads,73.92
ZAM-2025-000830,2025-06-13,Elektronika,Marketplace,443.68
ZAM-2025-011132,2025-05-03,Sport,Marketplace,143.38
ZAM-2025-002782,2025-03-06,Odzież,Sklep internetowy,101.34
ZAM-2025-000018,2025-01-03,Elektronika,Marketplace,475.69
ZAM-2025-006330,2025-06-17,Dom i ogród,Sklep internetowy,147.87
ZAM-2025-012907,2025-07-27,Zabawki i prezenty,Sklep internetowy,100.24
ZAM-2025-010923,2025-04-17,Sport,Marketplace,129.99
ZAM-2025-001146,2025-08-25,Elektronika,Sklep internetowy,147.56
ZAM-2025-008502,2025-05-22,Uroda,Facebook Ads,93.44
ZAM-2025-011414,2025-07-20,Sport,Marketplace,120.29
ZAM-2025-007239,2025-12-05,Dom i ogród,Sklep internetowy,301.23
ZAM-2025-002768,2025-03-15,Odzież,Sklep internetowy,122.95
ZAM-2025-007329,2025-12-06,Dom i ogród,Sklep internetowy,206.18
ZAM-2025-012249,2025-12-19,Sport,Sklep internetowy,145.62
ZAM-2025-007892,2025-03-17,Uroda,Sklep internetowy,116.68
ZAM-2025-010035,2025-12-28,Uroda,Facebook Ads,84.82
ZAM-2025-000650,2025-05-06,Elektronika,Marketplace,364.11
ZAM-2025-010690,2025-03-08,Sport,Facebook Ads,94.47
ZAM-2025-004638,2025-11-01,Odzież,Marketplace,204.77
ZAM-2025-013655,2025-12-17,Zabawki i prezenty,Facebook Ads,43.49
ZAM-2025-006900,2025-09-10,Dom i ogród,Sklep internetowy,262.22
ZAM-2025-000870,2025-06-17,Elektronika,Marketplace,423.36
ZAM-2025-004397,2025-10-07,Odzież,Google Ads,113.36
ZAM-2025-003743,2025-07-25,Odzież,Sklep internetowy,104.25
ZAM-2025-007410,2025-01-02,Uroda,Marketplace,101.91
ZAM-2025-010847,2025-04-03,Sport,Marketplace,241.44
ZAM-2025-002642,2025-03-19,Odzież,Sklep internetowy,83.36
ZAM-2025-007530,2025-01-07,Uroda,Sklep internetowy,69.42
ZAM-2025-010648,2025-03-27,Sport,Sklep internetowy,213.55
ZAM-2025-012810,2025-06-21,Zabawki i prezenty,Sklep internetowy,79.82
ZAM-2025-008813,2025-07-05,Uroda,Sklep internetowy,163.52
ZAM-2025-008410,2025-05-26,Uroda,Facebook Ads,114.05
ZAM-2025-002017,2025-12-27,Elektronika,Sklep internetowy,231.0
ZAM-2025-001153,2025-08-15,Elektronika,Google Ads,505.29
ZAM-2025-005801,2025-04-24,Dom i ogród,Google Ads,81.91
ZAM-2025-006448,2025-07-09,Dom i ogród,Marketplace,205.31
ZAM-2025-007640,2025-02-14,Uroda,Google Ads,136.58
ZAM-2025-012209,2025-11-24,Sport,Marketplace,89.23
ZAM-2025-006499,2025-07-03,Dom i ogród,Facebook Ads,235.8
ZAM-2025-011351,2025-06-22,Sport,Marketplace,201.54
ZAM-2025-011079,2025-05-01,Sport,Facebook Ads,231.7
ZAM-2025-008631,2025-06-22,Uroda,Facebook Ads,108.91
ZAM-2025-009988,2025-12-28,Uroda,Google Ads,130.59
ZAM-2025-011930,2025-09-01,Sport,Facebook Ads,210.81
ZAM-2025-003078,2025-04-06,Odzież,Sklep internetowy,157.87
ZAM-2025-009457,2025-10-31,Uroda,Marketplace,100.48
ZAM-2025-000583,2025-04-07,Elektronika,Marketplace,134.5
ZAM-2025-001699,2025-11-25,Elektronika,Google Ads,457.52
ZAM-2025-011344,2025-06-01,Sport,Facebook Ads,156.19
ZAM-2025-008598,2025-06-18,Uroda,Marketplace,116.91
ZAM-2025-007630,2025-02-05,Uroda,Facebook Ads,65.4
ZAM-2025-004059,2025-09-18,Odzież,Sklep internetowy,149.07
ZAM-2025-007597,2025-02-15,Uroda,Sklep internetowy,118.8
ZAM-2025-008161,2025-04-17,Uroda,Facebook Ads,77.79
ZAM-2025-002485,2025-02-10,Odzież,Sklep internetowy,73.38
ZAM-2025-005105,2025-12-02,Odzież,Sklep internetowy,148.96
ZAM-2025-006934,2025-09-12,Dom i ogród,Sklep internetowy,155.38
ZAM-2025-006613,2025-08-10,Dom i ogród,Sklep internetowy,219.08
ZAM-2025-000309,2025-03-31,Elektronika,Sklep internetowy,411.57
ZAM-2025-011812,2025-09-23,Sport,Google Ads,131.07
ZAM-2025-008211,2025-04-05,Uroda,Facebook Ads,101.38
ZAM-2025-012891,2025-07-18,Zabawki i prezenty,Facebook Ads,47.05
ZAM-2025-003995,2025-08-26,Odzież,Sklep internetowy,177.0
ZAM-2025-008438,2025-05-05,Uroda,Sklep internetowy,82.57
ZAM-2025-000847,2025-06-21,Elektronika,Google Ads,195.98
ZAM-2025-010680,2025-03-22,Sport,Sklep internetowy,268.57
ZAM-2025-014036,2025-12-11,Zabawki i prezenty,Marketplace,19
ZAM-2025-001019,2025-07-16,Elektronika,Marketplace,404.24
ZAM-2025-000289,2025-03-07,Elektronika,Facebook Ads,520.44
ZAM-2025-006278,2025-06-17,Dom i ogród,Facebook Ads,229.41
ZAM-2025-012802,2025-06-28,Zabawki i prezenty,Facebook Ads,72.03
ZAM-2025-009571,2025-10-21,Uroda,Facebook Ads,62.11
ZAM-2025-005955,2025-05-15,Dom i ogród,Facebook Ads,255.49
ZAM-2025-005473,2025-03-30,Dom i ogród,Google Ads,212.36
ZAM-2025-005222,2025-01-11,Dom i ogród,Facebook Ads,220.9
ZAM-2025-012202,2025-11-10,Sport,Marketplace,112.94
ZAM-2025-011115,2025-05-03,Sport,Facebook Ads,111.13
ZAM-2025-009104,2025-08-14,Uroda,Sklep internetowy,96.63
ZAM-2025-005065,2025-12-23,Odzież,Google Ads,166.83
ZAM-2025-002908,2025-04-15,Odzież,Marketplace,136.24
ZAM-2025-005558,2025-03-17,Dom i ogród,Marketplace,249.87
ZAM-2025-008314,2025-05-28,Uroda,Google Ads,98.13
ZAM-2025-002519,2025-02-14,Odzież,Marketplace,207.78
ZAM-2025-011938,2025-09-25,Sport,Sklep internetowy,237.96
ZAM-2025-001855,2025-11-28,Elektronika,Sklep internetowy,201.81
ZAM-2025-009218,2025-09-29,Uroda,Google Ads,69.57
ZAM-2025-008084,2025-03-15,Uroda,Facebook Ads,121.13
ZAM-2025-004221,2025-09-23,Odzież,Sklep internetowy,118.54
ZAM-2025-001599,2025-10-11,Elektronika,Sklep internetowy,376.31
ZAM-2025-005554,2025-03-17,Dom i ogród,Sklep internetowy,143.49
ZAM-2025-002397,2025-01-24,Odzież,Sklep internetowy,173.85
ZAM-2025-006987,2025-10-09,Dom i ogród,Sklep internetowy,372.85
ZAM-2025-007217,2025-11-02,Dom i ogród,Sklep internetowy,173.77
ZAM-2025-000820,2025-06-17,Elektronika,Sklep internetowy,182.4
ZAM-2025-012735,2025-05-26,Zabawki i prezenty,Sklep internetowy,56.18
ZAM-2025-014098,2025-12-19,Zabawki i prezenty,Google Ads,19
ZAM-2025-008089,2025-04-21,Uroda,Marketplace,88.18
ZAM-2025-000384,2025-03-17,Elektronika,Marketplace,530.93
ZAM-2025-010615,2025-03-13,Sport,Google Ads,258.9
ZAM-2025-003246,2025-05-30,Odzież,Google Ads,179.53
ZAM-2025-001382,2025-09-06,Elektronika,Sklep internetowy,179.14
ZAM-2025-006274,2025-06-24,Dom i ogród,Facebook Ads,298.44
ZAM-2025-013943,2025-12-31,Zabawki i prezenty,Marketplace,73.39
ZAM-2025-002685,2025-03-02,Odzież,Marketplace,112.78
ZAM-2025-008430,2025-05-31,Uroda,Marketplace,110.92
ZAM-2025-000137,2025-01-09,Elektronika,Marketplace,597.06
ZAM-2025-010951,2025-05-02,Sport,Sklep internetowy,181.48
ZAM-2025-006112,2025-06-05,Dom i ogród,Sklep internetowy,168.07
ZAM-2025-011008,2025-05-28,Sport,Marketplace,144.47
ZAM-2025-004952,2025-12-04,Odzież,Sklep internetowy,140.93
ZAM-2025-010981,2025-05-13,Sport,Marketplace,144.73
ZAM-2025-002266,2025-01-03,Odzież,Sklep internetowy,114.42
ZAM-2025-009240,2025-09-04,Uroda,Sklep internetowy,62.66
ZAM-2025-001998,2025-12-09,Elektronika,Marketplace,318.82
ZAM-2025-000706,2025-05-11,Elektronika,Facebook Ads,205.76
ZAM-2025-004482,2025-10-29,Odzież,Google Ads,110.15
ZAM-2025-003544,2025-06-21,Odzież,Google Ads,108.19
ZAM-2025-000064,2025-01-21,Elektronika,Google Ads,248.45
ZAM-2025-007117,2025-11-29,Dom i ogród,Google Ads,65.65
ZAM-2025-009914,2025-12-26,Uroda,Sklep internetowy,116.81
ZAM-2025-002071,2025-12-22,Elektronika,Sklep internetowy,342.91
ZAM-2025-010182,2025-01-11,Sport,Sklep internetowy,184.88
ZAM-2025-010778,2025-04-22,Sport,Facebook Ads,162.43
ZAM-2025-008201,2025-04-15,Uroda,Marketplace,116.99
ZAM-2025-000333,2025-03-08,Elektronika,Facebook Ads,269.84
ZAM-2025-003385,2025-05-26,Odzież,Facebook Ads,191.05
ZAM-2025-000097,2025-01-30,Elektronika,Facebook Ads,359.46
ZAM-2025-012759,2025-05-06,Zabawki i prezenty,Marketplace,66.8
ZAM-2025-008680,2025-06-21,Uroda,Facebook Ads,119.89
ZAM-2025-005613,2025-04-10,Dom i ogród,Sklep internetowy,403.94
ZAM-2025-014066,2025-12-31,Zabawki i prezenty,Sklep internetowy,44.99
ZAM-2025-012714,2025-05-30,Zabawki i prezenty,Sklep internetowy,111.39
ZAM-2025-013606,2025-11-22,Zabawki i prezenty,Sklep internetowy,90.14
ZAM-2025-003918,2025-08-20,Odzież,Marketplace,158.61
ZAM-2025-009368,2025-10-07,Uroda,Facebook Ads,110.4
ZAM-2025-002592,2025-02-06,Odzież,Marketplace,155.83
ZAM-2025-007158,2025-11-13,Dom i ogród,Google Ads,293.84
ZAM-2025-004143,2025-09-03,Odzież,Google Ads,215.91
ZAM-2025-004038,2025-09-30,Odzież,Google Ads,106.59
ZAM-2025-000705,2025-05-21,Elektronika,Sklep internetowy,392.78
ZAM-2025-006359,2025-07-27,Dom i ogród,Sklep internetowy,321.64
ZAM-2025-000115,2025-01-29,Elektronika,Sklep internetowy,652.7
ZAM-2025-006618,2025-08-24,Dom i ogród,Facebook Ads,238.25
ZAM-2025-008394,2025-05-20,Uroda,Facebook Ads,135.27
ZAM-2025-012621,2025-04-16,Zabawki i prezenty,Sklep internetowy,62.88
ZAM-2025-003588,2025-06-11,Odzież,Sklep internetowy,81.66
ZAM-2025-006731,2025-08-12,Dom i ogród,Marketplace,157.68
ZAM-2025-012302,2025-12-30,Sport,Sklep internetowy,133.84
ZAM-2025-001590,2025-10-24,Elektronika,Marketplace,406.63
ZAM-2025-002577,2025-02-18,Odzież,Marketplace,112.94
ZAM-2025-001296,2025-09-03,Elektronika,Sklep internetowy,201.92
ZAM-2025-001059,2025-07-07,Elektronika,Marketplace,349.77
ZAM-2025-006919,2025-09-24,Dom i ogród,Sklep internetowy,84.78
ZAM-2025-010351,2025-02-28,Sport,Google Ads,174.56
ZAM-2025-003220,2025-05-11,Odzież,Sklep internetowy,112.05
ZAM-2025-007279,2025-12-24,Dom i ogród,Google Ads,202.77
ZAM-2025-012712,2025-05-11,Zabawki i prezenty,Sklep internetowy,63.38
ZAM-2025-012559,2025-03-10,Zabawki i prezenty,Sklep internetowy,94.15
ZAM-2025-013523,2025-11-09,Zabawki i prezenty,Sklep internetowy,97.2
ZAM-2025-005661,2025-04-18,Dom i ogród,Marketplace,180.95
ZAM-2025-009047,2025-08-06,Uroda,Marketplace,72.74
ZAM-2025-004492,2025-10-22,Odzież,Google Ads,160.05
ZAM-2025-012711,2025-05-12,Zabawki i prezenty,Google Ads,75.12
ZAM-2025-012334,2025-12-16,Sport,Facebook Ads,112.44
ZAM-2025-004256,2025-09-04,Odzież,Facebook Ads,138.46
ZAM-2025-008175,2025-04-14,Uroda,Sklep internetowy,117.82
ZAM-2025-013809,2025-12-22,Zabawki i prezenty,Marketplace,75.65
ZAM-2025-008982,2025-08-31,Uroda,Marketplace,168.77
ZAM-2025-006759,2025-08-16,Dom i ogród,Marketplace,212.22
ZAM-2025-003494,2025-06-09,Odzież,Facebook Ads,119.65
ZAM-2025-012729,2025-05-01,Zabawki i prezenty,Google Ads,67.32
ZAM-2025-002567,2025-02-14,Odzież,Sklep internetowy,131.51
ZAM-2025-009661,2025-11-02,Uroda,Sklep internetowy,70.0
ZAM-2025-011869,2025-09-05,Sport,Google Ads,187.88
ZAM-2025-007614,2025-02-22,Uroda,Sklep internetowy,83.4
ZAM-2025-010206,2025-01-15,Sport,Sklep internetowy,187.88
ZAM-2025-004502,2025-10-16,Odzież,Marketplace,41.29
ZAM-2025-005425,2025-03-05,Dom i ogród,Marketplace,269.67
ZAM-2025-000223,2025-02-27,Elektronika,Sklep internetowy,266.65
ZAM-2025-014097,2025-12-26,Zabawki i prezenty,Facebook Ads,108.63
ZAM-2025-009906,2025-12-21,Uroda,Marketplace,125.78
ZAM-2025-002406,2025-01-21,Odzież,Marketplace,181.37
ZAM-2025-010560,2025-03-25,Sport,Sklep internetowy,140.77
ZAM-2025-009097,2025-08-05,Uroda,Sklep internetowy,104.61
ZAM-2025-009973,2025-12-04,Uroda,Facebook Ads,34.28
ZAM-2025-008685,2025-06-27,Uroda,Marketplace,125.56
ZAM-2025-012633,2025-04-30,Zabawki i prezenty,Sklep internetowy,88.49
ZAM-2025-009321,2025-09-30,Uroda,Sklep internetowy,95.55
ZAM-2025-013761,2025-12-20,Zabawki i prezenty,Sklep internetowy,81.79
ZAM-2025-008222,2025-04-27,Uroda,Sklep internetowy,132.35
ZAM-2025-008050,2025-03-02,Uroda,Sklep internetowy,91.65
ZAM-2025-010764,2025-03-23,Sport,Sklep internetowy,117.35
ZAM-2025-001678,2025-11-19,Elektronika,Sklep internetowy,436.57
ZAM-2025-001652,2025-11-07,Elektronika,Sklep internetowy,306.75
ZAM-2025-003195,2025-04-22,Odzież,Marketplace,99.47
ZAM-2025-000727,2025-05-29,Elektronika,Marketplace,292.82
ZAM-2025-009246,2025-09-16,Uroda,Sklep internetowy,89.57
ZAM-2025-000559,2025-04-18,Elektronika,Sklep internetowy,328.92
ZAM-2025-011872,2025-09-24,Sport,Sklep internetowy,123.79
ZAM-2025-001024,2025-07-27,Elektronika,Facebook Ads,514.32
ZAM-2025-004980,2025-12-22,Odzież,Sklep internetowy,142.42
ZAM-2025-012360,2025-12-24,Sport,Facebook Ads,193.87
ZAM-2025-008769,2025-06-02,Uroda,Facebook Ads,81.48
ZAM-2025-001068,2025-07-17,Elektronika,Marketplace,380.0
ZAM-2025-006259,2025-06-01,Dom i ogród,Google Ads,280.66
ZAM-2025-005130,2025-12-09,Odzież,Sklep internetowy,70.66
ZAM-2025-008789,2025-07-26,Uroda,Sklep internetowy,83.08
ZAM-2025-002151,2025-12-28,Elektronika,Sklep internetowy,304.77
ZAM-2025-001017,2025-07-28,Elektronika,Sklep internetowy,494.82
ZAM-2025-014160,2025-12-21,Zabawki i prezenty,Google Ads,67.83
ZAM-2025-001304,2025-09-15,Elektronika,Marketplace,339.45
ZAM-2025-005125,2025-12-03,Odzież,Marketplace,148.25
ZAM-2025-009837,2025-12-11,Uroda,Sklep internetowy,133.15
ZAM-2025-006842,2025-09-24,Dom i ogród,Marketplace,19
ZAM-2025-011573,2025-07-16,Sport,Marketplace,111.95
ZAM-2025-011247,2025-06-13,Sport,Google Ads,104.25
ZAM-2025-013424,2025-11-03,Zabawki i prezenty,Facebook Ads,65.17
ZAM-2025-010183,2025-01-08,Sport,Sklep internetowy,142.72
ZAM-2025-003547,2025-06-05,Odzież,Facebook Ads,194.59
ZAM-2025-001870,2025-11-13,Elektronika,Google Ads,549.79
ZAM-2025-008877,2025-07-22,Uroda,Sklep internetowy,91.33
ZAM-2025-004442,2025-10-24,Odzież,Sklep internetowy,117.92
ZAM-2025-010253,2025-01-29,Sport,Google Ads,161.67
ZAM-2025-012843,2025-06-02,Zabawki i prezenty,Sklep internetowy,103.07
ZAM-2025-007422,2025-01-24,Uroda,Sklep internetowy,118.04
ZAM-2025-001764,2025-11-18,Elektronika,Marketplace,416.11
ZAM-2025-010155,2025-01-09,Sport,Sklep internetowy,168.91
ZAM-2025-013274,2025-11-24,Zabawki i prezenty,Facebook Ads,92.85
ZAM-2025-010082,2025-12-09,Uroda,Sklep internetowy,97.97
ZAM-2025-002103,2025-12-25,Elektronika,Sklep internetowy,345.83
ZAM-2025-001899,2025-11-05,Elektronika,Sklep internetowy,421.92
ZAM-2025-010524,2025-02-13,Sport,Marketplace,240.5
ZAM-2025-011587,2025-07-12,Sport,Facebook Ads,141.48
ZAM-2025-008400,2025-05-03,Uroda,Google Ads,86.91
ZAM-2025-007729,2025-02-18,Uroda,Facebook Ads,99.65
ZAM-2025-008830,2025-07-12,Uroda,Sklep internetowy,83.03
ZAM-2025-005777,2025-04-29,Dom i ogród,Google Ads,189.07
ZAM-2025-002285,2025-01-18,Odzież,Sklep internetowy,124.48
ZAM-2025-000578,2025-04-29,Elektronika,Marketplace,241.72
ZAM-2025-014103,2025-12-06,Zabawki i prezenty,Google Ads,111.62
ZAM-2025-012234,2025-12-19,Sport,Sklep internetowy,144.01
ZAM-2025-008205,2025-04-21,Uroda,Marketplace,55.73
ZAM-2025-011915,2025-09-03,Sport,Sklep internetowy,55.47
ZAM-2025-012906,2025-07-09,Zabawki i prezenty,Google Ads,87.3
ZAM-2025-010903,2025-04-05,Sport,Sklep internetowy,114.96
ZAM-2025-002183,2025-12-10,Elektronika,Sklep internetowy,293.99
ZAM-2025-009714,2025-11-15,Uroda,Google Ads,76.04
ZAM-2025-007122,2025-11-04,Dom i ogród,Marketplace,177.65
ZAM-2025-002962,2025-04-24,Odzież,Marketplace,174.83
ZAM-2025-013903,2025-12-29,Zabawki i prezenty,Marketplace,66.66
ZAM-2025-010795,2025-04-01,Sport,Marketplace,171.3
ZAM-2025-003242,2025-05-04,Odzież,Google Ads,135.36
ZAM-2025-011939,2025-09-01,Sport,Google Ads,172.64
ZAM-2025-006569,2025-07-31,Dom i ogród,Sklep internetowy,177.9
ZAM-2025-003017,2025-04-28,Odzież,Google Ads,238.43
ZAM-2025-006912,2025-09-05,Dom i ogród,Sklep internetowy,187.83
ZAM-2025-001170,2025-08-27,Elektronika,Marketplace,244.13
ZAM-2025-001566,2025-10-08,Elektronika,Sklep internetowy,370.85
ZAM-2025-004739,2025-11-29,Odzież,Facebook Ads,119.25
ZAM-2025-010616,2025-03-07,Sport,Facebook Ads,137.13
ZAM-2025-004714,2025-11-23,Odzież,Marketplace,123.05
ZAM-2025-004662,2025-11-29,Odzież,Marketplace,154.5
ZAM-2025-006520,2025-07-21,Dom i ogród,Google Ads,251.31
ZAM-2025-011149,2025-05-12,Sport,Sklep internetowy,184.52
ZAM-2025-013061,2025-09-28,Zabawki i prezenty,Marketplace,61.51
ZAM-2025-005989,2025-05-02,Dom i ogród,Marketplace,168.99
ZAM-2025-000522,2025-04-09,Elektronika,Sklep internetowy,452.31
ZAM-2025-009003,2025-08-20,Uroda,Facebook Ads,134.53
ZAM-2025-013997,2025-12-16,Zabawki i prezenty,Facebook Ads,91.79
ZAM-2025-000700,2025-05-08,Elektronika,Google Ads,649.83
ZAM-2025-014062,2025-12-01,Zabawki i prezenty,Facebook Ads,62.01
ZAM-2025-007337,2025-12-22,Dom i ogród,Facebook Ads,295.93
ZAM-2025-001214,2025-08-16,Elektronika,Facebook Ads,375.53
ZAM-2025-010848,2025-04-02,Sport,Facebook Ads,101.43
ZAM-2025-002837,2025-03-17,Odzież,Google Ads,166.75
ZAM-2025-005337,2025-02-23,Dom i ogród,Facebook Ads,215.88
ZAM-2025-005113,2025-12-26,Odzież,Sklep internetowy,195.37
ZAM-2025-009398,2025-10-16,Uroda,Facebook Ads,102.67
ZAM-2025-007604,2025-02-05,Uroda,Sklep internetowy,31.66
ZAM-2025-004848,2025-11-18,Odzież,Google Ads,101.16
ZAM-2025-003049,2025-04-30,Odzież,Marketplace,175.82
ZAM-2025-011294,2025-06-09,Sport,Google Ads,175.15
ZAM-2025-006166,2025-06-02,Dom i ogród,Facebook Ads,226.19
ZAM-2025-011187,2025-06-20,Sport,Sklep internetowy,165.69
ZAM-2025-008412,2025-05-10,Uroda,Sklep internetowy,92.83
ZAM-2025-003521,2025-06-07,Odzież,Sklep internetowy,90.27
ZAM-2025-000970,2025-07-23,Elektronika,Sklep internetowy,367.48
ZAM-2025-003754,2025-07-23,Odzież,Sklep internetowy,234.36
ZAM-2025-012652,2025-04-22,Zabawki i prezenty,Marketplace,72.28
ZAM-2025-006823,2025-09-27,Dom i ogród,Sklep internetowy,148.32
ZAM-2025-005573,2025-03-14,Dom i ogród,Sklep internetowy,188.09
ZAM-2025-008008,2025-03-06,Uroda,Google Ads,123.84
ZAM-2025-011418,2025-07-04,Sport,Sklep internetowy,106.42
ZAM-2025-000071,2025-01-07,Elektronika,Sklep internetowy,238.39
ZAM-2025-005969,2025-05-17,Dom i ogród,Google Ads,91.19
ZAM-2025-008074,2025-03-27,Uroda,Google Ads,41.43
ZAM-2025-006975,2025-10-14,Dom i ogród,Marketplace,221.96
ZAM-2025-006531,2025-07-30,Dom i ogród,Marketplace,269.76
ZAM-2025-007801,2025-02-22,Uroda,Sklep internetowy,93.96
ZAM-2025-011140,2025-05-09,Sport,Sklep internetowy,206.15
ZAM-2025-010332,2025-01-06,Sport,Google Ads,219.28
ZAM-2025-000243,2025-02-07,Elektronika,Marketplace,572.1
ZAM-2025-011791,2025-08-21,Sport,Facebook Ads,78.56
ZAM-2025-011861,2025-09-05,Sport,Sklep internetowy,99.32
ZAM-2025-001446,2025-10-05,Elektronika,Sklep internetowy,158.22
ZAM-2025-001540,2025-10-01,Elektronika,Marketplace,344.48
ZAM-2025-006038,2025-05-30,Dom i ogród,Google Ads,226.69
ZAM-2025-013296,2025-11-18,Zabawki i prezenty,Sklep internetowy,109.82
ZAM-2025-009335,2025-09-08,Uroda,Facebook Ads,98.65
ZAM-2025-001885,2025-11-01,Elektronika,Sklep internetowy,276.6
ZAM-2025-009563,2025-10-27,Uroda,Sklep internetowy,67.55
ZAM-2025-007513,2025-01-21,Uroda,Sklep internetowy,112.19
ZAM-2025-002616,2025-02-15,Odzież,Sklep internetowy,184.62
ZAM-2025-006941,2025-09-20,Dom i ogród,Marketplace,37.76
ZAM-2025-002350,2025-01-03,Odzież,Sklep internetowy,246.9
ZAM-2025-010913,2025-04-24,Sport,Sklep internetowy,213.1
ZAM-2025-006372,2025-07-19,Dom i ogród,Sklep internetowy,241.1
ZAM-2025-004865,2025-12-06,Odzież,Google Ads,162.26
ZAM-2025-002613,2025-02-24,Odzież,Marketplace,175.17
ZAM-2025-008521,2025-05-25,Uroda,Google Ads,83.9
ZAM-2025-008080,2025-03-22,Uroda,Google Ads,69.2
ZAM-2025-007322,2025-12-22,Dom i ogród,Google Ads,300.21
ZAM-2025-002257,2025-01-08,Odzież,Marketplace,111.99
ZAM-2025-010214,2025-01-10,Sport,Sklep internetowy,157.36
ZAM-2025-011828,2025-09-30,Sport,Facebook Ads,214.01
ZAM-2025-001441,2025-10-07,Elektronika,Marketplace,350.29
ZAM-2025-013940,2025-12-29,Zabawki i prezenty,Sklep internetowy,56.72
ZAM-2025-007467,2025-01-27,Uroda,Marketplace,109.01
ZAM-2025-002334,2025-01-19,Odzież,Facebook Ads,158.06
ZAM-2025-003475,2025-05-22,Odzież,Google Ads,134.58
ZAM-2025-000270,2025-02-18,Elektronika,Sklep internetowy,284.16
ZAM-2025-011120,2025-05-17,Sport,Google Ads,128.48
ZAM-2025-008939,2025-07-12,Uroda,Sklep internetowy,141.89
ZAM-2025-001487,2025-10-24,Elektronika,Sklep internetowy,298.67
ZAM-2025-000592,2025-04-14,Elektronika,Google Ads,129.0
ZAM-2025-006756,2025-08-14,Dom i ogród,Sklep internetowy,288.76
ZAM-2025-007945,2025-03-04,Uroda,Sklep internetowy,115.76
ZAM-2025-011561,2025-07-15,Sport,Sklep internetowy,155.69
ZAM-2025-006158,2025-06-17,Dom i ogród,Marketplace,135.92
ZAM-2025-002545,2025-02-26,Odzież,Sklep internetowy,98.51
ZAM-2025-010897,2025-04-29,Sport,Sklep internetowy,208.29
ZAM-2025-001428,2025-10-19,Elektronika,Sklep internetowy,336.23
ZAM-2025-005127,2025-12-07,Odzież,Marketplace,160.69
ZAM-2025-004790,2025-11-29,Odzież,Sklep internetowy,30.01
ZAM-2025-004225,2025-09-13,Odzież,Facebook Ads,183.47
ZAM-2025-000397,2025-03-07,Elektronika,Sklep internetowy,594.35
ZAM-2025-001738,2025-11-27,Elektronika,Facebook Ads,470.95
ZAM-2025-003120,2025-04-25,Odzież,Sklep internetowy,183.15
ZAM-2025-000838,2025-06-14,Elektronika,Google Ads,53.55
ZAM-2025-012605,2025-03-21,Zabawki i prezenty,Sklep internetowy,138.85
ZAM-2025-009073,2025-08-31,Uroda,Sklep internetowy,121.2
ZAM-2025-006761,2025-08-22,Dom i ogród,Facebook Ads,235.9
ZAM-2025-000129,2025-01-20,Elektronika,Sklep internetowy,271.02
ZAM-2025-011004,2025-05-12,Sport,Sklep internetowy,166.01
ZAM-2025-011700,2025-08-03,Sport,Facebook Ads,217.31
ZAM-2025-009549,2025-10-03,Uroda,Sklep internetowy,94.54
ZAM-2025-008469,2025-05-09,Uroda,Google Ads,74.32
ZAM-2025-012335,2025-12-08,Sport,Marketplace,112.57
ZAM-2025-009034,2025-08-27,Uroda,Marketplace,71.37
ZAM-2025-013290,2025-11-11,Zabawki i prezenty,Marketplace,72.8
ZAM-2025-011789,2025-08-04,Sport,Sklep internetowy,111.54
ZAM-2025-000779,2025-06-11,Elektronika,Facebook Ads,144.39
ZAM-2025-007066,2025-10-02,Dom i ogród,Sklep internetowy,220.33
ZAM-2025-003336,2025-05-13,Odzież,Sklep internetowy,33.73
ZAM-2025-002220,2025-12-29,Elektronika,Sklep internetowy,329.32
ZAM-2025-009291,2025-09-02,Uroda,Marketplace,105.91
ZAM-2025-004285,2025-09-06,Odzież,Sklep internetowy,97.69
ZAM-2025-007665,2025-02-23,Uroda,Sklep internetowy,97.3
ZAM-2025-011200,2025-06-18,Sport,Marketplace,175.69
ZAM-2025-006467,2025-07-04,Dom i ogród,Facebook Ads,222.61
ZAM-2025-004825,2025-11-18,Odzież,Sklep internetowy,180.01
ZAM-2025-013046,2025-09-21,Zabawki i prezenty,Sklep internetowy,110.96
ZAM-2025-004204,2025-09-18,Odzież,Sklep internetowy,153.31
ZAM-2025-006403,2025-07-14,Dom i ogród,Sklep internetowy,252.34
ZAM-2025-000860,2025-06-02,Elektronika,Facebook Ads,766.0
ZAM-2025-005599,2025-04-19,Dom i ogród,Sklep internetowy,123.86
ZAM-2025-012253,2025-12-12,Sport,Facebook Ads,144.88
ZAM-2025-004088,2025-09-22,Odzież,Facebook Ads,150.27
ZAM-2025-011860,2025-09-25,Sport,Marketplace,269.09
ZAM-2025-000825,2025-06-18,Elektronika,Google Ads,226.9
ZAM-2025-011567,2025-07-18,Sport,Facebook Ads,74.02
ZAM-2025-011924,2025-09-23,Sport,Sklep internetowy,211.59
ZAM-2025-011563,2025-07-01,Sport,Sklep internetowy,131.27
ZAM-2025-012074,2025-10-24,Sport,Sklep internetowy,280.2
ZAM-2025-013458,2025-11-14,Zabawki i prezenty,Facebook Ads,78.96
ZAM-2025-002308,2025-01-27,Odzież,Sklep internetowy,19
ZAM-2025-001064,2025-07-08,Elektronika,Marketplace,530.1
ZAM-2025-009963,2025-12-11,Uroda,Google Ads,107.93
ZAM-2025-004436,2025-10-23,Odzież,Sklep internetowy,158.67
ZAM-2025-003482,2025-06-10,Odzież,Marketplace,156.15
ZAM-2025-012177,2025-11-23,Sport,Google Ads,199.37
ZAM-2025-003173,2025-04-22,Odzież,Sklep internetowy,209.51
ZAM-2025-006955,2025-09-06,Dom i ogród,Marketplace,198.78
ZAM-2025-001390,2025-09-10,Elektronika,Sklep internetowy,477.59
ZAM-2025-005179,2025-01-26,Dom i ogród,Facebook Ads,79.76
ZAM-2025-004229,2025-09-26,Odzież,Google Ads,192.57
ZAM-2025-004095,2025-09-24,Odzież,Sklep internetowy,148.33
ZAM-2025-003587,2025-06-13,Odzież,Facebook Ads,74.98
ZAM-2025-008711,2025-06-03,Uroda,Facebook Ads,93.6
ZAM-2025-001551,2025-10-03,Elektronika,Facebook Ads,446.53
ZAM-2025-005324,2025-02-03,Dom i ogród,Facebook Ads,153.18
ZAM-2025-004043,2025-09-27,Odzież,Sklep internetowy,155.05
ZAM-2025-012534,2025-02-15,Zabawki i prezenty,Google Ads,97.92
ZAM-2025-004090,2025-09-07,Odzież,Sklep internetowy,128.39
ZAM-2025-002034,2025-12-07,Elektronika,Marketplace,524.33
ZAM-2025-001642,2025-11-21,Elektronika,Sklep internetowy,457.82
ZAM-2025-000925,2025-06-04,Elektronika,Google Ads,411.31
ZAM-2025-011996,2025-10-27,Sport,Marketplace,232.89
ZAM-2025-010958,2025-05-24,Sport,Sklep internetowy,156.83
ZAM-2025-001358,2025-09-08,Elektronika,Sklep internetowy,267.37
ZAM-2025-002640,2025-03-24,Odzież,Google Ads,69.51
ZAM-2025-006512,2025-07-13,Dom i ogród,Marketplace,244.69
ZAM-2025-008617,2025-06-02,Uroda,Sklep internetowy,137.17
ZAM-2025-012768,2025-05-10,Zabawki i prezenty,Sklep internetowy,79.88
ZAM-2025-008300,2025-04-29,Uroda,Google Ads,84.74
ZAM-2025-008039,2025-03-20,Uroda,Marketplace,117.88
ZAM-2025-011408,2025-07-03,Sport,Google Ads,86.45
ZAM-2025-009340,2025-09-08,Uroda,Marketplace,112.48
ZAM-2025-004514,2025-10-30,Odzież,Google Ads,188.49
ZAM-2025-008880,2025-07-28,Uroda,Sklep internetowy,94.64
ZAM-2025-001772,2025-11-07,Elektronika,Facebook Ads,142.19
ZAM-2025-012896,2025-07-12,Zabawki i prezenty,Google Ads,91.36
ZAM-2025-013757,2025-12-27,Zabawki i prezenty,Sklep internetowy,153.68
ZAM-2025-011107,2025-05-31,Sport,Sklep internetowy,130.04
ZAM-2025-001831,2025-11-21,Elektronika,Google Ads,136.64
ZAM-2025-008286,2025-04-17,Uroda,Sklep internetowy,101.35
ZAM-2025-004757,2025-11-30,Odzież,Sklep internetowy,84.25
ZAM-2025-009616,2025-11-08,Uroda,Google Ads,125.95
ZAM-2025-001132,2025-08-28,Elektronika,Marketplace,572.66
ZAM-2025-004477,2025-10-12,Odzież,Google Ads,179.17
ZAM-2025-006271,2025-06-22,Dom i ogród,Google Ads,302.14
ZAM-2025-013838,2025-12-25,Zabawki i prezenty,Facebook Ads,64.0
ZAM-2025-013791,2025-12-26,Zabawki i prezenty,Facebook Ads,120.64
ZAM-2025-006138,2025-06-13,Dom i ogród,Sklep internetowy,198.95
ZAM-2025-004505,2025-10-25,Odzież,Facebook Ads,120.07
ZAM-2025-002711,2025-03-23,Odzież,Marketplace,194.73
ZAM-2025-000769,2025-06-28,Elektronika,Sklep internetowy,459.32
ZAM-2025-004480,2025-10-04,Odzież,Google Ads,84.56
ZAM-2025-004503,2025-10-02,Odzież,Facebook Ads,116.24
ZAM-2025-008926,2025-07-26,Uroda,Google Ads,66.82
ZAM-2025-001891,2025-11-10,Elektronika,Sklep internetowy,387.22
ZAM-2025-005802,2025-04-19,Dom i ogród,Marketplace,156.99
ZAM-2025-012912,2025-07-29,Zabawki i prezenty,Sklep internetowy,70.6
ZAM-2025-011163,2025-06-02,Sport,Sklep internetowy,117.85
ZAM-2025-000653,2025-05-19,Elektronika,Marketplace,318.04
ZAM-2025-008082,2025-03-10,Uroda,Marketplace,63.41
ZAM-2025-009125,2025-08-08,Uroda,Facebook Ads,112.66
ZAM-2025-012870,2025-07-06,Zabawki i prezenty,Facebook Ads,84.23
ZAM-2025-003037,2025-04-25,Odzież,Sklep internetowy,118.03
ZAM-2025-012737,2025-05-15,Zabawki i prezenty,Sklep internetowy,89.77
ZAM-2025-009929,2025-12-08,Uroda,Sklep internetowy,106.06
ZAM-2025-012865,2025-06-15,Zabawki i prezenty,Marketplace,42.67
ZAM-2025-009761,2025-11-21,Uroda,Facebook Ads,93.31
ZAM-2025-000091,2025-01-26,Elektronika,Marketplace,596.48
ZAM-2025-005489,2025-03-03,Dom i ogród,Sklep internetowy,179.2
ZAM-2025-002217,2025-12-03,Elektronika,Sklep internetowy,468.39
ZAM-2025-005509,2025-03-28,Dom i ogród,Facebook Ads,128.72
ZAM-2025-013599,2025-11-26,Zabawki i prezenty,Sklep internetowy,52.49
ZAM-2025-003911,2025-08-10,Odzież,Marketplace,140.84
ZAM-2025-002819,2025-03-01,Odzież,Sklep internetowy,111.8
ZAM-2025-013580,2025-11-29,Zabawki i prezenty,Google Ads,78.18
ZAM-2025-010637,2025-03-26,Sport,Sklep internetowy,86.17
ZAM-2025-008610,2025-06-08,Uroda,Marketplace,100.77
ZAM-2025-009400,2025-10-31,Uroda,Sklep internetowy,84.38
ZAM-2025-002401,2025-01-25,Odzież,Facebook Ads,189.46
ZAM-2025-010261,2025-01-25,Sport,Sklep internetowy,100.96
ZAM-2025-005109,2025-12-29,Odzież,Sklep internetowy,149.67
ZAM-2025-008470,2025-05-21,Uroda,Marketplace,101.6
ZAM-2025-004012,2025-08-01,Odzież,Marketplace,122.07
ZAM-2025-009100,2025-08-12,Uroda,Sklep internetowy,86.11
ZAM-2025-002903,2025-04-09,Odzież,Facebook Ads,111.63
ZAM-2025-004018,2025-08-02,Odzież,Marketplace,101.7
ZAM-2025-005708,2025-04-21,Dom i ogród,Sklep internetowy,277.62
ZAM-2025-009532,2025-10-07,Uroda,Marketplace,131.63
ZAM-2025-010037,2025-12-08,Uroda,Google Ads,108.94
ZAM-2025-002232,2025-12-24,Elektronika,Marketplace,484.1
ZAM-2025-002798,2025-03-03,Odzież,Sklep internetowy,176.65
ZAM-2025-005557,2025-03-08,Dom i ogród,Marketplace,116.31
ZAM-2025-006605,2025-08-12,Dom i ogród,Sklep internetowy,163.52
ZAM-2025-001154,2025-08-10,Elektronika,Facebook Ads,656.55
ZAM-2025-006140,2025-06-16,Dom i ogród,Sklep internetowy,122.75
ZAM-2025-012697,2025-04-15,Zabawki i prezenty,Sklep internetowy,65.48
ZAM-2025-004670,2025-11-08,Odzież,Marketplace,191.32
ZAM-2025-000118,2025-01-22,Elektronika,Sklep internetowy,429.65
ZAM-2025-009984,2025-12-04,Uroda,Sklep internetowy,90.95
ZAM-2025-014042,2025-12-07,Zabawki i prezenty,Marketplace,85.19
ZAM-2025-000579,2025-04-18,Elektronika,Marketplace,537.88
ZAM-2025-009718,2025-11-04,Uroda,Marketplace,112.21
ZAM-2025-011399,2025-07-03,Sport,Facebook Ads,227.44
ZAM-2025-008530,2025-05-18,Uroda,Marketplace,97.3
ZAM-2025-000992,2025-07-02,Elektronika,Google Ads,545.19
ZAM-2025-002682,2025-03-23,Odzież,Sklep internetowy,159.16
ZAM-2025-002370,2025-01-29,Odzież,Marketplace,128.31
ZAM-2025-003815,2025-07-16,Odzież,Google Ads,47.45
ZAM-2025-007282,2025-12-16,Dom i ogród,Marketplace,188.44
ZAM-2025-005962,2025-05-09,Dom i ogród,Facebook Ads,227.59
ZAM-2025-004250,2025-09-10,Odzież,Sklep internetowy,88.33
ZAM-2025-007983,2025-03-25,Uroda,Sklep internetowy,44.83
ZAM-2025-012608,2025-03-09,Zabawki i prezenty,Facebook Ads,79.69
ZAM-2025-000610,2025-05-19,Elektronika,Sklep internetowy,494.68
ZAM-2025-002127,2025-12-12,Elektronika,Marketplace,536.16
ZAM-2025-004882,2025-12-31,Odzież,Facebook Ads,189.16
ZAM-2025-006263,2025-06-29,Dom i ogród,Sklep internetowy,144.75
ZAM-2025-006978,2025-10-10,Dom i ogród,Sklep internetowy,207.15
ZAM-2025-010321,2025-01-24,Sport,Sklep internetowy,112.03
ZAM-2025-012670,2025-04-07,Zabawki i prezenty,Facebook Ads,71.96
ZAM-2025-007649,2025-02-28,Uroda,Sklep internetowy,120.73
ZAM-2025-007589,2025-01-19,Uroda,Marketplace,128.64
ZAM-2025-005349,2025-02-25,Dom i ogród,Sklep internetowy,238.7
ZAM-2025-009031,2025-08-15,Uroda,Sklep internetowy,75.84
ZAM-2025-004724,2025-11-14,Odzież,Google Ads,133.06
ZAM-2025-005789,2025-04-26,Dom i ogród,Sklep internetowy,265.71
ZAM-2025-001211,2025-08-22,Elektronika,Marketplace,440.55
ZAM-2025-000490,2025-04-10,Elektronika,Facebook Ads,538.29
ZAM-2025-000951,2025-07-09,Elektronika,Sklep internetowy,380.1
ZAM-2025-009295,2025-09-03,Uroda,Sklep internetowy,64.4
ZAM-2025-007430,2025-01-07,Uroda,Google Ads,93.61
ZAM-2025-002909,2025-04-12,Odzież,Sklep internetowy,97.3
ZAM-2025-011325,2025-06-25,Sport,Google Ads,114.8
ZAM-2025-009161,2025-09-26,Uroda,Google Ads,90.12
ZAM-2025-004320,2025-09-17,Odzież,Sklep internetowy,134.86
ZAM-2025-011462,2025-07-29,Sport,Facebook Ads,245.53
ZAM-2025-005293,2025-02-03,Dom i ogród,Marketplace,368.34
ZAM-2025-002811,2025-03-04,Odzież,Google Ads,254.16
ZAM-2025-008077,2025-03-07,Uroda,Marketplace,83.7
ZAM-2025-000790,2025-06-29,Elektronika,Sklep internetowy,393.48
ZAM-2025-009439,2025-10-27,Uroda,Sklep internetowy,66.88
ZAM-2025-011281,2025-06-03,Sport,Sklep internetowy,249.96
ZAM-2025-005380,2025-02-22,Dom i ogród,Sklep internetowy,237.32
ZAM-2025-013887,2025-12-25,Zabawki i prezenty,Marketplace,76.4
ZAM-2025-013754,2025-12-07,Zabawki i prezenty,Google Ads,68.67
ZAM-2025-001811,2025-11-19,Elektronika,Google Ads,556.78
ZAM-2025-003383,2025-05-14,Odzież,Facebook Ads,131.67
ZAM-2025-002021,2025-12-20,Elektronika,Sklep internetowy,470.06
ZAM-2025-001727,2025-11-08,Elektronika,Marketplace,176.18
ZAM-2025-006782,2025-09-28,Dom i ogród,Sklep internetowy,160.62
ZAM-2025-012132,2025-11-17,Sport,Facebook Ads,141.7
ZAM-2025-001393,2025-09-30,Elektronika,Facebook Ads,280.0
ZAM-2025-011644,2025-08-21,Sport,Sklep internetowy,78.63
ZAM-2025-013778,2025-12-27,Zabawki i prezenty,Sklep internetowy,77.33
ZAM-2025-009771,2025-11-21,Uroda,Google Ads,146.69
ZAM-2025-007441,2025-01-09,Uroda,Facebook Ads,131.65
ZAM-2025-011882,2025-09-13,Sport,Sklep internetowy,182.5
ZAM-2025-013351,2025-11-14,Zabawki i prezenty,Sklep internetowy,70.93
ZAM-2025-005829,2025-05-05,Dom i ogród,Facebook Ads,227.99
ZAM-2025-007827,2025-02-09,Uroda,Marketplace,96.84
ZAM-2025-010955,2025-05-29,Sport,Google Ads,182.84
ZAM-2025-008972,2025-08-02,Uroda,Marketplace,53.65
ZAM-2025-005307,2025-02-10,Dom i ogród,Google Ads,326.88
ZAM-2025-012408,2025-01-03,Zabawki i prezenty,Facebook Ads,49.08
ZAM-2025-006529,2025-07-24,Dom i ogród,Sklep internetowy,205.58
ZAM-2025-011635,2025-08-24,Sport,Sklep internetowy,179.39
ZAM-2025-005397,2025-02-24,Dom i ogród,Facebook Ads,244.34
ZAM-2025-005606,2025-04-03,Dom i ogród,Facebook Ads,69.21
ZAM-2025-004758,2025-11-06,Odzież,Sklep internetowy,144.3
ZAM-2025-009557,2025-10-11,Uroda,Sklep internetowy,118.81
ZAM-2025-008403,2025-05-18,Uroda,Google Ads,67.98
ZAM-2025-011246,2025-06-26,Sport,Sklep internetowy,218.44
ZAM-2025-012420,2025-01-19,Zabawki i prezenty,Google Ads,26.8
ZAM-2025-006515,2025-07-12,Dom i ogród,Facebook Ads,216.63
ZAM-2025-008705,2025-06-30,Uroda,Facebook Ads,111.16
ZAM-2025-014058,2025-12-25,Zabawki i prezenty,Marketplace,83.5
ZAM-2025-004925,2025-12-21,Odzież,Sklep internetowy,191.53
ZAM-2025-006663,2025-08-17,Dom i ogród,Facebook Ads,222.83
ZAM-2025-001961,2025-12-09,Elektronika,Google Ads,471.67
ZAM-2025-012746,2025-05-19,Zabawki i prezenty,Marketplace,70.22
ZAM-2025-001422,2025-09-05,Elektronika,Sklep internetowy,179.69
ZAM-2025-010792,2025-04-16,Sport,Marketplace,186.82
ZAM-2025-000083,2025-01-14,Elektronika,Facebook Ads,413.27
ZAM-2025-003196,2025-04-08,Odzież,Facebook Ads,231.07
ZAM-2025-008573,2025-06-30,Uroda,Marketplace,98.14
ZAM-2025-009022,2025-08-27,Uroda,Sklep internetowy,54.61
ZAM-2025-000351,2025-03-18,Elektronika,Facebook Ads,486.02
ZAM-2025-013915,2025-12-20,Zabawki i prezenty,Facebook Ads,122.59
ZAM-2025-013550,2025-11-08,Zabawki i prezenty,Facebook Ads,60.94
ZAM-2025-004587,2025-10-30,Odzież,Facebook Ads,74.47
ZAM-2025-010319,2025-01-20,Sport,Google Ads,232.51
ZAM-2025-009088,2025-08-19,Uroda,Google Ads,152.69
ZAM-2025-007600,2025-02-02,Uroda,Marketplace,97.28
ZAM-2025-000245,2025-02-07,Elektronika,Sklep internetowy,281.2
ZAM-2025-000276,2025-02-13,Elektronika,Sklep internetowy,151.92
ZAM-2025-007312,2025-12-13,Dom i ogród,Facebook Ads,156.96
ZAM-2025-011785,2025-08-04,Sport,Marketplace,158.24
ZAM-2025-012362,2025-12-13,Sport,Sklep internetowy,96.39
ZAM-2025-002475,2025-02-09,Odzież,Facebook Ads,146.71
ZAM-2025-006936,2025-09-11,Dom i ogród,Marketplace,320.29
ZAM-2025-013979,2025-12-31,Zabawki i prezenty,Marketplace,90.46
ZAM-2025-010676,2025-03-03,Sport,Google Ads,130.92
ZAM-2025-005266,2025-01-11,Dom i ogród,Marketplace,304.4
ZAM-2025-011356,2025-06-06,Sport,Sklep internetowy,169.78
ZAM-2025-007821,2025-02-20,Uroda,Marketplace,96.45
ZAM-2025-010338,2025-01-05,Sport,Marketplace,197.13
ZAM-2025-011331,2025-06-22,Sport,Facebook Ads,256.74
ZAM-2025-012442,2025-01-14,Zabawki i prezenty,Google Ads,40.61
ZAM-2025-010126,2025-01-08,Sport,Marketplace,121.91
ZAM-2025-001821,2025-11-12,Elektronika,Marketplace,597.0
ZAM-2025-004526,2025-10-16,Odzież,Sklep internetowy,146.35
ZAM-2025-001853,2025-11-18,Elektronika,Sklep internetowy,246.55
ZAM-2025-012770,2025-05-29,Zabawki i prezenty,Facebook Ads,93.84
ZAM-2025-000063,2025-01-18,Elektronika,Sklep internetowy,599.73
ZAM-2025-000334,2025-03-21,Elektronika,Marketplace,374.93
ZAM-2025-011854,2025-09-21,Sport,Google Ads,219.46
ZAM-2025-011582,2025-07-10,Sport,Facebook Ads,224.25
ZAM-2025-011673,2025-08-24,Sport,Sklep internetowy,59.13
ZAM-2025-013662,2025-12-30,Zabawki i prezenty,Facebook Ads,83.98
ZAM-2025-012085,2025-10-06,Sport,Google Ads,210.23
ZAM-2025-001057,2025-07-13,Elektronika,Marketplace,429.84
ZAM-2025-003542,2025-06-12,Odzież,Marketplace,158.55
ZAM-2025-008336,2025-05-25,Uroda,Marketplace,99.86
ZAM-2025-007074,2025-10-09,Dom i ogród,Facebook Ads,126.15
ZAM-2025-000416,2025-03-08,Elektronika,Sklep internetowy,488.28
ZAM-2025-004016,2025-08-05,Odzież,Sklep internetowy,221.1
ZAM-2025-004909,2025-12-18,Odzież,Google Ads,146.12
ZAM-2025-013686,2025-12-31,Zabawki i prezenty,Sklep internetowy,82.67
ZAM-2025-002054,2025-12-27,Elektronika,Sklep internetowy,341.75
ZAM-2025-001066,2025-07-09,Elektronika,Sklep internetowy,404.01
ZAM-2025-004209,2025-09-23,Odzież,Marketplace,19
ZAM-2025-002814,2025-03-21,Odzież,Facebook Ads,205.86
ZAM-2025-002784,2025-03-04,Odzież,Marketplace,153.79
ZAM-2025-013497,2025-11-08,Zabawki i prezenty,Sklep internetowy,89.29
ZAM-2025-006037,2025-05-16,Dom i ogród,Marketplace,230.84
ZAM-2025-009700,2025-11-14,Uroda,Facebook Ads,101.42
ZAM-2025-009136,2025-08-13,Uroda,Marketplace,50.96
ZAM-2025-010878,2025-04-18,Sport,Sklep internetowy,309.1
ZAM-2025-010599,2025-03-25,Sport,Sklep internetowy,152.17
ZAM-2025-000295,2025-03-25,Elektronika,Facebook Ads,417.75
ZAM-2025-012424,2025-01-18,Zabawki i prezenty,Marketplace,90.48
ZAM-2025-011917,2025-09-29,Sport,Marketplace,118.26
ZAM-2025-013704,2025-12-02,Zabawki i prezenty,Marketplace,46.58
ZAM-2025-002472,2025-02-16,Odzież,Sklep internetowy,107.22
ZAM-2025-013238,2025-10-11,Zabawki i prezenty,Google Ads,59.08
ZAM-2025-009470,2025-10-31,Uroda,Sklep internetowy,82.29
ZAM-2025-005497,2025-03-17,Dom i ogród,Sklep internetowy,189.2
ZAM-2025-007894,2025-03-24,Uroda,Sklep internetowy,68.48
ZAM-2025-009691,2025-11-10,Uroda,Sklep internetowy,70.14
ZAM-2025-013195,2025-10-18,Zabawki i prezenty,Marketplace,34.14
ZAM-2025-010412,2025-02-23,Sport,Sklep internetowy,268.05
ZAM-2025-007573,2025-01-09,Uroda,Sklep internetowy,99.85
ZAM-2025-009847,2025-12-15,Uroda,Sklep internetowy,82.94
ZAM-2025-001208,2025-08-27,Elektronika,Google Ads,346.62
ZAM-2025-000462,2025-04-01,Elektronika,Marketplace,412.56
ZAM-2025-005744,2025-04-04,Dom i ogród,Marketplace,116.24
ZAM-2025-003472,2025-05-01,Odzież,Sklep internetowy,169.57
ZAM-2025-001160,2025-08-29,Elektronika,Sklep internetowy,667.91
ZAM-2025-005836,2025-05-31,Dom i ogród,Sklep internetowy,177.71
ZAM-2025-008141,2025-04-23,Uroda,Google Ads,96.27
ZAM-2025-004833,2025-11-01,Odzież,Facebook Ads,174.29
ZAM-2025-001571,2025-10-06,Elektronika,Sklep internetowy,604.56
ZAM-2025-011032,2025-05-17,Sport,Facebook Ads,91.49
ZAM-2025-003498,2025-06-28,Odzież,Marketplace,63.66
ZAM-2025-000348,2025-03-03,Elektronika,Sklep internetowy,459.32
ZAM-2025-002132,2025-12-13,Elektronika,Sklep internetowy,563.67
ZAM-2025-009385,2025-10-17,Uroda,Google Ads,114.7
ZAM-2025-004947,2025-12-05,Odzież,Marketplace,103.92
ZAM-2025-013451,2025-11-09,Zabawki i prezenty,Sklep internetowy,54.08
ZAM-2025-011999,2025-10-24,Sport,Facebook Ads,119.13
ZAM-2025-013411,2025-11-20,Zabawki i prezenty,Sklep internetowy,59.92
ZAM-2025-002886,2025-04-11,Odzież,Facebook Ads,168.7
ZAM-2025-004013,2025-08-20,Odzież,Sklep internetowy,56.32
ZAM-2025-011590,2025-07-07,Sport,Marketplace,165.45
ZAM-2025-007400,2025-01-14,Uroda,Google Ads,82.09
ZAM-2025-000783,2025-06-17,Elektronika,Sklep internetowy,518.8
ZAM-2025-009406,2025-10-11,Uroda,Sklep internetowy,102.67
ZAM-2025-010511,2025-02-04,Sport,Marketplace,184.57
ZAM-2025-012010,2025-10-01,Sport,Facebook Ads,132.24
ZAM-2025-009998,2025-12-04,Uroda,Marketplace,88.19
ZAM-2025-008448,2025-05-15,Uroda,Sklep internetowy,97.23
ZAM-2025-002758,2025-03-05,Odzież,Google Ads,166.69
ZAM-2025-000966,2025-07-04,Elektronika,Sklep internetowy,603.47
ZAM-2025-011024,2025-05-23,Sport,Google Ads,146.34
ZAM-2025-010096,2025-01-25,Sport,Facebook Ads,64.68
ZAM-2025-010607,2025-03-26,Sport,Marketplace,268.13
ZAM-2025-008633,2025-06-11,Uroda,Marketplace,111.94
ZAM-2025-011865,2025-09-03,Sport,Facebook Ads,148.76
ZAM-2025-013412,2025-11-03,Zabawki i prezenty,Sklep internetowy,121.48
ZAM-2025-001086,2025-08-30,Elektronika,Google Ads,608.46
ZAM-2025-001111,2025-08-20,Elektronika,Sklep internetowy,308.5
ZAM-2025-009356,2025-09-17,Uroda,Marketplace,77.45
ZAM-2025-007299,2025-12-22,Dom i ogród,Google Ads,142.73
ZAM-2025-013756,2025-12-30,Zabawki i prezenty,Facebook Ads,54.36
ZAM-2025-005977,2025-05-03,Dom i ogród,Marketplace,233.55
ZAM-2025-006921,2025-09-23,Dom i ogród,Google Ads,168.53
ZAM-2025-006572,2025-07-11,Dom i ogród,Sklep internetowy,119.93
ZAM-2025-004053,2025-09-01,Odzież,Google Ads,156.89
ZAM-2025-009942,2025-12-10,Uroda,Sklep internetowy,72.26
ZAM-2025-003801,2025-07-14,Odzież,Facebook Ads,147.12
ZAM-2025-009829,2025-12-18,Uroda,Google Ads,55.13
ZAM-2025-007572,2025-01-05,Uroda,Google Ads,93.19
ZAM-2025-009278,2025-09-28,Uroda,Sklep internetowy,56.18
ZAM-2025-006800,2025-09-03,Dom i ogród,Google Ads,153.89
ZAM-2025-004752,2025-11-07,Odzież,Sklep internetowy,131.36
ZAM-2025-009668,2025-11-01,Uroda,Google Ads,97.07
ZAM-2025-011614,2025-08-19,Sport,Sklep internetowy,223.02
ZAM-2025-014134,2025-12-08,Zabawki i prezenty,Marketplace,76.91
ZAM-2025-014068,2025-12-21,Zabawki i prezenty,Sklep internetowy,23.1
ZAM-2025-005784,2025-04-13,Dom i ogród,Marketplace,254.46
ZAM-2025-000920,2025-06-09,Elektronika,Sklep internetowy,177.03
ZAM-2025-013486,2025-11-04,Zabawki i prezenty,Google Ads,67.09
ZAM-2025-002993,2025-04-27,Odzież,Sklep internetowy,90.71
ZAM-2025-000213,2025-02-06,Elektronika,Marketplace,556.78
ZAM-2025-010733,2025-03-24,Sport,Marketplace,125.57
ZAM-2025-004849,2025-11-15,Odzież,Facebook Ads,132.29
ZAM-2025-009543,2025-10-12,Uroda,Marketplace,76.43
ZAM-2025-001434,2025-10-21,Elektronika,Facebook Ads,584.84
ZAM-2025-005323,2025-02-14,Dom i ogród,Sklep internetowy,170.01
ZAM-2025-004420,2025-10-27,Odzież,Sklep internetowy,141.69
ZAM-2025-013042,2025-09-19,Zabawki i prezenty,Sklep internetowy,64.36
ZAM-2025-012987,2025-08-23,Zabawki i prezenty,Google Ads,67.31
ZAM-2025-010474,2025-02-08,Sport,Facebook Ads,166.72
ZAM-2025-010334,2025-01-08,Sport,Sklep internetowy,237.46
ZAM-2025-006681,2025-08-09,Dom i ogród,Sklep internetowy,252.85
ZAM-2025-008371,2025-05-27,Uroda,Sklep internetowy,60.01
ZAM-2025-008432,2025-05-15,Uroda,Facebook Ads,124.44
ZAM-2025-007081,2025-10-08,Dom i ogród,Google Ads,40.32
ZAM-2025-013947,2025-12-15,Zabawki i prezenty,Facebook Ads,91.87
ZAM-2025-013393,2025-11-18,Zabawki i prezenty,Facebook Ads,42.86
ZAM-2025-002815,2025-03-23,Odzież,Sklep internetowy,74.99
ZAM-2025-007478,2025-01-23,Uroda,Sklep internetowy,145.75
ZAM-2025-007313,2025-12-18,Dom i ogród,Sklep internetowy,217.28
ZAM-2025-008780,2025-06-10,Uroda,Marketplace,129.42
ZAM-2025-008778,2025-06-22,Uroda,Facebook Ads,57.04
ZAM-2025-005508,2025-03-12,Dom i ogród,Facebook Ads,286.07
ZAM-2025-010879,2025-04-08,Sport,Facebook Ads,310.36
ZAM-2025-006836,2025-09-13,Dom i ogród,Marketplace,170.8
ZAM-2025-010515,2025-02-05,Sport,Sklep internetowy,203.84
ZAM-2025-004530,2025-10-25,Odzież,Marketplace,175.57
ZAM-2025-007593,2025-01-03,Uroda,Marketplace,47.35
ZAM-2025-000720,2025-05-12,Elektronika,Sklep internetowy,479.62
ZAM-2025-008927,2025-07-09,Uroda,Facebook Ads,84.16
ZAM-2025-012927,2025-07-04,Zabawki i prezenty,Facebook Ads,69.87
ZAM-2025-009650,2025-11-13,Uroda,Sklep internetowy,129.04
ZAM-2025-013119,2025-09-05,Zabawki i prezenty,Sklep internetowy,81.36
ZAM-2025-010387,2025-02-28,Sport,Facebook Ads,206.76
ZAM-2025-013014,2025-08-17,Zabawki i prezenty,Facebook Ads,90.12
ZAM-2025-003104,2025-04-30,Odzież,Marketplace,108.55
ZAM-2025-002503,2025-02-05,Odzież,Sklep internetowy,170.67
ZAM-2025-006362,2025-07-07,Dom i ogród,Google Ads,177.42
ZAM-2025-003641,2025-06-08,Odzież,Google Ads,74.76
ZAM-2025-011435,2025-07-28,Sport,Marketplace,196.21
ZAM-2025-006866,2025-09-12,Dom i ogród,Sklep internetowy,151.48
ZAM-2025-010396,2025-02-12,Sport,Sklep internetowy,112.85
ZAM-2025-012142,2025-11-03,Sport,Facebook Ads,239.52
ZAM-2025-012427,2025-01-01,Zabawki i prezenty,Facebook Ads,92.93
ZAM-2025-000535,2025-04-26,Elektronika,Sklep internetowy,185.68
ZAM-2025-000835,2025-06-13,Elektronika,Google Ads,323.17
ZAM-2025-001008,2025-07-22,Elektronika,Marketplace,316.86
ZAM-2025-010697,2025-03-20,Sport,Google Ads,219.51
ZAM-2025-006724,2025-08-02,Dom i ogród,Marketplace,285.25
ZAM-2025-001635,2025-11-06,Elektronika,Facebook Ads,166.75
ZAM-2025-008766,2025-06-26,Uroda,Marketplace,88.57
ZAM-2025-001073,2025-07-26,Elektronika,Google Ads,466.71
ZAM-2025-005297,2025-02-27,Dom i ogród,Facebook Ads,145.67
ZAM-2025-006745,2025-08-29,Dom i ogród,Marketplace,157.18
ZAM-2025-001402,2025-09-21,Elektronika,Google Ads,423.85
ZAM-2025-005506,2025-03-30,Dom i ogród,Marketplace,285.05
ZAM-2025-010284,2025-01-14,Sport,Marketplace,141.86
ZAM-2025-006041,2025-05-03,Dom i ogród,Sklep internetowy,49.5
ZAM-2025-010176,2025-01-25,Sport,Sklep internetowy,19
ZAM-2025-011549,2025-07-25,Sport,Sklep internetowy,236.34
ZAM-2025-012005,2025-10-17,Sport,Marketplace,173.57
ZAM-2025-008267,2025-04-04,Uroda,Facebook Ads,73.23
ZAM-2025-010228,2025-01-08,Sport,Sklep internetowy,129.87
ZAM-2025-002865,2025-03-16,Odzież,Sklep internetowy,99.25
ZAM-2025-013313,2025-11-04,Zabawki i prezenty,Sklep internetowy,75.4
ZAM-2025-012752,2025-05-08,Zabawki i prezenty,Google Ads,110.4
ZAM-2025-005118,2025-12-02,Odzież,Sklep internetowy,119.55
ZAM-2025-001022,2025-07-22,Elektronika,Sklep internetowy,273.86
ZAM-2025-001391,2025-09-22,Elektronika,Google Ads,321.43
ZAM-2025-006387,2025-07-06,Dom i ogród,Sklep internetowy,298.07
ZAM-2025-012467,2025-02-21,Zabawki i prezenty,Marketplace,56.71
ZAM-2025-009132,2025-08-30,Uroda,Marketplace,47.65
ZAM-2025-005913,2025-05-15,Dom i ogród,Google Ads,313.35
ZAM-2025-000862,2025-06-01,Elektronika,Google Ads,253.51
ZAM-2025-006559,2025-07-10,Dom i ogród,Facebook Ads,73.29
ZAM-2025-000944,2025-07-21,Elektronika,Marketplace,147.57
ZAM-2025-010123,2025-01-22,Sport,Google Ads,239.22
ZAM-2025-003071,2025-04-26,Odzież,Sklep internetowy,202.71
ZAM-2025-011479,2025-07-01,Sport,Marketplace,156.68
ZAM-2025-003170,2025-04-17,Odzież,Facebook Ads,130.05
ZAM-2025-009117,2025-08-29,Uroda,Marketplace,41.72
ZAM-2025-006991,2025-10-29,Dom i ogród,Facebook Ads,67.37
ZAM-2025-008298,2025-04-17,Uroda,Marketplace,83.63
ZAM-2025-002223,2025-12-09,Elektronika,Sklep internetowy,719.89
ZAM-2025-010522,2025-02-13,Sport,Sklep internetowy,103.59
ZAM-2025-011431,2025-07-01,Sport,Sklep internetowy,305.26
ZAM-2025-003823,2025-07-10,Odzież,Facebook Ads,87.57
ZAM-2025-008232,2025-04-26,Uroda,Sklep internetowy,123.66
ZAM-2025-013437,2025-11-15,Zabawki i prezenty,Facebook Ads,87.87
ZAM-2025-012134,2025-11-19,Sport,Facebook Ads,136.5
ZAM-2025-010720,2025-03-02,Sport,Sklep internetowy,134.47
ZAM-2025-002607,2025-02-19,Odzież,Marketplace,183.4
ZAM-2025-006027,2025-05-09,Dom i ogród,Google Ads,196.85
ZAM-2025-008110,2025-04-29,Uroda,Marketplace,87.04
ZAM-2025-006228,2025-06-30,Dom i ogród,Sklep internetowy,193.41
ZAM-2025-008601,2025-06-06,Uroda,Facebook Ads,114.7
ZAM-2025-005474,2025-03-11,Dom i ogród,Sklep internetowy,129.98
ZAM-2025-009270,2025-09-24,Uroda,Facebook Ads,114.45
ZAM-2025-005703,2025-04-07,Dom i ogród,Google Ads,322.56
ZAM-2025-001451,2025-10-23,Elektronika,Facebook Ads,138.18
ZAM-2025-012371,2025-12-14,Sport,Sklep internetowy,216.17
ZAM-2025-005835,2025-05-09,Dom i ogród,Facebook Ads,169.83
ZAM-2025-011530,2025-07-12,Sport,Sklep internetowy,262.64
ZAM-2025-008760,2025-06-02,Uroda,Google Ads,86.73
ZAM-2025-013291,2025-11-11,Zabawki i prezenty,Sklep internetowy,67.97
ZAM-2025-003112,2025-04-08,Odzież,Google Ads,70.82
ZAM-2025-003873,2025-08-20,Odzież,Sklep internetowy,112.64
ZAM-2025-004027,2025-08-30,Odzież,Sklep internetowy,119.26
ZAM-2025-001964,2025-12-31,Elektronika,Marketplace,437.68
ZAM-2025-004251,2025-09-17,Odzież,Marketplace,120.64
ZAM-2025-008991,2025-08-10,Uroda,Marketplace,107.5
ZAM-2025-011254,2025-06-09,Sport,Google Ads,222.32
ZAM-2025-001491,2025-10-14,Elektronika,Marketplace,601.14
ZAM-2025-013813,2025-12-22,Zabawki i prezenty,Facebook Ads,67.56
ZAM-2025-001730,2025-11-15,Elektronika,Sklep internetowy,337.05
ZAM-2025-008399,2025-05-30,Uroda,Sklep internetowy,65.6
ZAM-2025-004254,2025-09-09,Odzież,Sklep internetowy,45.29
ZAM-2025-006374,2025-07-14,Dom i ogród,Sklep internetowy,196.74
ZAM-2025-010105,2025-01-22,Sport,Google Ads,84.22
ZAM-2025-002243,2025-01-23,Odzież,Sklep internetowy,62.54
ZAM-2025-011903,2025-09-20,Sport,Sklep internetowy,108.76
ZAM-2025-010294,2025-01-23,Sport,Sklep internetowy,207.89
ZAM-2025-000569,2025-04-14,Elektronika,Google Ads,334.12
ZAM-2025-003739,2025-07-15,Odzież,Google Ads,85.51
ZAM-2025-010186,2025-01-30,Sport,Sklep internetowy,176.06
ZAM-2025-013996,2025-12-15,Zabawki i prezenty,Facebook Ads,52.23
ZAM-2025-010664,2025-03-26,Sport,Marketplace,28.1
ZAM-2025-011662,2025-08-09,Sport,Sklep internetowy,127.98
ZAM-2025-001594,2025-10-15,Elektronika,Google Ads,527.26
ZAM-2025-005591,2025-03-05,Dom i ogród,Facebook Ads,370.43
ZAM-2025-002954,2025-04-25,Odzież,Marketplace,231.4
ZAM-2025-003878,2025-08-15,Odzież,Sklep internetowy,140.48
ZAM-2025-009493,2025-10-05,Uroda,Google Ads,86.32
ZAM-2025-011668,2025-08-14,Sport,Marketplace,207.74
ZAM-2025-002486,2025-02-07,Odzież,Facebook Ads,135.33
ZAM-2025-012511,2025-02-01,Zabawki i prezenty,Google Ads,43.05
ZAM-2025-009220,2025-09-26,Uroda,Sklep internetowy,82.05
ZAM-2025-003235,2025-05-29,Odzież,Sklep internetowy,258.47
ZAM-2025-010005,2025-12-15,Uroda,Marketplace,100.19
ZAM-2025-004560,2025-10-13,Odzież,Facebook Ads,163.58
ZAM-2025-013155,2025-10-01,Zabawki i prezenty,Sklep internetowy,72.16
ZAM-2025-012368,2025-12-21,Sport,Sklep internetowy,126.27
ZAM-2025-008446,2025-05-03,Uroda,Marketplace,96.36
ZAM-2025-009200,2025-09-02,Uroda,Facebook Ads,75.78
ZAM-2025-013157,2025-10-16,Zabawki i prezenty,Sklep internetowy,39.77
ZAM-2025-007402,2025-01-28,Uroda,Marketplace,90.7
ZAM-2025-009556,2025-10-10,Uroda,Google Ads,126.62
ZAM-2025-009970,2025-12-11,Uroda,Marketplace,72.14
ZAM-2025-009008,2025-08-20,Uroda,Sklep internetowy,91.82
ZAM-2025-012113,2025-11-01,Sport,Sklep internetowy,124.63
ZAM-2025-000027,2025-01-27,Elektronika,Facebook Ads,480.32
ZAM-2025-012443,2025-01-19,Zabawki i prezenty,Facebook Ads,83.79
ZAM-2025-000069,2025-01-25,Elektronika,Facebook Ads,545.48
ZAM-2025-005858,2025-05-28,Dom i ogród,Sklep internetowy,365.17
ZAM-2025-011792,2025-08-25,Sport,Marketplace,223.17
ZAM-2025-012837,2025-06-04,Zabawki i prezenty,Sklep internetowy,69.22
ZAM-2025-008067,2025-03-25,Uroda,Sklep internetowy,114.84
ZAM-2025-003143,2025-04-23,Odzież,Google Ads,120.94
ZAM-2025-003640,2025-06-21,Odzież,Facebook Ads,87.67
ZAM-2025-011393,2025-07-12,Sport,Sklep internetowy,150.18
ZAM-2025-007494,2025-01-02,Uroda,Sklep internetowy,130.06
ZAM-2025-004388,2025-10-24,Odzież,Sklep internetowy,131.69
ZAM-2025-001348,2025-09-12,Elektronika,Marketplace,314.84
ZAM-2025-000957,2025-07-23,Elektronika,Sklep internetowy,283.56
ZAM-2025-003504,2025-06-08,Odzież,Facebook Ads,170.29
ZAM-2025-005965,2025-05-18,Dom i ogród,Marketplace,217.03
ZAM-2025-013770,2025-12-09,Zabawki i prezenty,Marketplace,48.16
ZAM-2025-007584,2025-01-11,Uroda,Sklep internetowy,103.3
ZAM-2025-013636,2025-11-23,Zabawki i prezenty,Marketplace,55.69
ZAM-2025-005444,2025-03-31,Dom i ogród,Sklep internetowy,215.77
ZAM-2025-013397,2025-11-29,Zabawki i prezenty,Facebook Ads,113.77
ZAM-2025-003503,2025-06-03,Odzież,Sklep internetowy,86.43
ZAM-2025-009411,2025-10-10,Uroda,Marketplace,76.69
ZAM-2025-011971,2025-10-19,Sport,Sklep internetowy,117.96
ZAM-2025-003621,2025-06-10,Odzież,Sklep internetowy,152.21
ZAM-2025-005853,2025-05-18,Dom i ogród,Google Ads,178.91
ZAM-2025-005428,2025-03-17,Dom i ogród,Sklep internetowy,249.2
ZAM-2025-000739,2025-05-14,Elektronika,Sklep internetowy,530.85
ZAM-2025-012239,2025-12-19,Sport,Google Ads,214.39
ZAM-2025-001347,2025-09-12,Elektronika,Facebook Ads,395.26
ZAM-2025-001526,2025-10-08,Elektronika,Google Ads,339.95
ZAM-2025-001573,2025-10-03,Elektronika,Sklep internetowy,19
ZAM-2025-000430,2025-03-04,Elektronika,Sklep internetowy,335.94
ZAM-2025-004789,2025-11-24,Odzież,Google Ads,104.82
ZAM-2025-011687,2025-08-15,Sport,Google Ads,178.75
ZAM-2025-001851,2025-11-18,Elektronika,Marketplace,343.04
ZAM-2025-010408,2025-02-06,Sport,Google Ads,237.45
ZAM-2025-008625,2025-06-19,Uroda,Marketplace,19.91
ZAM-2025-006145,2025-06-01,Dom i ogród,Sklep internetowy,268.54
ZAM-2025-003225,2025-05-08,Odzież,Marketplace,234.72
ZAM-2025-009520,2025-10-04,Uroda,Sklep internetowy,141.93
ZAM-2025-002159,2025-12-06,Elektronika,Sklep internetowy,476.84
ZAM-2025-002463,2025-02-07,Odzież,Sklep internetowy,89.34
ZAM-2025-008171,2025-04-14,Uroda,Marketplace,100.67
ZAM-2025-010444,2025-02-06,Sport,Facebook Ads,177.57
ZAM-2025-004070,2025-09-12,Odzież,Sklep internetowy,151.81
ZAM-2025-007939,2025-03-08,Uroda,Marketplace,133.74
ZAM-2025-008046,2025-03-31,Uroda,Facebook Ads,54.12
ZAM-2025-005833,2025-05-23,Dom i ogród,Marketplace,245.53
ZAM-2025-002116,2025-12-02,Elektronika,Marketplace,582.05
ZAM-2025-010574,2025-03-31,Sport,Facebook Ads,304.37
ZAM-2025-011577,2025-07-03,Sport,Marketplace,198.87
ZAM-2025-009781,2025-11-21,Uroda,Facebook Ads,83.11
ZAM-2025-001531,2025-10-25,Elektronika,Sklep internetowy,615.76
ZAM-2025-001766,2025-11-14,Elektronika,Facebook Ads,462.02
ZAM-2025-012751,2025-05-07,Zabawki i prezenty,Sklep internetowy,53.77
ZAM-2025-001392,2025-09-26,Elektronika,Facebook Ads,156.08
ZAM-2025-001902,2025-11-06,Elektronika,Sklep internetowy,172.95
ZAM-2025-003708,2025-07-20,Odzież,Marketplace,96.22
ZAM-2025-012834,2025-06-02,Zabawki i prezenty,Google Ads,92.4
ZAM-2025-014167,2025-12-23,Zabawki i prezenty,Sklep internetowy,47.81
ZAM-2025-012237,2025-12-16,Sport,Google Ads,176.62
ZAM-2025-012720,2025-05-08,Zabawki i prezenty,Sklep internetowy,82.25
ZAM-2025-009369,2025-10-13,Uroda,Google Ads,90.09
ZAM-2025-001051,2025-07-31,Elektronika,Google Ads,348.04
ZAM-2025-011099,2025-05-29,Sport,Google Ads,195.9
ZAM-2025-005198,2025-01-10,Dom i ogród,Sklep internetowy,113.07
ZAM-2025-005507,2025-03-01,Dom i ogród,Sklep internetowy,257.67
ZAM-2025-004273,2025-09-19,Odzież,Facebook Ads,170.78
ZAM-2025-009030,2025-08-03,Uroda,Sklep internetowy,83.78
ZAM-2025-004278,2025-09-22,Odzież,Google Ads,164.37
ZAM-2025-008245,2025-04-15,Uroda,Google Ads,37.28
ZAM-2025-003282,2025-05-24,Odzież,Facebook Ads,104.16
ZAM-2025-012079,2025-10-09,Sport,Marketplace,179.12
ZAM-2025-000674,2025-05-12,Elektronika,Facebook Ads,505.39
ZAM-2025-007617,2025-02-17,Uroda,Sklep internetowy,111.25
ZAM-2025-006120,2025-06-22,Dom i ogród,Facebook Ads,204.72
ZAM-2025-012440,2025-01-17,Zabawki i prezenty,Marketplace,50.21
ZAM-2025-000527,2025-04-13,Elektronika,Google Ads,493.16
ZAM-2025-009548,2025-10-26,Uroda,Sklep internetowy,78.29
ZAM-2025-013681,2025-12-04,Zabawki i prezenty,Sklep internetowy,100.03
ZAM-2025-008329,2025-05-04,Uroda,Google Ads,90.62
ZAM-2025-004630,2025-11-27,Odzież,Sklep internetowy,134.41
ZAM-2025-013128,2025-09-23,Zabawki i prezenty,Facebook Ads,62.2
ZAM-2025-003219,2025-05-08,Odzież,Sklep internetowy,81.94
ZAM-2025-010199,2025-01-13,Sport,Google Ads,141.44
ZAM-2025-001585,2025-10-09,Elektronika,Facebook Ads,216.51
ZAM-2025-011574,2025-07-19,Sport,Marketplace,73.85
ZAM-2025-011748,2025-08-30,Sport,Sklep internetowy,208.42
ZAM-2025-005139,2025-12-22,Odzież,Google Ads,101.86
ZAM-2025-006904,2025-09-27,Dom i ogród,Sklep internetowy,194.63
ZAM-2025-004258,2025-09-10,Odzież,Google Ads,151.54
ZAM-2025-011432,2025-07-31,Sport,Sklep internetowy,51.68
ZAM-2025-006211,2025-06-12,Dom i ogród,Facebook Ads,206.64
ZAM-2025-011011,2025-05-23,Sport,Google Ads,120.11
ZAM-2025-002093,2025-12-14,Elektronika,Marketplace,429.22
ZAM-2025-004792,2025-11-09,Odzież,Sklep internetowy,155.02
ZAM-2025-007546,2025-01-08,Uroda,Sklep internetowy,80.29
ZAM-2025-009417,2025-10-27,Uroda,Google Ads,85.62
ZAM-2025-005155,2025-12-27,Odzież,Sklep internetowy,67.66
ZAM-2025-010193,2025-01-30,Sport,Marketplace,138.2
ZAM-2025-004610,2025-10-05,Odzież,Facebook Ads,164.88
ZAM-2025-002313,2025-01-26,Odzież,Marketplace,158.25
ZAM-2025-004261,2025-09-15,Odzież,Marketplace,127.66
ZAM-2025-007351,2025-12-11,Dom i ogród,Google Ads,294.99
ZAM-2025-011833,2025-09-08,Sport,Google Ads,174.46
ZAM-2025-000566,2025-04-16,Elektronika,Sklep internetowy,19
ZAM-2025-008484,2025-05-05,Uroda,Marketplace,78.12
ZAM-2025-013106,2025-09-15,Zabawki i prezenty,Google Ads,27.48
ZAM-2025-007686,2025-02-10,Uroda,Sklep internetowy,31.5
ZAM-2025-010305,2025-01-15,Sport,Sklep internetowy,194.08
ZAM-2025-008748,2025-06-30,Uroda,Facebook Ads,95.2
ZAM-2025-008837,2025-07-25,Uroda,Google Ads,115.54
ZAM-2025-008944,2025-07-05,Uroda,Google Ads,108.04
ZAM-2025-007265,2025-12-15,Dom i ogród,Sklep internetowy,336.21
ZAM-2025-005959,2025-05-22,Dom i ogród,Marketplace,206.56
ZAM-2025-011739,2025-08-16,Sport,Sklep internetowy,252.32
ZAM-2025-006293,2025-06-28,Dom i ogród,Sklep internetowy,243.08
ZAM-2025-004950,2025-12-28,Odzież,Facebook Ads,167.2
ZAM-2025-010674,2025-03-06,Sport,Sklep internetowy,103.41
ZAM-2025-012988,2025-08-05,Zabawki i prezenty,Sklep internetowy,75.41
ZAM-2025-000802,2025-06-03,Elektronika,Facebook Ads,449.45
ZAM-2025-009958,2025-12-18,Uroda,Sklep internetowy,58.36
ZAM-2025-001671,2025-11-25,Elektronika,Marketplace,680.68
ZAM-2025-013015,2025-08-25,Zabawki i prezenty,Sklep internetowy,88.24
ZAM-2025-000657,2025-05-20,Elektronika,Google Ads,479.97
ZAM-2025-001807,2025-11-26,Elektronika,Marketplace,233.44
ZAM-2025-009116,2025-08-19,Uroda,Sklep internetowy,158.46
ZAM-2025-004884,2025-12-06,Odzież,Marketplace,196.26
ZAM-2025-001968,2025-12-07,Elektronika,Google Ads,237.55
ZAM-2025-005855,2025-05-23,Dom i ogród,Sklep internetowy,92.81
ZAM-2025-007822,2025-02-20,Uroda,Sklep internetowy,103.03
ZAM-2025-011520,2025-07-11,Sport,Sklep internetowy,170.39
ZAM-2025-012648,2025-04-09,Zabawki i prezenty,Facebook Ads,73.89
ZAM-2025-013109,2025-09-20,Zabawki i prezenty,Sklep internetowy,64.33
ZAM-2025-012525,2025-02-06,Zabawki i prezenty,Marketplace,19
ZAM-2025-009479,2025-10-29,Uroda,Sklep internetowy,65.11
ZAM-2025-006106,2025-06-19,Dom i ogród,Sklep internetowy,109.4
ZAM-2025-007220,2025-11-03,Dom i ogród,Google Ads,140.02
ZAM-2025-008784,2025-07-24,Uroda,Sklep internetowy,80.01
ZAM-2025-005953,2025-05-13,Dom i ogród,Sklep internetowy,114.7
ZAM-2025-011973,2025-10-23,Sport,Google Ads,230.84
ZAM-2025-003682,2025-07-06,Odzież,Sklep internetowy,191.71
ZAM-2025-007969,2025-03-18,Uroda,Google Ads,128.03
ZAM-2025-004205,2025-09-12,Odzież,Marketplace,185.61
ZAM-2025-013746,2025-12-19,Zabawki i prezenty,Sklep internetowy,95.71
ZAM-2025-002065,2025-12-31,Elektronika,Marketplace,151.94
ZAM-2025-004170,2025-09-19,Odzież,Google Ads,85.35
ZAM-2025-000081,2025-01-04,Elektronika,Facebook Ads,603.91
ZAM-2025-006174,2025-06-18,Dom i ogród,Sklep internetowy,180.01
ZAM-2025-011000,2025-05-28,Sport,Facebook Ads,233.54
ZAM-2025-013318,2025-11-30,Zabawki i prezenty,Sklep internetowy,64.86
ZAM-2025-012494,2025-02-27,Zabawki i prezenty,Sklep internetowy,63.66
ZAM-2025-004949,2025-12-27,Odzież,Sklep internetowy,175.05
ZAM-2025-010506,2025-02-13,Sport,Sklep internetowy,129.97
ZAM-2025-003081,2025-04-18,Odzież,Google Ads,41.22
ZAM-2025-000371,2025-03-13,Elektronika,Facebook Ads,585.52
ZAM-2025-009651,2025-11-15,Uroda,Sklep internetowy,81.79
ZAM-2025-003115,2025-04-19,Odzież,Sklep internetowy,135.72
ZAM-2025-009426,2025-10-28,Uroda,Sklep internetowy,64.37
ZAM-2025-005884,2025-05-18,Dom i ogród,Sklep internetowy,164.95
ZAM-2025-010566,2025-03-24,Sport,Sklep internetowy,182.88
ZAM-2025-013184,2025-10-04,Zabawki i prezenty,Facebook Ads,74.58
ZAM-2025-013719,2025-12-28,Zabawki i prezenty,Google Ads,94.47
ZAM-2025-002189,2025-12-30,Elektronika,Marketplace,295.21
ZAM-2025-000901,2025-06-13,Elektronika,Sklep internetowy,105.75
ZAM-2025-007919,2025-03-13,Uroda,Sklep internetowy,112.64
ZAM-2025-002667,2025-03-06,Odzież,Sklep internetowy,148.23
ZAM-2025-007445,2025-01-11,Uroda,Facebook Ads,105.04
ZAM-2025-000680,2025-05-25,Elektronika,Marketplace,573.42
ZAM-2025-009303,2025-09-24,Uroda,Sklep internetowy,34.87
ZAM-2025-007049,2025-10-17,Dom i ogród,Facebook Ads,308.22
ZAM-2025-013644,2025-11-23,Zabawki i prezenty,Sklep internetowy,73.88
ZAM-2025-004456,2025-10-02,Odzież,Sklep internetowy,120.34
ZAM-2025-007024,2025-10-30,Dom i ogród,Marketplace,317.23
ZAM-2025-011776,2025-08-03,Sport,Facebook Ads,135.55
ZAM-2025-002901,2025-04-14,Odzież,Google Ads,114.59
ZAM-2025-011895,2025-09-01,Sport,Marketplace,178.0
ZAM-2025-001710,2025-11-06,Elektronika,Sklep internetowy,439.03
ZAM-2025-012493,2025-02-23,Zabawki i prezenty,Google Ads,81.93
ZAM-2025-012153,2025-11-22,Sport,Marketplace,208.5
ZAM-2025-013508,2025-11-14,Zabawki i prezenty,Sklep internetowy,73.86
ZAM-2025-003183,2025-04-28,Odzież,Marketplace,103.43
ZAM-2025-008342,2025-05-07,Uroda,Facebook Ads,116.27
ZAM-2025-012539,2025-03-26,Zabawki i prezenty,Google Ads,78.26
ZAM-2025-005716,2025-04-24,Dom i ogród,Sklep internetowy,247.45
ZAM-2025-007087,2025-10-17,Dom i ogród,Sklep internetowy,265.9
ZAM-2025-000514,2025-04-24,Elektronika,Sklep internetowy,95.62
ZAM-2025-004406,2025-10-12,Odzież,Marketplace,131.17
ZAM-2025-001007,2025-07-10,Elektronika,Sklep internetowy,234.14
ZAM-2025-004715,2025-11-13,Odzież,Marketplace,101.53
ZAM-2025-006346,2025-06-29,Dom i ogród,Sklep internetowy,140.52
ZAM-2025-008996,2025-08-01,Uroda,Sklep internetowy,82.19
ZAM-2025-003429,2025-05-27,Odzież,Google Ads,164.62
ZAM-2025-005749,2025-04-01,Dom i ogród,Google Ads,19
ZAM-2025-013985,2025-12-22,Zabawki i prezenty,Sklep internetowy,49.68
ZAM-2025-009498,2025-10-31,Uroda,Sklep internetowy,99.03
ZAM-2025-004676,2025-11-04,Odzież,Sklep internetowy,94.74
ZAM-2025-000750,2025-05-31,Elektronika,Marketplace,481.11
ZAM-2025-006775,2025-08-23,Dom i ogród,Facebook Ads,224.96
ZAM-2025-004760,2025-11-27,Odzież,Facebook Ads,84.65
ZAM-2025-010464,2025-02-19,Sport,Marketplace,275.77
ZAM-2025-012023,2025-10-15,Sport,Marketplace,160.55
ZAM-2025-002777,2025-03-04,Odzież,Sklep internetowy,167.15
ZAM-2025-002913,2025-04-11,Odzież,Marketplace,114.06
ZAM-2025-008523,2025-05-20,Uroda,Google Ads,117.84
ZAM-2025-013571,2025-11-22,Zabawki i prezenty,Marketplace,70.07
ZAM-2025-009076,2025-08-18,Uroda,Sklep internetowy,70.42
ZAM-2025-004463,2025-10-21,Odzież,Sklep internetowy,186.37
ZAM-2025-007396,2025-12-31,Dom i ogród,Facebook Ads,182.39
ZAM-2025-013539,2025-11-07,Zabawki i prezenty,Sklep internetowy,64.31
ZAM-2025-007211,2025-11-25,Dom i ogród,Facebook Ads,131.49
ZAM-2025-002090,2025-12-29,Elektronika,Marketplace,444.92
ZAM-2025-003097,2025-04-09,Odzież,Marketplace,112.35
ZAM-2025-002821,2025-03-29,Odzież,Marketplace,57.56
ZAM-2025-007757,2025-02-11,Uroda,Sklep internetowy,61.27
ZAM-2025-013759,2025-12-06,Zabawki i prezenty,Facebook Ads,84.7
ZAM-2025-001858,2025-11-17,Elektronika,Sklep internetowy,430.68
ZAM-2025-008458,2025-05-29,Uroda,Facebook Ads,85.12
ZAM-2025-010663,2025-03-30,Sport,Sklep internetowy,239.51
ZAM-2025-006217,2025-06-23,Dom i ogród,Sklep internetowy,163.23
ZAM-2025-012314,2025-12-07,Sport,Google Ads,208.76
ZAM-2025-004678,2025-11-01,Odzież,Google Ads,90.56
ZAM-2025-013548,2025-11-10,Zabawki i prezenty,Sklep internetowy,75.18
ZAM-2025-002106,2025-12-04,Elektronika,Sklep internetowy,285.15
ZAM-2025-011771,2025-08-12,Sport,Marketplace,306.92
ZAM-2025-004337,2025-10-24,Odzież,Facebook Ads,158.29
ZAM-2025-002461,2025-02-13,Odzież,Marketplace,112.98
ZAM-2025-009844,2025-12-25,Uroda,Marketplace,83.65
ZAM-2025-006194,2025-06-02,Dom i ogród,Google Ads,208.03
ZAM-2025-009954,2025-12-17,Uroda,Google Ads,63.99
ZAM-2025-007610,2025-02-04,Uroda,Sklep internetowy,81.81
ZAM-2025-003113,2025-04-08,Odzież,Marketplace,162.53
ZAM-2025-004635,2025-11-14,Odzież,Sklep internetowy,189.31
ZAM-2025-002489,2025-02-13,Odzież,Marketplace,217.06
ZAM-2025-011319,2025-06-30,Sport,Sklep internetowy,169.37
ZAM-2025-006035,2025-05-03,Dom i ogród,Facebook Ads,147.58
ZAM-2025-012104,2025-11-10,Sport,Sklep internetowy,217.33
ZAM-2025-002327,2025-01-10,Odzież,Marketplace,138.79
ZAM-2025-010562,2025-03-13,Sport,Google Ads,156.81
ZAM-2025-011780,2025-08-17,Sport,Sklep internetowy,169.93
ZAM-2025-012515,2025-02-10,Zabawki i prezenty,Sklep internetowy,44.49
ZAM-2025-010501,2025-02-27,Sport,Sklep internetowy,115.67
ZAM-2025-004974,2025-12-14,Odzież,Sklep internetowy,137.19
ZAM-2025-002416,2025-01-10,Odzież,Google Ads,94.8
ZAM-2025-001595,2025-10-29,Elektronika,Sklep internetowy,671.94
ZAM-2025-005828,2025-04-25,Dom i ogród,Sklep internetowy,207.25
ZAM-2025-013807,2025-12-29,Zabawki i prezenty,Marketplace,72.77
ZAM-2025-013218,2025-10-18,Zabawki i prezenty,Facebook Ads,55.56
ZAM-2025-003004,2025-04-30,Odzież,Marketplace,87.61
ZAM-2025-001771,2025-11-20,Elektronika,Sklep internetowy,475.67
ZAM-2025-005929,2025-05-13,Dom i ogród,Google Ads,126.18
ZAM-2025-011422,2025-07-07,Sport,Marketplace,168.82
ZAM-2025-001050,2025-07-25,Elektronika,Facebook Ads,319.22
ZAM-2025-008586,2025-06-10,Uroda,Google Ads,120.59
ZAM-2025-011413,2025-07-31,Sport,Sklep internetowy,176.87
ZAM-2025-001123,2025-08-04,Elektronika,Sklep internetowy,233.11
ZAM-2025-000564,2025-04-08,Elektronika,Sklep internetowy,211.87
ZAM-2025-013999,2025-12-10,Zabawki i prezenty,Marketplace,109.08
ZAM-2025-006793,2025-09-18,Dom i ogród,Google Ads,214.06
ZAM-2025-002672,2025-03-26,Odzież,Facebook Ads,115.99
ZAM-2025-002051,2025-12-23,Elektronika,Facebook Ads,395.07
ZAM-2025-012000,2025-10-29,Sport,Google Ads,278.92
ZAM-2025-000451,2025-04-02,Elektronika,Marketplace,360.63
ZAM-2025-002354,2025-01-08,Odzież,Sklep internetowy,68.43
ZAM-2025-008452,2025-05-21,Uroda,Sklep internetowy,106.83
ZAM-2025-007029,2025-10-15,Dom i ogród,Facebook Ads,252.26
ZAM-2025-005560,2025-03-03,Dom i ogród,Facebook Ads,269.64
ZAM-2025-002570,2025-02-17,Odzież,Sklep internetowy,98.96
ZAM-2025-009916,2025-12-15,Uroda,Sklep internetowy,124.0
ZAM-2025-012952,2025-08-23,Zabawki i prezenty,Sklep internetowy,39.57
ZAM-2025-012661,2025-04-08,Zabawki i prezenty,Facebook Ads,61.91
ZAM-2025-001365,2025-09-22,Elektronika,Marketplace,451.42
ZAM-2025-005477,2025-03-03,Dom i ogród,Sklep internetowy,144.59
ZAM-2025-001040,2025-07-27,Elektronika,Marketplace,357.91
ZAM-2025-012665,2025-04-19,Zabawki i prezenty,Sklep internetowy,66.55
ZAM-2025-003661,2025-06-19,Odzież,Sklep internetowy,155.37
ZAM-2025-007706,2025-02-16,Uroda,Google Ads,100.55
ZAM-2025-006287,2025-06-17,Dom i ogród,Marketplace,273.42
ZAM-2025-003732,2025-07-20,Odzież,Facebook Ads,197.98
ZAM-2025-003027,2025-04-29,Odzież,Facebook Ads,148.95
ZAM-2025-013692,2025-12-07,Zabawki i prezenty,Marketplace,67.43
ZAM-2025-011251,2025-06-30,Sport,Marketplace,153.07
ZAM-2025-008083,2025-03-17,Uroda,Google Ads,83.06
ZAM-2025-007338,2025-12-22,Dom i ogród,Sklep internetowy,229.43
ZAM-2025-009263,2025-09-01,Uroda,Facebook Ads,87.8
ZAM-2025-007942,2025-03-03,Uroda,Marketplace,74.98
ZAM-2025-008271,2025-04-15,Uroda,Sklep internetowy,79.45
ZAM-2025-010384,2025-02-13,Sport,Sklep internetowy,124.21
ZAM-2025-006206,2025-06-29,Dom i ogród,Marketplace,264.87
ZAM-2025-005069,2025-12-09,Odzież,Google Ads,117.5
ZAM-2025-012146,2025-11-20,Sport,Google Ads,269.41
ZAM-2025-002734,2025-03-06,Odzież,Marketplace,148.19
ZAM-2025-002031,2025-12-02,Elektronika,Sklep internetowy,370.6
ZAM-2025-012879,2025-07-18,Zabawki i prezenty,Marketplace,68.27
ZAM-2025-011892,2025-09-04,Sport,Facebook Ads,169.7
ZAM-2025-013213,2025-10-21,Zabawki i prezenty,Marketplace,53.08
ZAM-2025-009886,2025-12-22,Uroda,Google Ads,77.18
ZAM-2025-011623,2025-08-07,Sport,Marketplace,204.1
ZAM-2025-007135,2025-11-29,Dom i ogród,Marketplace,189.29
ZAM-2025-010850,2025-04-30,Sport,Marketplace,177.8
ZAM-2025-001949,2025-11-28,Elektronika,Sklep internetowy,138.59
ZAM-2025-012679,2025-04-13,Zabawki i prezenty,Sklep internetowy,64.47
ZAM-2025-010814,2025-04-23,Sport,Sklep internetowy,136.79
ZAM-2025-001641,2025-11-24,Elektronika,Facebook Ads,669.81
ZAM-2025-002872,2025-03-22,Odzież,Sklep internetowy,83.46
ZAM-2025-008319,2025-05-07,Uroda,Sklep internetowy,91.18
ZAM-2025-001118,2025-08-25,Elektronika,Sklep internetowy,262.8
ZAM-2025-011266,2025-06-15,Sport,Sklep internetowy,139.3
ZAM-2025-012805,2025-06-18,Zabawki i prezenty,Marketplace,72.98
ZAM-2025-004233,2025-09-13,Odzież,Facebook Ads,118.04
ZAM-2025-009857,2025-12-23,Uroda,Sklep internetowy,116.93
ZAM-2025-005763,2025-04-16,Dom i ogród,Google Ads,159.01
ZAM-2025-013650,2025-12-16,Zabawki i prezenty,Facebook Ads,48.28
ZAM-2025-006321,2025-06-03,Dom i ogród,Marketplace,295.07
ZAM-2025-000274,2025-02-12,Elektronika,Sklep internetowy,436.46
ZAM-2025-012227,2025-12-04,Sport,Facebook Ads,72.81
ZAM-2025-009269,2025-09-23,Uroda,Facebook Ads,38.15
ZAM-2025-012288,2025-12-23,Sport,Facebook Ads,87.23
ZAM-2025-011387,2025-07-18,Sport,Sklep internetowy,190.82
ZAM-2025-012182,2025-11-23,Sport,Sklep internetowy,218.86
ZAM-2025-009530,2025-10-06,Uroda,Google Ads,94.7
ZAM-2025-007409,2025-01-10,Uroda,Google Ads,82.56
ZAM-2025-007621,2025-02-07,Uroda,Sklep internetowy,141.24
ZAM-2025-002883,2025-03-28,Odzież,Marketplace,85.81
ZAM-2025-012659,2025-04-25,Zabawki i prezenty,Google Ads,71.21
ZAM-2025-002032,2025-12-17,Elektronika,Facebook Ads,422.19
ZAM-2025-007485,2025-01-16,Uroda,Facebook Ads,89.53
ZAM-2025-004487,2025-10-28,Odzież,Marketplace,137.42
ZAM-2025-008682,2025-06-14,Uroda,Google Ads,71.31
ZAM-2025-011158,2025-06-26,Sport,Facebook Ads,110.89
ZAM-2025-008217,2025-04-13,Uroda,Sklep internetowy,168.36
ZAM-2025-012779,2025-05-17,Zabawki i prezenty,Sklep internetowy,30.56
ZAM-2025-010179,2025-01-27,Sport,Google Ads,182.42
ZAM-2025-009653,2025-11-03,Uroda,Sklep internetowy,133.22
ZAM-2025-005974,2025-05-05,Dom i ogród,Facebook Ads,111.99
ZAM-2025-006114,2025-06-18,Dom i ogród,Sklep internetowy,330.34
ZAM-2025-010025,2025-12-12,Uroda,Facebook Ads,100.62
ZAM-2025-008479,2025-05-11,Uroda,Facebook Ads,142.1
ZAM-2025-007533,2025-01-12,Uroda,Marketplace,63.04
ZAM-2025-002724,2025-03-05,Odzież,Marketplace,146.06
ZAM-2025-009477,2025-10-13,Uroda,Sklep internetowy,117.34
ZAM-2025-002300,2025-01-21,Odzież,Marketplace,116.21
ZAM-2025-012027,2025-10-30,Sport,Facebook Ads,226.36
ZAM-2025-010281,2025-01-03,Sport,Sklep internetowy,108.9
ZAM-2025-013442,2025-11-21,Zabawki i prezenty,Sklep internetowy,54.1
ZAM-2025-006203,2025-06-08,Dom i ogród,Google Ads,189.41
ZAM-2025-009223,2025-09-12,Uroda,Google Ads,90.32
ZAM-2025-011384,2025-07-27,Sport,Sklep internetowy,88.26
ZAM-2025-006817,2025-09-20,Dom i ogród,Sklep internetowy,171.65
ZAM-2025-013865,2025-12-18,Zabawki i prezenty,Facebook Ads,66.81
ZAM-2025-010857,2025-04-02,Sport,Sklep internetowy,204.3
ZAM-2025-002390,2025-01-17,Odzież,Google Ads,20.61
ZAM-2025-001804,2025-11-12,Elektronika,Sklep internetowy,165.36
ZAM-2025-010219,2025-01-13,Sport,Facebook Ads,150.25
ZAM-2025-013707,2025-12-30,Zabawki i prezenty,Google Ads,86.06
ZAM-2025-004055,2025-09-01,Odzież,Sklep internetowy,149.88
ZAM-2025-007188,2025-11-01,Dom i ogród,Sklep internetowy,294.44
ZAM-2025-009077,2025-08-09,Uroda,Sklep internetowy,89.49
ZAM-2025-000926,2025-06-24,Elektronika,Sklep internetowy,448.39
ZAM-2025-009656,2025-11-23,Uroda,Marketplace,123.09
ZAM-2025-011682,2025-08-09,Sport,Sklep internetowy,211.81
ZAM-2025-001687,2025-11-08,Elektronika,Google Ads,445.0
ZAM-2025-000327,2025-03-25,Elektronika,Sklep internetowy,590.98
ZAM-2025-003520,2025-06-27,Odzież,Sklep internetowy,121.34
ZAM-2025-013850,2025-12-02,Zabawki i prezenty,Sklep internetowy,25.28
ZAM-2025-011373,2025-06-06,Sport,Sklep internetowy,214.31
ZAM-2025-012830,2025-06-25,Zabawki i prezenty,Marketplace,92.04
ZAM-2025-013763,2025-12-18,Zabawki i prezenty,Marketplace,80.12
ZAM-2025-012375,2025-12-07,Sport,Google Ads,138.42
ZAM-2025-004315,2025-09-12,Odzież,Marketplace,153.1
ZAM-2025-004983,2025-12-03,Odzież,Sklep internetowy,108.14
ZAM-2025-009194,2025-09-28,Uroda,Sklep internetowy,79.6
ZAM-2025-012681,2025-04-17,Zabawki i prezenty,Google Ads,60.28
ZAM-2025-006841,2025-09-23,Dom i ogród,Sklep internetowy,321.62
ZAM-2025-003321,2025-05-12,Odzież,Sklep internetowy,80.68
ZAM-2025-008235,2025-04-14,Uroda,Google Ads,105.8
ZAM-2025-002136,2025-12-18,Elektronika,Marketplace,93.75
ZAM-2025-005712,2025-04-13,Dom i ogród,Sklep internetowy,215.82
ZAM-2025-010218,2025-01-31,Sport,Sklep internetowy,84.5
ZAM-2025-003668,2025-06-18,Odzież,Sklep internetowy,113.3
ZAM-2025-001137,2025-08-13,Elektronika,Sklep internetowy,315.25
ZAM-2025-005236,2025-01-22,Dom i ogród,Sklep internetowy,105.99
ZAM-2025-010030,2025-12-24,Uroda,Marketplace,112.19
ZAM-2025-010188,2025-01-17,Sport,Facebook Ads,107.06
ZAM-2025-006637,2025-08-06,Dom i ogród,Marketplace,173.83
ZAM-2025-012519,2025-02-07,Zabawki i prezenty,Google Ads,50.54
ZAM-2025-005523,2025-03-05,Dom i ogród,Sklep internetowy,212.43
ZAM-2025-009202,2025-09-29,Uroda,Sklep internetowy,75.35
ZAM-2025-009506,2025-10-18,Uroda,Sklep internetowy,74.67
ZAM-2025-000541,2025-04-04,Elektronika,Sklep internetowy,564.88
ZAM-2025-000495,2025-04-10,Elektronika,Sklep internetowy,522.98
ZAM-2025-009468,2025-10-30,Uroda,Sklep internetowy,90.67
ZAM-2025-012356,2025-12-25,Sport,Google Ads,186.48
ZAM-2025-002261,2025-01-15,Odzież,Sklep internetowy,126.55
ZAM-2025-000296,2025-03-27,Elektronika,Facebook Ads,517.67
ZAM-2025-012438,2025-01-02,Zabawki i prezenty,Google Ads,76.77
ZAM-2025-006239,2025-06-01,Dom i ogród,Google Ads,108.11
ZAM-2025-007521,2025-01-26,Uroda,Sklep internetowy,99.54
ZAM-2025-012089,2025-10-27,Sport,Sklep internetowy,135.01
ZAM-2025-000694,2025-05-28,Elektronika,Google Ads,553.65
ZAM-2025-003896,2025-08-27,Odzież,Sklep internetowy,76.87
ZAM-2025-000215,2025-02-14,Elektronika,Facebook Ads,306.24
ZAM-2025-006428,2025-07-17,Dom i ogród,Sklep internetowy,119.8
ZAM-2025-011209,2025-06-01,Sport,Sklep internetowy,188.39
ZAM-2025-000697,2025-05-09,Elektronika,Sklep internetowy,333.65
ZAM-2025-007967,2025-03-14,Uroda,Google Ads,138.45
ZAM-2025-006053,2025-05-27,Dom i ogród,Sklep internetowy,156.2
ZAM-2025-002317,2025-01-05,Odzież,Google Ads,172.08
ZAM-2025-010623,2025-03-20,Sport,Sklep internetowy,62.7
ZAM-2025-007460,2025-01-25,Uroda,Sklep internetowy,93.06
ZAM-2025-004435,2025-10-03,Odzież,Sklep internetowy,122.12
ZAM-2025-001174,2025-08-03,Elektronika,Google Ads,473.95
ZAM-2025-003310,2025-05-18,Odzież,Sklep internetowy,105.37
ZAM-2025-011968,2025-10-18,Sport,Sklep internetowy,170.4
ZAM-2025-002289,2025-01-10,Odzież,Google Ads,100.8
ZAM-2025-000571,2025-04-28,Elektronika,Marketplace,331.83
ZAM-2025-010821,2025-04-03,Sport,Marketplace,135.82
ZAM-2025-009084,2025-08-23,Uroda,Facebook Ads,106.3
ZAM-2025-012323,2025-12-20,Sport,Google Ads,205.16
ZAM-2025-000888,2025-06-06,Elektronika,Sklep internetowy,422.98
ZAM-2025-003795,2025-07-17,Odzież,Google Ads,147.09
ZAM-2025-003311,2025-05-07,Odzież,Sklep internetowy,102.41
ZAM-2025-002018,2025-12-25,Elektronika,Sklep internetowy,401.26
ZAM-2025-006254,2025-06-07,Dom i ogród,Sklep internetowy,236.99
ZAM-2025-013148,2025-10-26,Zabawki i prezenty,Marketplace,73.1
ZAM-2025-007207,2025-11-09,Dom i ogród,Marketplace,290.45
ZAM-2025-004475,2025-10-08,Odzież,Google Ads,105.68
ZAM-2025-009881,2025-12-24,Uroda,Google Ads,123.62
ZAM-2025-003576,2025-06-25,Odzież,Marketplace,57.63
ZAM-2025-007973,2025-03-12,Uroda,Google Ads,99.4
ZAM-2025-005144,2025-12-28,Odzież,Facebook Ads,135.61
ZAM-2025-007362,2025-12-19,Dom i ogród,Google Ads,132.73
ZAM-2025-011447,2025-07-29,Sport,Marketplace,268.33
ZAM-2025-007777,2025-02-05,Uroda,Google Ads,109.93
ZAM-2025-004809,2025-11-01,Odzież,Google Ads,151.25
ZAM-2025-007781,2025-02-13,Uroda,Sklep internetowy,90.68
ZAM-2025-012095,2025-11-26,Sport,Marketplace,214.75
ZAM-2025-003157,2025-04-19,Odzież,Facebook Ads,105.97
ZAM-2025-011648,2025-08-15,Sport,Facebook Ads,193.4
ZAM-2025-009706,2025-11-23,Uroda,Sklep internetowy,142.62
ZAM-2025-012407,2025-01-26,Zabawki i prezenty,Sklep internetowy,85.36
ZAM-2025-000016,2025-01-30,Elektronika,Marketplace,327.85
ZAM-2025-006980,2025-10-27,Dom i ogród,Marketplace,54.88
ZAM-2025-006682,2025-08-14,Dom i ogród,Sklep internetowy,373.14
ZAM-2025-005252,2025-01-05,Dom i ogród,Sklep internetowy,188.77
ZAM-2025-001127,2025-08-17,Elektronika,Sklep internetowy,453.6
ZAM-2025-005284,2025-02-15,Dom i ogród,Sklep internetowy,213.91
ZAM-2025-007149,2025-11-11,Dom i ogród,Sklep internetowy,157.49
ZAM-2025-002192,2025-12-07,Elektronika,Facebook Ads,411.81
ZAM-2025-006386,2025-07-26,Dom i ogród,Facebook Ads,133.17
ZAM-2025-000961,2025-07-05,Elektronika,Facebook Ads,242.43
ZAM-2025-007694,2025-02-15,Uroda,Marketplace,55.15
ZAM-2025-005391,2025-02-08,Dom i ogród,Sklep internetowy,131.75
ZAM-2025-012184,2025-11-04,Sport,Google Ads,293.8
ZAM-2025-012486,2025-02-20,Zabawki i prezenty,Marketplace,70.75
ZAM-2025-005634,2025-04-12,Dom i ogród,Facebook Ads,210.02
ZAM-2025-005811,2025-04-26,Dom i ogród,Sklep internetowy,298.65
ZAM-2025-004713,2025-11-11,Odzież,Sklep internetowy,103.06
ZAM-2025-012186,2025-11-25,Sport,Facebook Ads,210.22
ZAM-2025-004603,2025-10-31,Odzież,Marketplace,178.89
ZAM-2025-002340,2025-01-22,Odzież,Sklep internetowy,29.73
ZAM-2025-002279,2025-01-22,Odzież,Google Ads,81.55
ZAM-2025-012083,2025-10-09,Sport,Sklep internetowy,179.83
ZAM-2025-005635,2025-04-07,Dom i ogród,Facebook Ads,340.59
ZAM-2025-013311,2025-11-24,Zabawki i prezenty,Facebook Ads,67.14
ZAM-2025-003257,2025-05-26,Odzież,Sklep internetowy,95.03
ZAM-2025-003342,2025-05-06,Odzież,Sklep internetowy,48.57
ZAM-2025-013305,2025-11-01,Zabawki i prezenty,Marketplace,71.81
ZAM-2025-000742,2025-05-20,Elektronika,Sklep internetowy,365.08
ZAM-2025-003711,2025-07-31,Odzież,Marketplace,125.46
ZAM-2025-011480,2025-07-18,Sport,Google Ads,122.91
ZAM-2025-007404,2025-01-01,Uroda,Marketplace,97.97
ZAM-2025-004153,2025-09-16,Odzież,Marketplace,122.93
ZAM-2025-010038,2025-12-28,Uroda,Sklep internetowy,108.13
ZAM-2025-001554,2025-10-21,Elektronika,Sklep internetowy,422.8
ZAM-2025-002324,2025-01-08,Odzież,Sklep internetowy,198.41
ZAM-2025-006255,2025-06-14,Dom i ogród,Facebook Ads,337.48
ZAM-2025-012272,2025-12-13,Sport,Facebook Ads,192.9
ZAM-2025-007510,2025-01-14,Uroda,Marketplace,70.13
ZAM-2025-005095,2025-12-13,Odzież,Facebook Ads,133.34
ZAM-2025-001892,2025-11-24,Elektronika,Google Ads,431.85
ZAM-2025-000458,2025-04-20,Elektronika,Sklep internetowy,329.46
ZAM-2025-008581,2025-06-06,Uroda,Sklep internetowy,120.64
ZAM-2025-008558,2025-05-18,Uroda,Facebook Ads,58.45
ZAM-2025-013785,2025-12-14,Zabawki i prezenty,Marketplace,37.48
ZAM-2025-008327,2025-05-24,Uroda,Facebook Ads,94.37
ZAM-2025-007375,2025-12-08,Dom i ogród,Google Ads,250.03
ZAM-2025-003133,2025-04-02,Odzież,Marketplace,150.72
ZAM-2025-012180,2025-11-25,Sport,Facebook Ads,77.73
ZAM-2025-000585,2025-04-04,Elektronika,Sklep internetowy,369.9
ZAM-2025-011259,2025-06-13,Sport,Sklep internetowy,257.45
ZAM-2025-011571,2025-07-10,Sport,Sklep internetowy,27.63
ZAM-2025-011560,2025-07-07,Sport,Sklep internetowy,53.55
ZAM-2025-012968,2025-08-30,Zabawki i prezenty,Sklep internetowy,130.71
ZAM-2025-006967,2025-10-13,Dom i ogród,Sklep internetowy,237.4
ZAM-2025-007845,2025-02-28,Uroda,Google Ads,73.43
ZAM-2025-008135,2025-04-27,Uroda,Facebook Ads,83.93
ZAM-2025-004314,2025-09-11,Odzież,Marketplace,207.68
ZAM-2025-002803,2025-03-17,Odzież,Facebook Ads,157.81
ZAM-2025-009934,2025-12-18,Uroda,Sklep internetowy,73.34
ZAM-2025-009567,2025-10-12,Uroda,Marketplace,70.09
ZAM-2025-004417,2025-10-15,Odzież,Sklep internetowy,67.99
ZAM-2025-000102,2025-01-25,Elektronika,Facebook Ads,191.39
ZAM-2025-008535,2025-05-15,Uroda,Google Ads,94.36
ZAM-2025-009192,2025-09-18,Uroda,Marketplace,147.25
ZAM-2025-003213,2025-05-02,Odzież,Sklep internetowy,176.7
ZAM-2025-010104,2025-01-16,Sport,Facebook Ads,241.13
ZAM-2025-009078,2025-08-03,Uroda,Marketplace,43.81
ZAM-2025-002342,2025-01-25,Odzież,Marketplace,84.48
ZAM-2025-005864,2025-05-30,Dom i ogród,Sklep internetowy,183.18
ZAM-2025-008297,2025-04-13,Uroda,Sklep internetowy,118.78
ZAM-2025-004114,2025-09-02,Odzież,Facebook Ads,100.87
ZAM-2025-003129,2025-04-19,Odzież,Sklep internetowy,171.28
ZAM-2025-007553,2025-01-03,Uroda,Google Ads,80.35
ZAM-2025-012646,2025-04-14,Zabawki i prezenty,Google Ads,80.03
ZAM-2025-009565,2025-10-06,Uroda,Facebook Ads,47.95
ZAM-2025-012555,2025-03-14,Zabawki i prezenty,Marketplace,48.15
ZAM-2025-007459,2025-01-23,Uroda,Facebook Ads,83.27
ZAM-2025-008592,2025-06-26,Uroda,Sklep internetowy,83.15
ZAM-2025-011013,2025-05-23,Sport,Marketplace,127.04
ZAM-2025-000457,2025-04-24,Elektronika,Sklep internetowy,465.4
ZAM-2025-001905,2025-11-28,Elektronika,Sklep internetowy,241.3
ZAM-2025-001117,2025-08-08,Elektronika,Facebook Ads,373.43
ZAM-2025-008431,2025-05-18,Uroda,Sklep internetowy,116.27
ZAM-2025-012102,2025-11-27,Sport,Marketplace,224.62
ZAM-2025-013252,2025-10-05,Zabawki i prezenty,Google Ads,87.23
ZAM-2025-008396,2025-05-09,Uroda,Marketplace,93.71
ZAM-2025-011535,2025-07-23,Sport,Marketplace,143.17
ZAM-2025-006154,2025-06-05,Dom i ogród,Google Ads,265.55
ZAM-2025-006907,2025-09-01,Dom i ogród,Sklep internetowy,215.6
ZAM-2025-003656,2025-06-04,Odzież,Google Ads,113.15
ZAM-2025-004131,2025-09-06,Odzież,Sklep internetowy,181.52
ZAM-2025-011412,2025-07-30,Sport,Marketplace,166.61
ZAM-2025-012183,2025-11-11,Sport,Facebook Ads,101.39
ZAM-2025-006226,2025-06-21,Dom i ogród,Marketplace,78.69
ZAM-2025-002440,2025-02-05,Odzież,Sklep internetowy,115.45
ZAM-2025-006343,2025-06-27,Dom i ogród,Marketplace,202.41
ZAM-2025-012001,2025-10-05,Sport,Sklep internetowy,237.95
ZAM-2025-002403,2025-01-05,Odzież,Sklep internetowy,147.62
ZAM-2025-000856,2025-06-10,Elektronika,Facebook Ads,277.31
ZAM-2025-006996,2025-10-25,Dom i ogród,Google Ads,146.87
ZAM-2025-001848,2025-11-30,Elektronika,Marketplace,262.44
ZAM-2025-013901,2025-12-26,Zabawki i prezenty,Facebook Ads,59.69
ZAM-2025-013220,2025-10-23,Zabawki i prezenty,Marketplace,66.47
ZAM-2025-003047,2025-04-18,Odzież,Sklep internetowy,95.51
ZAM-2025-012521,2025-02-25,Zabawki i prezenty,Sklep internetowy,79.68
ZAM-2025-008021,2025-03-07,Uroda,Facebook Ads,162.32
ZAM-2025-007058,2025-10-16,Dom i ogród,Marketplace,235.36
ZAM-2025-003012,2025-04-17,Odzież,Sklep internetowy,74.34
ZAM-2025-010802,2025-04-13,Sport,Google Ads,244.57
ZAM-2025-010260,2025-01-24,Sport,Marketplace,81.03
ZAM-2025-008287,2025-04-01,Uroda,Sklep internetowy,89.0
ZAM-2025-004614,2025-10-10,Odzież,Facebook Ads,159.37
ZAM-2025-009955,2025-12-10,Uroda,Facebook Ads,97.33
ZAM-2025-003363,2025-05-16,Odzież,Marketplace,164.71
ZAM-2025-010229,2025-01-28,Sport,Sklep internetowy,206.98
ZAM-2025-005306,2025-02-23,Dom i ogród,Sklep internetowy,197.13
ZAM-2025-006662,2025-08-22,Dom i ogród,Sklep internetowy,84.89
ZAM-2025-009613,2025-11-21,Uroda,Sklep internetowy,66.8
ZAM-2025-000651,2025-05-14,Elektronika,Marketplace,119.0
ZAM-2025-013832,2025-12-19,Zabawki i prezenty,Sklep internetowy,35.5
ZAM-2025-004497,2025-10-09,Odzież,Sklep internetowy,119.04
ZAM-2025-008915,2025-07-07,Uroda,Sklep internetowy,110.43
ZAM-2025-001308,2025-09-26,Elektronika,Sklep internetowy,355.24
ZAM-2025-002839,2025-03-23,Odzież,Sklep internetowy,166.64
ZAM-2025-005961,2025-05-10,Dom i ogród,Marketplace,143.52
ZAM-2025-003997,2025-08-22,Odzież,Sklep internetowy,99.98
ZAM-2025-011139,2025-05-21,Sport,Marketplace,19
ZAM-2025-002011,2025-12-04,Elektronika,Marketplace,476.25
ZAM-2025-001519,2025-10-16,Elektronika,Marketplace,319.97
ZAM-2025-006261,2025-06-17,Dom i ogród,Facebook Ads,148.2
ZAM-2025-012161,2025-11-22,Sport,Facebook Ads,172.08
ZAM-2025-013919,2025-12-14,Zabawki i prezenty,Facebook Ads,30.95
ZAM-2025-013037,2025-09-30,Zabawki i prezenty,Sklep internetowy,57.56
ZAM-2025-008195,2025-04-14,Uroda,Marketplace,95.54
ZAM-2025-003073,2025-04-18,Odzież,Sklep internetowy,93.67
ZAM-2025-001469,2025-10-03,Elektronika,Sklep internetowy,496.64
ZAM-2025-004919,2025-12-28,Odzież,Google Ads,112.3
ZAM-2025-008929,2025-07-28,Uroda,Facebook Ads,68.96
ZAM-2025-011478,2025-07-05,Sport,Google Ads,87.18
ZAM-2025-006183,2025-06-11,Dom i ogród,Facebook Ads,100.35
ZAM-2025-003835,2025-07-07,Odzież,Sklep internetowy,54.29
ZAM-2025-013938,2025-12-14,Zabawki i prezenty,Sklep internetowy,49.33
ZAM-2025-008657,2025-06-02,Uroda,Sklep internetowy,104.02
ZAM-2025-004689,2025-11-11,Odzież,Marketplace,116.1
ZAM-2025-013289,2025-11-21,Zabawki i prezenty,Google Ads,33.3
ZAM-2025-009663,2025-11-13,Uroda,Sklep internetowy,88.88
ZAM-2025-010919,2025-04-15,Sport,Sklep internetowy,152.05
ZAM-2025-003509,2025-06-13,Odzież,Marketplace,166.48
ZAM-2025-006730,2025-08-03,Dom i ogród,Marketplace,122.98
ZAM-2025-004871,2025-12-17,Odzież,Marketplace,156.62
ZAM-2025-013239,2025-10-05,Zabawki i prezenty,Facebook Ads,56.95
ZAM-2025-012047,2025-10-17,Sport,Marketplace,51.23
ZAM-2025-003039,2025-04-04,Odzież,Google Ads,181.8
ZAM-2025-012566,2025-03-11,Zabawki i prezenty,Sklep internetowy,104.02
ZAM-2025-003325,2025-05-05,Odzież,Marketplace,71.87
ZAM-2025-006773,2025-08-27,Dom i ogród,Sklep internetowy,124.3
ZAM-2025-000528,2025-04-23,Elektronika,Marketplace,383.92
ZAM-2025-003568,2025-06-16,Odzież,Facebook Ads,183.39
ZAM-2025-003211,2025-05-18,Odzież,Sklep internetowy,249.55
ZAM-2025-013804,2025-12-08,Zabawki i prezenty,Facebook Ads,44.89
ZAM-2025-002735,2025-03-17,Odzież,Facebook Ads,202.12
ZAM-2025-001785,2025-11-20,Elektronika,Sklep internetowy,290.74
ZAM-2025-011684,2025-08-23,Sport,Marketplace,130.04
ZAM-2025-013649,2025-12-05,Zabawki i prezenty,Facebook Ads,81.18
ZAM-2025-002098,2025-12-26,Elektronika,Sklep internetowy,433.04
ZAM-2025-013534,2025-11-22,Zabawki i prezenty,Marketplace,74.4
ZAM-2025-008587,2025-06-16,Uroda,Sklep internetowy,104.13
ZAM-2025-001680,2025-11-12,Elektronika,Google Ads,270.84
ZAM-2025-011208,2025-06-26,Sport,Google Ads,196.31
ZAM-2025-008699,2025-06-23,Uroda,Facebook Ads,114.17
ZAM-2025-009621,2025-11-11,Uroda,Sklep internetowy,66.97
ZAM-2025-011441,2025-07-21,Sport,Sklep internetowy,161.65
ZAM-2025-007568,2025-01-27,Uroda,Marketplace,74.49
ZAM-2025-013764,2025-12-10,Zabawki i prezenty,Google Ads,94.16
ZAM-2025-001511,2025-10-13,Elektronika,Google Ads,430.52
ZAM-2025-004820,2025-11-06,Odzież,Sklep internetowy,137.41
ZAM-2025-008449,2025-05-02,Uroda,Marketplace,85.71
ZAM-2025-002081,2025-12-07,Elektronika,Marketplace,579.97
ZAM-2025-005205,2025-01-18,Dom i ogród,Facebook Ads,239.72
ZAM-2025-010946,2025-04-21,Sport,Facebook Ads,68.85
ZAM-2025-003676,2025-06-25,Odzież,Facebook Ads,130.7
ZAM-2025-007223,2025-11-11,Dom i ogród,Facebook Ads,266.83
ZAM-2025-009780,2025-11-08,Uroda,Marketplace,81.14
ZAM-2025-004748,2025-11-17,Odzież,Sklep internetowy,150.84
ZAM-2025-002264,2025-01-05,Odzież,Google Ads,184.15
ZAM-2025-013248,2025-10-10,Zabawki i prezenty,Google Ads,72.25
ZAM-2025-005291,2025-02-11,Dom i ogród,Marketplace,156.37
ZAM-2025-001535,2025-10-29,Elektronika,Marketplace,676.79
ZAM-2025-010139,2025-01-17,Sport,Facebook Ads,124.6
ZAM-2025-006747,2025-08-20,Dom i ogród,Facebook Ads,204.33
ZAM-2025-010004,2025-12-29,Uroda,Google Ads,120.15
ZAM-2025-009819,2025-12-04,Uroda,Marketplace,95.36
ZAM-2025-004681,2025-11-19,Odzież,Marketplace,132.06
ZAM-2025-013993,2025-12-05,Zabawki i prezenty,Sklep internetowy,63.2
ZAM-2025-011100,2025-05-19,Sport,Sklep internetowy,140.28
ZAM-2025-003527,2025-06-22,Odzież,Sklep internetowy,119.26
ZAM-2025-006452,2025-07-17,Dom i ogród,Facebook Ads,205.68
ZAM-2025-009152,2025-08-16,Uroda,Sklep internetowy,56.03
ZAM-2025-002932,2025-04-12,Odzież,Sklep internetowy,153.85
ZAM-2025-002543,2025-02-14,Odzież,Sklep internetowy,181.75
ZAM-2025-008301,2025-05-16,Uroda,Marketplace,95.78
ZAM-2025-007583,2025-01-17,Uroda,Sklep internetowy,104.95
ZAM-2025-001897,2025-11-24,Elektronika,Google Ads,329.36
ZAM-2025-005760,2025-04-29,Dom i ogród,Marketplace,235.38
ZAM-2025-013677,2025-12-18,Zabawki i prezenty,Sklep internetowy,94.51
ZAM-2025-001488,2025-10-06,Elektronika,Marketplace,293.19
ZAM-2025-014015,2025-12-02,Zabawki i prezenty,Sklep internetowy,84.35
ZAM-2025-009753,2025-11-29,Uroda,Marketplace,89.33
ZAM-2025-005698,2025-04-27,Dom i ogród,Sklep internetowy,132.71
ZAM-2025-011579,2025-07-12,Sport,Sklep internetowy,267.14
ZAM-2025-008331,2025-05-11,Uroda,Sklep internetowy,76.27
ZAM-2025-004810,2025-11-18,Odzież,Sklep internetowy,121.53
ZAM-2025-012453,2025-01-17,Zabawki i prezenty,Facebook Ads,56.86
ZAM-2025-005256,2025-01-27,Dom i ogród,Sklep internetowy,160.12
ZAM-2025-010504,2025-02-06,Sport,Sklep internetowy,222.18
ZAM-2025-001241,2025-08-07,Elektronika,Facebook Ads,344.33
ZAM-2025-005771,2025-04-26,Dom i ogród,Google Ads,156.69
ZAM-2025-000976,2025-07-08,Elektronika,Sklep internetowy,292.53
ZAM-2025-008429,2025-05-10,Uroda,Facebook Ads,83.57
ZAM-2025-010660,2025-03-21,Sport,Marketplace,165.49
ZAM-2025-004798,2025-11-08,Odzież,Facebook Ads,155.42
ZAM-2025-013066,2025-09-02,Zabawki i prezenty,Sklep internetowy,76.01
ZAM-2025-003730,2025-07-21,Odzież,Marketplace,242.74
ZAM-2025-005344,2025-02-02,Dom i ogród,Marketplace,283.52
ZAM-2025-001792,2025-11-13,Elektronika,Marketplace,272.83
ZAM-2025-000140,2025-01-28,Elektronika,Sklep internetowy,175.56
ZAM-2025-004161,2025-09-26,Odzież,Facebook Ads,56.71
ZAM-2025-011592,2025-07-14,Sport,Google Ads,145.2
ZAM-2025-000614,2025-05-13,Elektronika,Marketplace,446.12
ZAM-2025-006671,2025-08-23,Dom i ogród,Marketplace,154.69
ZAM-2025-003584,2025-06-14,Odzież,Google Ads,121.86
ZAM-2025-004344,2025-10-30,Odzież,Sklep internetowy,172.15
ZAM-2025-013254,2025-10-02,Zabawki i prezenty,Facebook Ads,68.3
ZAM-2025-001336,2025-09-19,Elektronika,Google Ads,440.1
ZAM-2025-009619,2025-11-01,Uroda,Sklep internetowy,22.69
ZAM-2025-001158,2025-08-22,Elektronika,Sklep internetowy,311.4
ZAM-2025-001878,2025-11-26,Elektronika,Google Ads,448.59
ZAM-2025-005012,2025-12-15,Odzież,Sklep internetowy,195.12
ZAM-2025-014088,2025-12-13,Zabawki i prezenty,Marketplace,104.34
ZAM-2025-012548,2025-03-04,Zabawki i prezenty,Facebook Ads,97.19
ZAM-2025-008368,2025-05-25,Uroda,Marketplace,133.71
ZAM-2025-012609,2025-03-24,Zabawki i prezenty,Google Ads,80.09
ZAM-2025-000206,2025-02-15,Elektronika,Google Ads,438.76
ZAM-2025-004052,2025-09-28,Odzież,Sklep internetowy,198.33
ZAM-2025-004528,2025-10-16,Odzież,Sklep internetowy,177.85
ZAM-2025-000133,2025-01-25,Elektronika,Google Ads,489.32
ZAM-2025-013531,2025-11-26,Zabawki i prezenty,Sklep internetowy,68.13
ZAM-2025-003756,2025-07-04,Odzież,Google Ads,122.51
ZAM-2025-013952,2025-12-17,Zabawki i prezenty,Marketplace,39.57
ZAM-2025-003875,2025-08-16,Odzież,Google Ads,144.22
ZAM-2025-005443,2025-03-09,Dom i ogród,Facebook Ads,275.25
ZAM-2025-007210,2025-11-08,Dom i ogród,Sklep internetowy,106.99
ZAM-2025-002003,2025-12-29,Elektronika,Sklep internetowy,369.0
ZAM-2025-012173,2025-11-24,Sport,Facebook Ads,199.49
ZAM-2025-003528,2025-06-13,Odzież,Sklep internetowy,78.46
ZAM-2025-005100,2025-12-07,Odzież,Google Ads,102.41
ZAM-2025-003171,2025-04-03,Odzież,Sklep internetowy,196.41
ZAM-2025-000452,2025-04-26,Elektronika,Google Ads,572.13
ZAM-2025-004573,2025-10-18,Odzież,Google Ads,171.56
ZAM-2025-000464,2025-04-13,Elektronika,Marketplace,694.35
ZAM-2025-011896,2025-09-09,Sport,Facebook Ads,116.06
ZAM-2025-009360,2025-09-16,Uroda,Sklep internetowy,69.68
ZAM-2025-010626,2025-03-13,Sport,Sklep internetowy,200.73
ZAM-2025-012790,2025-06-14,Zabawki i prezenty,Marketplace,100.95
ZAM-2025-000788,2025-06-13,Elektronika,Facebook Ads,285.07
ZAM-2025-008745,2025-06-25,Uroda,Facebook Ads,72.67
ZAM-2025-004455,2025-10-27,Odzież,Sklep internetowy,48.67
ZAM-2025-008702,2025-06-15,Uroda,Sklep internetowy,72.77
ZAM-2025-003217,2025-05-25,Odzież,Sklep internetowy,223.85
ZAM-2025-003438,2025-05-03,Odzież,Sklep internetowy,196.15
ZAM-2025-011600,2025-08-22,Sport,Google Ads,138.53
ZAM-2025-000591,2025-04-16,Elektronika,Sklep internetowy,232.2
ZAM-2025-010536,2025-02-06,Sport,Sklep internetowy,325.97
ZAM-2025-006089,2025-05-30,Dom i ogród,Facebook Ads,193.41
ZAM-2025-011819,2025-09-05,Sport,Sklep internetowy,170.37
ZAM-2025-002917,2025-04-19,Odzież,Google Ads,77.6
ZAM-2025-010649,2025-03-15,Sport,Marketplace,140.79
ZAM-2025-006839,2025-09-21,Dom i ogród,Google Ads,172.3
ZAM-2025-005522,2025-03-19,Dom i ogród,Google Ads,270.27
ZAM-2025-005941,2025-05-08,Dom i ogród,Sklep internetowy,47.64
ZAM-2025-000466,2025-04-04,Elektronika,Sklep internetowy,342.85
ZAM-2025-008422,2025-05-23,Uroda,Facebook Ads,112.97
ZAM-2025-007745,2025-02-09,Uroda,Facebook Ads,101.28
ZAM-2025-006688,2025-08-06,Dom i ogród,Facebook Ads,135.31
ZAM-2025-002213,2025-12-18,Elektronika,Google Ads,108.01
ZAM-2025-009913,2025-12-02,Uroda,Sklep internetowy,54.95
ZAM-2025-006122,2025-06-14,Dom i ogród,Google Ads,191.13
ZAM-2025-004010,2025-08-26,Odzież,Marketplace,180.72
ZAM-2025-010780,2025-04-23,Sport,Marketplace,229.28
ZAM-2025-010160,2025-01-29,Sport,Marketplace,222.88
ZAM-2025-013646,2025-11-14,Zabawki i prezenty,Sklep internetowy,39.26
ZAM-2025-002637,2025-03-18,Odzież,Google Ads,71.19
ZAM-2025-012163,2025-11-05,Sport,Marketplace,137.46
ZAM-2025-011619,2025-08-19,Sport,Google Ads,126.26
ZAM-2025-000178,2025-02-17,Elektronika,Marketplace,603.92
ZAM-2025-003125,2025-04-28,Odzież,Marketplace,107.59
ZAM-2025-013939,2025-12-16,Zabawki i prezenty,Sklep internetowy,65.98
ZAM-2025-005299,2025-02-02,Dom i ogród,Marketplace,176.43
ZAM-2025-000627,2025-05-19,Elektronika,Sklep internetowy,328.21
ZAM-2025-006886,2025-09-08,Dom i ogród,Sklep internetowy,334.07
ZAM-2025-010725,2025-03-11,Sport,Sklep internetowy,285.63
ZAM-2025-003657,2025-06-11,Odzież,Sklep internetowy,160.74
ZAM-2025-010956,2025-05-11,Sport,Sklep internetowy,135.79
ZAM-2025-012677,2025-04-14,Zabawki i prezenty,Facebook Ads,76.83
ZAM-2025-004385,2025-10-28,Odzież,Sklep internetowy,136.01
ZAM-2025-012463,2025-01-08,Zabawki i prezenty,Google Ads,98.53
ZAM-2025-011817,2025-09-02,Sport,Google Ads,98.1
ZAM-2025-009004,2025-08-16,Uroda,Facebook Ads,91.8
ZAM-2025-006746,2025-08-30,Dom i ogród,Marketplace,140.83
ZAM-2025-012065,2025-10-26,Sport,Google Ads,174.0
ZAM-2025-003076,2025-04-07,Odzież,Marketplace,175.35
ZAM-2025-010671,2025-03-16,Sport,Sklep internetowy,123.96
ZAM-2025-005112,2025-12-23,Odzież,Marketplace,107.11
ZAM-2025-013309,2025-11-14,Zabawki i prezenty,Sklep internetowy,42.56
ZAM-2025-009741,2025-11-19,Uroda,Facebook Ads,98.65
ZAM-2025-002552,2025-02-17,Odzież,Google Ads,123.34
ZAM-2025-008457,2025-05-14,Uroda,Google Ads,110.31
ZAM-2025-002846,2025-03-29,Odzież,Marketplace,137.59
ZAM-2025-013711,2025-12-25,Zabawki i prezenty,Google Ads,93.79
ZAM-2025-005609,2025-04-21,Dom i ogród,Sklep internetowy,185.75
ZAM-2025-008359,2025-05-14,Uroda,Marketplace,113.51
ZAM-2025-006697,2025-08-28,Dom i ogród,Sklep internetowy,197.38
ZAM-2025-012672,2025-04-03,Zabawki i prezenty,Sklep internetowy,54.48
ZAM-2025-006789,2025-09-06,Dom i ogród,Sklep internetowy,201.36
ZAM-2025-009951,2025-12-02,Uroda,Sklep internetowy,84.36
ZAM-2025-002056,2025-12-06,Elektronika,Sklep internetowy,300.19
ZAM-2025-010055,2025-12-15,Uroda,Facebook Ads,70.55
ZAM-2025-006672,2025-08-22,Dom i ogród,Facebook Ads,200.84
ZAM-2025-014133,2025-12-02,Zabawki i prezenty,Marketplace,72.36
ZAM-2025-006639,2025-08-19,Dom i ogród,Google Ads,338.29
ZAM-2025-004301,2025-09-23,Odzież,Marketplace,105.11
ZAM-2025-002802,2025-03-14,Odzież,Sklep internetowy,135.17
ZAM-2025-005418,2025-03-12,Dom i ogród,Sklep internetowy,267.0
ZAM-2025-008351,2025-05-24,Uroda,Google Ads,143.96
ZAM-2025-013207,2025-10-24,Zabawki i prezenty,Google Ads,79.9
ZAM-2025-002584,2025-02-02,Odzież,Facebook Ads,122.29
ZAM-2025-005040,2025-12-22,Odzież,Google Ads,108.37
ZAM-2025-008066,2025-03-16,Uroda,Sklep internetowy,135.14
ZAM-2025-008112,2025-04-13,Uroda,Facebook Ads,96.52
ZAM-2025-006299,2025-06-21,Dom i ogród,Facebook Ads,361.05
ZAM-2025-009059,2025-08-18,Uroda,Sklep internetowy,125.47
ZAM-2025-002110,2025-12-28,Elektronika,Marketplace,516.65
ZAM-2025-000758,2025-06-25,Elektronika,Facebook Ads,666.01
ZAM-2025-010505,2025-02-12,Sport,Marketplace,125.65
ZAM-2025-011031,2025-05-25,Sport,Sklep internetowy,112.93
ZAM-2025-012166,2025-11-07,Sport,Sklep internetowy,222.13
ZAM-2025-007990,2025-03-10,Uroda,Sklep internetowy,69.75
ZAM-2025-009028,2025-08-11,Uroda,Google Ads,86.56
ZAM-2025-010248,2025-01-31,Sport,Marketplace,321.39
ZAM-2025-007522,2025-01-24,Uroda,Sklep internetowy,44.33
ZAM-2025-007389,2025-12-16,Dom i ogród,Sklep internetowy,113.36
ZAM-2025-003507,2025-06-27,Odzież,Marketplace,162.45
ZAM-2025-006345,2025-06-10,Dom i ogród,Google Ads,165.92
ZAM-2025-009150,2025-08-24,Uroda,Sklep internetowy,81.52
ZAM-2025-013303,2025-11-19,Zabawki i prezenty,Facebook Ads,67.17
ZAM-2025-005137,2025-12-21,Odzież,Facebook Ads,101.96
ZAM-2025-005301,2025-02-17,Dom i ogród,Google Ads,113.62
ZAM-2025-007888,2025-03-17,Uroda,Facebook Ads,79.05
ZAM-2025-001275,2025-09-07,Elektronika,Facebook Ads,292.65
ZAM-2025-005101,2025-12-30,Odzież,Facebook Ads,153.74
ZAM-2025-007615,2025-02-09,Uroda,Sklep internetowy,110.21
ZAM-2025-013989,2025-12-09,Zabawki i prezenty,Facebook Ads,91.93
ZAM-2025-000444,2025-04-26,Elektronika,Marketplace,425.55
ZAM-2025-002759,2025-03-24,Odzież,Marketplace,219.72
ZAM-2025-003348,2025-05-28,Odzież,Facebook Ads,169.09
ZAM-2025-001000,2025-07-15,Elektronika,Facebook Ads,328.31
ZAM-2025-005692,2025-04-16,Dom i ogród,Marketplace,281.28
ZAM-2025-003376,2025-05-05,Odzież,Sklep internetowy,110.5
ZAM-2025-006464,2025-07-15,Dom i ogród,Marketplace,229.43
ZAM-2025-009824,2025-12-15,Uroda,Facebook Ads,87.2
ZAM-2025-013555,2025-11-25,Zabawki i prezenty,Sklep internetowy,73.64
ZAM-2025-005762,2025-04-30,Dom i ogród,Sklep internetowy,190.71
ZAM-2025-003744,2025-07-24,Odzież,Marketplace,130.35
ZAM-2025-007045,2025-10-02,Dom i ogród,Marketplace,224.06
ZAM-2025-004562,2025-10-13,Odzież,Google Ads,133.05
ZAM-2025-011101,2025-05-05,Sport,Marketplace,128.42
ZAM-2025-012290,2025-12-28,Sport,Sklep internetowy,158.05
ZAM-2025-009887,2025-12-07,Uroda,Marketplace,89.72
ZAM-2025-007580,2025-01-05,Uroda,Sklep internetowy,95.3
ZAM-2025-001496,2025-10-28,Elektronika,Sklep internetowy,674.7
ZAM-2025-010745,2025-03-09,Sport,Google Ads,187.68
ZAM-2025-006798,2025-09-03,Dom i ogród,Facebook Ads,235.91
ZAM-2025-008936,2025-07-03,Uroda,Facebook Ads,111.36
ZAM-2025-004103,2025-09-16,Odzież,Sklep internetowy,185.53
ZAM-2025-011066,2025-05-22,Sport,Sklep internetowy,246.13
ZAM-2025-005280,2025-02-04,Dom i ogród,Sklep internetowy,204.35
ZAM-2025-011696,2025-08-02,Sport,Marketplace,117.25
ZAM-2025-013113,2025-09-26,Zabawki i prezenty,Sklep internetowy,105.33
ZAM-2025-008652,2025-06-25,Uroda,Marketplace,64.73
ZAM-2025-007972,2025-03-13,Uroda,Marketplace,68.49
ZAM-2025-010286,2025-01-16,Sport,Marketplace,81.16
ZAM-2025-001779,2025-11-11,Elektronika,Sklep internetowy,288.31
ZAM-2025-011898,2025-09-22,Sport,Sklep internetowy,183.37
ZAM-2025-013154,2025-10-16,Zabawki i prezenty,Sklep internetowy,85.37
ZAM-2025-007511,2025-01-10,Uroda,Sklep internetowy,116.56
ZAM-2025-000675,2025-05-08,Elektronika,Sklep internetowy,232.04
ZAM-2025-007539,2025-01-28,Uroda,Marketplace,104.7
ZAM-2025-010276,2025-01-25,Sport,Sklep internetowy,170.95
ZAM-2025-009190,2025-09-15,Uroda,Facebook Ads,57.66
ZAM-2025-007901,2025-03-09,Uroda,Marketplace,107.95
ZAM-2025-008855,2025-07-31,Uroda,Marketplace,31.99
ZAM-2025-012893,2025-07-15,Zabawki i prezenty,Sklep internetowy,73.74
ZAM-2025-012911,2025-07-20,Zabawki i prezenty,Marketplace,108.7
ZAM-2025-007172,2025-11-20,Dom i ogród,Marketplace,190.29
ZAM-2025-007738,2025-02-03,Uroda,Facebook Ads,137.57
ZAM-2025-009888,2025-12-22,Uroda,Sklep internetowy,111.23
ZAM-2025-002352,2025-01-31,Odzież,Sklep internetowy,141.05
ZAM-2025-013323,2025-11-25,Zabawki i prezenty,Google Ads,124.23
ZAM-2025-001705,2025-11-28,Elektronika,Sklep internetowy,249.21
ZAM-2025-010301,2025-01-29,Sport,Google Ads,208.3
ZAM-2025-010832,2025-04-10,Sport,Facebook Ads,224.56
ZAM-2025-001603,2025-10-16,Elektronika,Sklep internetowy,734.86
ZAM-2025-012271,2025-12-13,Sport,Sklep internetowy,134.04
ZAM-2025-013491,2025-11-09,Zabawki i prezenty,Facebook Ads,64.26
ZAM-2025-000814,2025-06-15,Elektronika,Facebook Ads,427.45
ZAM-2025-006556,2025-07-12,Dom i ogród,Google Ads,119.2
ZAM-2025-000623,2025-05-14,Elektronika,Marketplace,410.14
ZAM-2025-013073,2025-09-03,Zabawki i prezenty,Google Ads,110.68
ZAM-2025-000980,2025-07-06,Elektronika,Sklep internetowy,155.82
ZAM-2025-004616,2025-10-05,Odzież,Sklep internetowy,227.1
ZAM-2025-003392,2025-05-30,Odzież,Facebook Ads,142.98
ZAM-2025-008227,2025-04-26,Uroda,Sklep internetowy,54.77
ZAM-2025-005072,2025-12-01,Odzież,Facebook Ads,74.59
ZAM-2025-011459,2025-07-22,Sport,Sklep internetowy,93.32
ZAM-2025-005312,2025-02-25,Dom i ogród,Sklep internetowy,218.83
ZAM-2025-006760,2025-08-14,Dom i ogród,Marketplace,191.26
ZAM-2025-011285,2025-06-25,Sport,Sklep internetowy,210.92
ZAM-2025-009671,2025-11-22,Uroda,Marketplace,112.31
ZAM-2025-013111,2025-09-27,Zabawki i prezenty,Facebook Ads,103.12
ZAM-2025-000879,2025-06-02,Elektronika,Sklep internetowy,183.53
ZAM-2025-007844,2025-02-18,Uroda,Facebook Ads,60.51
ZAM-2025-006741,2025-08-25,Dom i ogród,Facebook Ads,121.85
ZAM-2025-002935,2025-04-19,Odzież,Sklep internetowy,70.86
ZAM-2025-009875,2025-12-02,Uroda,Marketplace,93.33
ZAM-2025-006781,2025-09-13,Dom i ogród,Sklep internetowy,138.03
ZAM-2025-000975,2025-07-20,Elektronika,Sklep internetowy,582.99
ZAM-2025-004812,2025-11-19,Odzież,Facebook Ads,153.47
ZAM-2025-005213,2025-01-15,Dom i ogród,Sklep internetowy,147.99
ZAM-2025-014018,2025-12-13,Zabawki i prezenty,Marketplace,84.32
ZAM-2025-004860,2025-12-18,Odzież,Facebook Ads,130.29
ZAM-2025-004446,2025-10-28,Odzież,Marketplace,127.37
ZAM-2025-013446,2025-11-26,Zabawki i prezenty,Google Ads,70.64
ZAM-2025-007369,2025-12-08,Dom i ogród,Facebook Ads,158.07
ZAM-2025-011081,2025-05-29,Sport,Sklep internetowy,297.7
ZAM-2025-013124,2025-09-10,Zabawki i prezenty,Google Ads,41.15
ZAM-2025-010627,2025-03-15,Sport,Sklep internetowy,120.29
ZAM-2025-002919,2025-04-27,Odzież,Sklep internetowy,155.13
ZAM-2025-009897,2025-12-13,Uroda,Sklep internetowy,43.14
ZAM-2025-003366,2025-05-07,Odzież,Google Ads,152.15
ZAM-2025-003600,2025-06-25,Odzież,Sklep internetowy,80.73
ZAM-2025-007591,2025-01-02,Uroda,Sklep internetowy,111.53
ZAM-2025-010280,2025-01-06,Sport,Facebook Ads,160.13
ZAM-2025-004734,2025-11-12,Odzież,Sklep internetowy,124.21
ZAM-2025-004709,2025-11-04,Odzież,Marketplace,175.01
ZAM-2025-004877,2025-12-26,Odzież,Sklep internetowy,129.95
ZAM-2025-012829,2025-06-01,Zabawki i prezenty,Google Ads,68.67
ZAM-2025-005739,2025-04-10,Dom i ogród,Sklep internetowy,259.34
ZAM-2025-011628,2025-08-29,Sport,Sklep internetowy,100.87
ZAM-2025-008997,2025-08-27,Uroda,Sklep internetowy,133.11
ZAM-2025-009127,2025-08-05,Uroda,Marketplace,133.96
ZAM-2025-004799,2025-11-12,Odzież,Marketplace,190.66
ZAM-2025-001665,2025-11-27,Elektronika,Google Ads,231.04
ZAM-2025-013547,2025-11-09,Zabawki i prezenty,Google Ads,51.68
ZAM-2025-004076,2025-09-17,Odzież,Marketplace,109.46
ZAM-2025-007932,2025-03-03,Uroda,Facebook Ads,83.69
ZAM-2025-013833,2025-12-24,Zabawki i prezenty,Facebook Ads,106.49
ZAM-2025-010996,2025-05-07,Sport,Marketplace,134.78
ZAM-2025-004729,2025-11-18,Odzież,Facebook Ads,166.84
ZAM-2025-005013,2025-12-29,Odzież,Sklep internetowy,79.75
ZAM-2025-003844,2025-07-13,Odzież,Sklep internetowy,79.1
ZAM-2025-013077,2025-09-20,Zabawki i prezenty,Marketplace,49.71
ZAM-2025-008445,2025-05-21,Uroda,Sklep internetowy,94.46
ZAM-2025-003455,2025-05-02,Odzież,Sklep internetowy,100.27
ZAM-2025-011618,2025-08-26,Sport,Marketplace,152.23
ZAM-2025-003083,2025-04-06,Odzież,Marketplace,147.03
ZAM-2025-004778,2025-11-09,Odzież,Sklep internetowy,197.62
ZAM-2025-011136,2025-05-11,Sport,Facebook Ads,84.21
ZAM-2025-000562,2025-04-25,Elektronika,Marketplace,229.34
ZAM-2025-001826,2025-11-17,Elektronika,Facebook Ads,447.56
ZAM-2025-005887,2025-05-31,Dom i ogród,Sklep internetowy,272.39
ZAM-2025-005038,2025-12-20,Odzież,Google Ads,108.79
ZAM-2025-002753,2025-03-12,Odzież,Sklep internetowy,36.81
ZAM-2025-013121,2025-09-23,Zabawki i prezenty,Marketplace,57.79
ZAM-2025-014136,2025-12-10,Zabawki i prezenty,Facebook Ads,57.91
ZAM-2025-013597,2025-11-22,Zabawki i prezenty,Sklep internetowy,74.28
ZAM-2025-001990,2025-12-04,Elektronika,Google Ads,453.27
ZAM-2025-001731,2025-11-09,Elektronika,Sklep internetowy,195.36
ZAM-2025-001808,2025-11-29,Elektronika,Google Ads,401.66
ZAM-2025-001189,2025-08-23,Elektronika,Marketplace,164.45
ZAM-2025-009948,2025-12-21,Uroda,Facebook Ads,74.07
ZAM-2025-006542,2025-07-07,Dom i ogród,Marketplace,307.05
ZAM-2025-008914,2025-07-08,Uroda,Sklep internetowy,103.08
ZAM-2025-007455,2025-01-03,Uroda,Sklep internetowy,65.08
ZAM-2025-008188,2025-04-30,Uroda,Sklep internetowy,87.54
ZAM-2025-004912,2025-12-13,Odzież,Facebook Ads,75.07
ZAM-2025-001640,2025-11-29,Elektronika,Google Ads,491.11
ZAM-2025-005462,2025-03-11,Dom i ogród,Google Ads,186.1
ZAM-2025-002143,2025-12-06,Elektronika,Facebook Ads,452.53
ZAM-2025-003447,2025-05-28,Odzież,Sklep internetowy,149.29
ZAM-2025-009248,2025-09-12,Uroda,Sklep internetowy,115.82
ZAM-2025-013625,2025-11-16,Zabawki i prezenty,Sklep internetowy,49.38
ZAM-2025-010711,2025-03-08,Sport,Facebook Ads,124.2
ZAM-2025-012499,2025-02-05,Zabawki i prezenty,Facebook Ads,42.76
ZAM-2025-003559,2025-06-27,Odzież,Facebook Ads,212.94
ZAM-2025-012004,2025-10-21,Sport,Marketplace,147.99
ZAM-2025-011532,2025-07-14,Sport,Marketplace,60.72
ZAM-2025-006401,2025-07-29,Dom i ogród,Sklep internetowy,260.54
ZAM-2025-000964,2025-07-02,Elektronika,Google Ads,519.36
ZAM-2025-006421,2025-07-03,Dom i ogród,Google Ads,97.73
ZAM-2025-012669,2025-04-10,Zabawki i prezenty,Google Ads,78.72
ZAM-2025-001247,2025-09-07,Elektronika,Sklep internetowy,337.72
ZAM-2025-003571,2025-06-29,Odzież,Facebook Ads,131.12
ZAM-2025-005057,2025-12-16,Odzież,Facebook Ads,105.02
ZAM-2025-004697,2025-11-26,Odzież,Facebook Ads,197.1
ZAM-2025-011475,2025-07-14,Sport,Sklep internetowy,117.73
ZAM-2025-004997,2025-12-13,Odzież,Marketplace,88.45
ZAM-2025-009990,2025-12-18,Uroda,Marketplace,134.52
ZAM-2025-001684,2025-11-16,Elektronika,Sklep internetowy,139.46
ZAM-2025-002902,2025-04-14,Odzież,Facebook Ads,61.89
ZAM-2025-013324,2025-11-08,Zabawki i prezenty,Sklep internetowy,49.31
ZAM-2025-002250,2025-01-03,Odzież,Facebook Ads,65.77
ZAM-2025-007111,2025-11-20,Dom i ogród,Facebook Ads,222.91
ZAM-2025-002572,2025-02-02,Odzież,Marketplace,153.78
ZAM-2025-009578,2025-10-31,Uroda,Sklep internetowy,121.98
ZAM-2025-011063,2025-05-02,Sport,Sklep internetowy,180.95
ZAM-2025-013959,2025-12-02,Zabawki i prezenty,Marketplace,54.27
ZAM-2025-012482,2025-02-21,Zabawki i prezenty,Marketplace,75.7
ZAM-2025-003249,2025-05-16,Odzież,Google Ads,76.61
ZAM-2025-006385,2025-07-21,Dom i ogród,Sklep internetowy,388.83
ZAM-2025-009252,2025-09-03,Uroda,Marketplace,108.96
ZAM-2025-013595,2025-11-08,Zabawki i prezenty,Google Ads,84.03
ZAM-2025-004521,2025-10-29,Odzież,Sklep internetowy,103.46
ZAM-2025-007102,2025-11-01,Dom i ogród,Marketplace,155.92
ZAM-2025-002974,2025-04-04,Odzież,Sklep internetowy,171.9
ZAM-2025-007758,2025-02-25,Uroda,Sklep internetowy,65.44
ZAM-2025-003812,2025-07-16,Odzież,Google Ads,162.6
ZAM-2025-013426,2025-11-30,Zabawki i prezenty,Marketplace,60.15
ZAM-2025-011486,2025-07-14,Sport,Marketplace,208.97
ZAM-2025-001876,2025-11-18,Elektronika,Marketplace,255.65
ZAM-2025-013715,2025-12-30,Zabawki i prezenty,Sklep internetowy,129.42
ZAM-2025-003390,2025-05-24,Odzież,Facebook Ads,130.82
ZAM-2025-005273,2025-01-08,Dom i ogród,Sklep internetowy,186.47
ZAM-2025-013472,2025-11-19,Zabawki i prezenty,Google Ads,94.73
ZAM-2025-013767,2025-12-07,Zabawki i prezenty,Sklep internetowy,76.03
ZAM-2025-001075,2025-08-11,Elektronika,Marketplace,368.09
ZAM-2025-013264,2025-10-08,Zabawki i prezenty,Sklep internetowy,46.01
ZAM-2025-014009,2025-12-29,Zabawki i prezenty,Facebook Ads,82.24
ZAM-2025-004838,2025-11-07,Odzież,Google Ads,133.73
ZAM-2025-009110,2025-08-09,Uroda,Marketplace,55.41
ZAM-2025-002916,2025-04-11,Odzież,Sklep internetowy,113.3
ZAM-2025-001309,2025-09-13,Elektronika,Marketplace,341.35
ZAM-2025-008712,2025-06-12,Uroda,Sklep internetowy,113.26
ZAM-2025-004340,2025-10-17,Odzież,Sklep internetowy,30.67
ZAM-2025-010964,2025-05-18,Sport,Sklep internetowy,201.0
ZAM-2025-007898,2025-03-28,Uroda,Facebook Ads,118.28
ZAM-2025-008274,2025-04-24,Uroda,Sklep internetowy,89.22
ZAM-2025-000404,2025-03-19,Elektronika,Sklep internetowy,772.33
ZAM-2025-008027,2025-03-12,Uroda,Facebook Ads,113.9
ZAM-2025-001432,2025-10-26,Elektronika,Facebook Ads,151.21
ZAM-2025-013280,2025-11-20,Zabawki i prezenty,Google Ads,46.78
ZAM-2025-014046,2025-12-28,Zabawki i prezenty,Facebook Ads,101.51
ZAM-2025-010736,2025-03-01,Sport,Marketplace,116.56
ZAM-2025-006270,2025-06-28,Dom i ogród,Marketplace,309.13
ZAM-2025-009902,2025-12-30,Uroda,Sklep internetowy,72.73
ZAM-2025-006705,2025-08-23,Dom i ogród,Facebook Ads,184.74
ZAM-2025-011378,2025-07-02,Sport,Marketplace,215.45
ZAM-2025-007626,2025-02-28,Uroda,Marketplace,84.35
ZAM-2025-004296,2025-09-19,Odzież,Marketplace,159.65
ZAM-2025-003563,2025-06-25,Odzież,Sklep internetowy,284.12
ZAM-2025-008402,2025-05-01,Uroda,Sklep internetowy,97.57
ZAM-2025-003154,2025-04-28,Odzież,Google Ads,144.83
ZAM-2025-001740,2025-11-11,Elektronika,Marketplace,310.65
ZAM-2025-007080,2025-10-06,Dom i ogród,Marketplace,360.76
ZAM-2025-010435,2025-02-11,Sport,Facebook Ads,148.39
ZAM-2025-011756,2025-08-04,Sport,Sklep internetowy,160.71
ZAM-2025-002398,2025-01-05,Odzież,Google Ads,151.6
ZAM-2025-013089,2025-09-20,Zabawki i prezenty,Sklep internetowy,91.42
ZAM-2025-011539,2025-07-26,Sport,Sklep internetowy,19
ZAM-2025-012388,2025-01-06,Zabawki i prezenty,Facebook Ads,111.56
ZAM-2025-012831,2025-06-03,Zabawki i prezenty,Marketplace,65.04
ZAM-2025-007145,2025-11-12,Dom i ogród,Marketplace,179.58
ZAM-2025-013844,2025-12-05,Zabawki i prezenty,Facebook Ads,108.17
ZAM-2025-002476,2025-02-15,Odzież,Google Ads,162.51
ZAM-2025-006867,2025-09-19,Dom i ogród,Facebook Ads,336.18
ZAM-2025-002140,2025-12-22,Elektronika,Sklep internetowy,498.24
ZAM-2025-013342,2025-11-11,Zabawki i prezenty,Sklep internetowy,78.4
ZAM-2025-003327,2025-05-24,Odzież,Marketplace,94.61
ZAM-2025-010854,2025-04-20,Sport,Sklep internetowy,147.03
ZAM-2025-008585,2025-06-05,Uroda,Sklep internetowy,113.19
ZAM-2025-004415,2025-10-24,Odzież,Sklep internetowy,96.64
ZAM-2025-006064,2025-05-19,Dom i ogród,Facebook Ads,281.94
ZAM-2025-013036,2025-08-21,Zabawki i prezenty,Sklep internetowy,81.78
ZAM-2025-006852,2025-09-29,Dom i ogród,Marketplace,243.78
ZAM-2025-011307,2025-06-28,Sport,Google Ads,105.62
ZAM-2025-010304,2025-01-28,Sport,Google Ads,202.32
ZAM-2025-005553,2025-03-19,Dom i ogród,Google Ads,208.96
ZAM-2025-002205,2025-12-06,Elektronika,Sklep internetowy,293.78
ZAM-2025-006650,2025-08-29,Dom i ogród,Sklep internetowy,234.93
ZAM-2025-002474,2025-02-15,Odzież,Google Ads,69.0
ZAM-2025-011047,2025-05-31,Sport,Facebook Ads,127.6
ZAM-2025-007099,2025-11-03,Dom i ogród,Sklep internetowy,128.09
ZAM-2025-003998,2025-08-24,Odzież,Marketplace,121.31
ZAM-2025-005796,2025-04-28,Dom i ogród,Facebook Ads,180.48
ZAM-2025-004239,2025-09-21,Odzież,Sklep internetowy,88.64
ZAM-2025-002139,2025-12-29,Elektronika,Sklep internetowy,281.11
ZAM-2025-013972,2025-12-21,Zabawki i prezenty,Sklep internetowy,66.47
ZAM-2025-010520,2025-02-17,Sport,Marketplace,191.71
ZAM-2025-005420,2025-03-16,Dom i ogród,Marketplace,197.68
ZAM-2025-012254,2025-12-25,Sport,Facebook Ads,128.3
ZAM-2025-001228,2025-08-21,Elektronika,Marketplace,256.35
ZAM-2025-005158,2025-12-26,Odzież,Google Ads,96.57
ZAM-2025-009522,2025-10-17,Uroda,Google Ads,105.53
ZAM-2025-003140,2025-04-16,Odzież,Sklep internetowy,138.92
ZAM-2025-005285,2025-02-20,Dom i ogród,Sklep internetowy,184.9
ZAM-2025-004062,2025-09-11,Odzież,Sklep internetowy,120.92
ZAM-2025-004470,2025-10-06,Odzież,Sklep internetowy,142.87
ZAM-2025-004172,2025-09-10,Odzież,Facebook Ads,214.4
ZAM-2025-010836,2025-04-17,Sport,Marketplace,170.27
ZAM-2025-000515,2025-04-08,Elektronika,Sklep internetowy,345.33
ZAM-2025-002451,2025-02-24,Odzież,Google Ads,191.16
ZAM-2025-011649,2025-08-29,Sport,Sklep internetowy,91.06
ZAM-2025-001686,2025-11-11,Elektronika,Facebook Ads,167.69
ZAM-2025-000550,2025-04-02,Elektronika,Sklep internetowy,685.08
ZAM-2025-010150,2025-01-13,Sport,Marketplace,181.13
ZAM-2025-012106,2025-11-01,Sport,Facebook Ads,157.85
ZAM-2025-000534,2025-04-29,Elektronika,Marketplace,428.5
ZAM-2025-000762,2025-06-05,Elektronika,Sklep internetowy,391.44
ZAM-2025-005192,2025-01-28,Dom i ogród,Sklep internetowy,189.72
ZAM-2025-000219,2025-02-24,Elektronika,Sklep internetowy,343.67
ZAM-2025-007355,2025-12-10,Dom i ogród,Sklep internetowy,186.05
ZAM-2025-003757,2025-07-14,Odzież,Facebook Ads,102.62
ZAM-2025-002225,2025-12-24,Elektronika,Google Ads,161.95
ZAM-2025-008613,2025-06-09,Uroda,Sklep internetowy,72.5
ZAM-2025-007202,2025-11-16,Dom i ogród,Sklep internetowy,144.28
ZAM-2025-009689,2025-11-22,Uroda,Marketplace,70.64
ZAM-2025-013651,2025-12-03,Zabawki i prezenty,Marketplace,60.73
ZAM-2025-001063,2025-07-01,Elektronika,Sklep internetowy,290.59
ZAM-2025-004881,2025-12-14,Odzież,Facebook Ads,155.68
ZAM-2025-006923,2025-09-12,Dom i ogród,Sklep internetowy,125.34
ZAM-2025-011225,2025-06-16,Sport,Sklep internetowy,139.43
ZAM-2025-007425,2025-01-31,Uroda,Marketplace,105.75
ZAM-2025-013786,2025-12-23,Zabawki i prezenty,Marketplace,119.74
ZAM-2025-006982,2025-10-17,Dom i ogród,Google Ads,148.02
ZAM-2025-013400,2025-11-05,Zabawki i prezenty,Google Ads,88.18
ZAM-2025-005044,2025-12-17,Odzież,Marketplace,74.2
ZAM-2025-004373,2025-10-29,Odzież,Sklep internetowy,168.36
ZAM-2025-006500,2025-07-20,Dom i ogród,Google Ads,183.3
ZAM-2025-003191,2025-04-06,Odzież,Sklep internetowy,139.62
ZAM-2025-007682,2025-02-23,Uroda,Marketplace,52.96
ZAM-2025-012347,2025-12-27,Sport,Marketplace,179.78
ZAM-2025-010430,2025-02-09,Sport,Sklep internetowy,199.29
ZAM-2025-004593,2025-10-08,Odzież,Sklep internetowy,119.93
ZAM-2025-013116,2025-09-19,Zabawki i prezenty,Sklep internetowy,35.91
ZAM-2025-003473,2025-05-16,Odzież,Sklep internetowy,186.5
ZAM-2025-003096,2025-04-18,Odzież,Sklep internetowy,77.31
ZAM-2025-008528,2025-05-07,Uroda,Sklep internetowy,113.09
ZAM-2025-008665,2025-06-04,Uroda,Facebook Ads,29.82
ZAM-2025-005773,2025-04-28,Dom i ogród,Facebook Ads,235.99
ZAM-2025-004940,2025-12-23,Odzież,Sklep internetowy,147.72
ZAM-2025-011781,2025-08-06,Sport,Sklep internetowy,144.23
ZAM-2025-011211,2025-06-04,Sport,Facebook Ads,113.09
ZAM-2025-004742,2025-11-27,Odzież,Google Ads,155.6
ZAM-2025-010106,2025-01-17,Sport,Sklep internetowy,246.69
ZAM-2025-010490,2025-02-03,Sport,Facebook Ads,152.97
ZAM-2025-000520,2025-04-10,Elektronika,Facebook Ads,461.9
ZAM-2025-006125,2025-06-02,Dom i ogród,Google Ads,298.85
ZAM-2025-012101,2025-11-23,Sport,Marketplace,77.93
ZAM-2025-011404,2025-07-12,Sport,Google Ads,273.8
ZAM-2025-010086,2025-12-05,Uroda,Facebook Ads,74.4
ZAM-2025-002805,2025-03-31,Odzież,Sklep internetowy,152.23
ZAM-2025-013605,2025-11-27,Zabawki i prezenty,Sklep internetowy,47.86
ZAM-2025-013201,2025-10-13,Zabawki i prezenty,Marketplace,55.13
ZAM-2025-005644,2025-04-11,Dom i ogród,Marketplace,133.64
ZAM-2025-006326,2025-06-29,Dom i ogród,Marketplace,209.61
ZAM-2025-014112,2025-12-17,Zabawki i prezenty,Marketplace,92.9
ZAM-2025-007816,2025-02-18,Uroda,Sklep internetowy,114.5
ZAM-2025-000996,2025-07-22,Elektronika,Sklep internetowy,224.27
ZAM-2025-000185,2025-02-12,Elektronika,Marketplace,523.02
ZAM-2025-008155,2025-04-14,Uroda,Sklep internetowy,110.88
ZAM-2025-008269,2025-04-13,Uroda,Sklep internetowy,92.17
ZAM-2025-010421,2025-02-24,Sport,Marketplace,164.36
ZAM-2025-000411,2025-03-18,Elektronika,Google Ads,149.88
ZAM-2025-004210,2025-09-20,Odzież,Marketplace,122.01
ZAM-2025-006972,2025-10-16,Dom i ogród,Sklep internetowy,256.4
ZAM-2025-011236,2025-06-07,Sport,Marketplace,161.43
ZAM-2025-008565,2025-05-09,Uroda,Sklep internetowy,86.52
ZAM-2025-001168,2025-08-18,Elektronika,Sklep internetowy,378.27
ZAM-2025-005668,2025-04-21,Dom i ogród,Sklep internetowy,89.13
ZAM-2025-003758,2025-07-14,Odzież,Google Ads,207.38
ZAM-2025-013825,2025-12-24,Zabawki i prezenty,Sklep internetowy,78.61
ZAM-2025-012377,2025-01-20,Zabawki i prezenty,Sklep internetowy,57.87
ZAM-2025-008635,2025-06-14,Uroda,Sklep internetowy,106.71
ZAM-2025-000053,2025-01-05,Elektronika,Marketplace,19.01
ZAM-2025-008123,2025-04-22,Uroda,Marketplace,120.82
ZAM-2025-009657,2025-11-10,Uroda,Google Ads,114.53
ZAM-2025-009927,2025-12-19,Uroda,Facebook Ads,132.82
ZAM-2025-010883,2025-04-05,Sport,Sklep internetowy,177.77
ZAM-2025-004145,2025-09-06,Odzież,Marketplace,133.23
ZAM-2025-012818,2025-06-24,Zabawki i prezenty,Marketplace,120.32
ZAM-2025-006248,2025-06-20,Dom i ogród,Google Ads,202.12
ZAM-2025-013741,2025-12-29,Zabawki i prezenty,Marketplace,67.24
ZAM-2025-004633,2025-11-14,Odzież,Facebook Ads,104.23
ZAM-2025-004609,2025-10-26,Odzież,Facebook Ads,144.44
ZAM-2025-012387,2025-01-23,Zabawki i prezenty,Marketplace,52.52
ZAM-2025-007137,2025-11-05,Dom i ogród,Google Ads,87.14
ZAM-2025-013855,2025-12-18,Zabawki i prezenty,Sklep internetowy,85.78
ZAM-2025-012760,2025-05-28,Zabawki i prezenty,Google Ads,28.82
ZAM-2025-012374,2025-12-13,Sport,Sklep internetowy,217.25
ZAM-2025-001530,2025-10-25,Elektronika,Google Ads,467.43
ZAM-2025-006013,2025-05-30,Dom i ogród,Marketplace,213.06
ZAM-2025-011488,2025-07-19,Sport,Google Ads,157.48
ZAM-2025-003989,2025-08-22,Odzież,Facebook Ads,166.44
ZAM-2025-002394,2025-01-16,Odzież,Sklep internetowy,131.39
ZAM-2025-006225,2025-06-25,Dom i ogród,Sklep internetowy,57.35
ZAM-2025-002206,2025-12-28,Elektronika,Marketplace,374.81
ZAM-2025-002783,2025-03-26,Odzież,Facebook Ads,79.6
ZAM-2025-002107,2025-12-28,Elektronika,Marketplace,445.69
ZAM-2025-010433,2025-02-02,Sport,Sklep internetowy,64.79
ZAM-2025-000553,2025-04-22,Elektronika,Sklep internetowy,308.58
ZAM-2025-011956,2025-09-22,Sport,Facebook Ads,231.28
ZAM-2025-001664,2025-11-06,Elektronika,Sklep internetowy,345.96
ZAM-2025-007631,2025-02-06,Uroda,Sklep internetowy,85.64
ZAM-2025-005406,2025-02-07,Dom i ogród,Sklep internetowy,187.59
ZAM-2025-003862,2025-08-30,Odzież,Sklep internetowy,144.63
ZAM-2025-001149,2025-08-11,Elektronika,Marketplace,295.92
ZAM-2025-013102,2025-09-16,Zabawki i prezenty,Sklep internetowy,38.92
ZAM-2025-003459,2025-05-08,Odzież,Sklep internetowy,195.63
ZAM-2025-012376,2025-12-13,Sport,Facebook Ads,168.57
ZAM-2025-006453,2025-07-03,Dom i ogród,Sklep internetowy,129.27
ZAM-2025-001622,2025-11-12,Elektronika,Marketplace,407.96
ZAM-2025-006616,2025-08-24,Dom i ogród,Marketplace,142.2
ZAM-2025-005713,2025-04-02,Dom i ogród,Marketplace,364.67
ZAM-2025-004461,2025-10-06,Odzież,Sklep internetowy,135.36
ZAM-2025-010017,2025-12-22,Uroda,Marketplace,106.37
ZAM-2025-008817,2025-07-02,Uroda,Marketplace,60.81
ZAM-2025-007199,2025-11-08,Dom i ogród,Marketplace,92.55
ZAM-2025-001483,2025-10-10,Elektronika,Google Ads,374.54
ZAM-2025-012836,2025-06-30,Zabawki i prezenty,Sklep internetowy,82.52
ZAM-2025-001030,2025-07-02,Elektronika,Sklep internetowy,530.8
ZAM-2025-013475,2025-11-26,Zabawki i prezenty,Facebook Ads,48.93
ZAM-2025-002706,2025-03-24,Odzież,Facebook Ads,65.12
ZAM-2025-005108,2025-12-12,Odzież,Sklep internetowy,81.93
ZAM-2025-006850,2025-09-18,Dom i ogród,Facebook Ads,21.32
ZAM-2025-002565,2025-02-05,Odzież,Google Ads,143.27
ZAM-2025-003179,2025-04-12,Odzież,Marketplace,89.86
ZAM-2025-008797,2025-07-12,Uroda,Google Ads,114.68
ZAM-2025-010468,2025-02-09,Sport,Facebook Ads,115.11
ZAM-2025-005121,2025-12-01,Odzież,Marketplace,168.94
ZAM-2025-012808,2025-06-02,Zabawki i prezenty,Google Ads,85.88
ZAM-2025-000890,2025-06-12,Elektronika,Sklep internetowy,395.07
ZAM-2025-008812,2025-07-17,Uroda,Facebook Ads,92.56
ZAM-2025-007670,2025-02-10,Uroda,Marketplace,39.57
ZAM-2025-003879,2025-08-17,Odzież,Marketplace,50.32
ZAM-2025-004837,2025-11-06,Odzież,Facebook Ads,143.1
ZAM-2025-001929,2025-11-06,Elektronika,Google Ads,209.04
ZAM-2025-003199,2025-04-15,Odzież,Marketplace,106.51
ZAM-2025-001720,2025-11-07,Elektronika,Marketplace,242.24
ZAM-2025-006591,2025-08-11,Dom i ogród,Sklep internetowy,173.52
ZAM-2025-007358,2025-12-13,Dom i ogród,Sklep internetowy,261.72
ZAM-2025-006778,2025-08-23,Dom i ogród,Sklep internetowy,140.63
ZAM-2025-013196,2025-10-18,Zabawki i prezenty,Sklep internetowy,48.28
ZAM-2025-010713,2025-03-10,Sport,Sklep internetowy,159.73
ZAM-2025-000972,2025-07-14,Elektronika,Marketplace,351.59
ZAM-2025-009724,2025-11-13,Uroda,Google Ads,92.33
ZAM-2025-014005,2025-12-15,Zabawki i prezenty,Sklep internetowy,74.14
ZAM-2025-012337,2025-12-11,Sport,Sklep internetowy,152.78
ZAM-2025-003734,2025-07-08,Odzież,Facebook Ads,148.05
ZAM-2025-003409,2025-05-20,Odzież,Google Ads,142.3
ZAM-2025-008908,2025-07-26,Uroda,Marketplace,130.56
ZAM-2025-004220,2025-09-18,Odzież,Sklep internetowy,152.92
ZAM-2025-006338,2025-06-10,Dom i ogród,Sklep internetowy,143.92
ZAM-2025-011733,2025-08-11,Sport,Sklep internetowy,188.48
ZAM-2025-005052,2025-12-05,Odzież,Sklep internetowy,146.31
ZAM-2025-004401,2025-10-01,Odzież,Marketplace,124.3
ZAM-2025-000363,2025-03-30,Elektronika,Google Ads,222.04
ZAM-2025-000922,2025-06-14,Elektronika,Sklep internetowy,177.21
ZAM-2025-009313,2025-09-19,Uroda,Marketplace,69.94
ZAM-2025-009636,2025-11-17,Uroda,Google Ads,55.72
ZAM-2025-004910,2025-12-11,Odzież,Facebook Ads,108.56
ZAM-2025-009695,2025-11-17,Uroda,Marketplace,45.44
ZAM-2025-003166,2025-04-19,Odzież,Marketplace,140.29
ZAM-2025-001966,2025-12-02,Elektronika,Facebook Ads,465.91
ZAM-2025-013261,2025-10-17,Zabawki i prezenty,Facebook Ads,62.61
ZAM-2025-009682,2025-11-09,Uroda,Google Ads,117.85
ZAM-2025-011800,2025-09-29,Sport,Marketplace,188.47
ZAM-2025-013340,2025-11-26,Zabawki i prezenty,Sklep internetowy,79.24
ZAM-2025-008306,2025-05-19,Uroda,Sklep internetowy,61.63
ZAM-2025-014138,2025-12-29,Zabawki i prezenty,Facebook Ads,92.22
ZAM-2025-000965,2025-07-10,Elektronika,Marketplace,457.12
ZAM-2025-007619,2025-02-22,Uroda,Marketplace,51.88
ZAM-2025-009257,2025-09-13,Uroda,Marketplace,133.53
ZAM-2025-014113,2025-12-22,Zabawki i prezenty,Sklep internetowy,122.24
ZAM-2025-012310,2025-12-06,Sport,Sklep internetowy,188.66
ZAM-2025-003715,2025-07-01,Odzież,Facebook Ads,174.98
ZAM-2025-005376,2025-02-19,Dom i ogród,Facebook Ads,196.08
ZAM-2025-008125,2025-04-25,Uroda,Marketplace,106.32
ZAM-2025-012044,2025-10-02,Sport,Google Ads,75.62
ZAM-2025-008755,2025-06-17,Uroda,Sklep internetowy,135.37
ZAM-2025-000421,2025-03-08,Elektronika,Marketplace,504.3
ZAM-2025-007658,2025-02-25,Uroda,Sklep internetowy,107.66
ZAM-2025-006528,2025-07-28,Dom i ogród,Sklep internetowy,95.91
ZAM-2025-012322,2025-12-01,Sport,Marketplace,110.89
ZAM-2025-008248,2025-04-15,Uroda,Marketplace,100.38
ZAM-2025-001462,2025-10-16,Elektronika,Sklep internetowy,418.03
ZAM-2025-003495,2025-06-22,Odzież,Sklep internetowy,78.09
ZAM-2025-006378,2025-07-04,Dom i ogród,Facebook Ads,70.87
ZAM-2025-011452,2025-07-25,Sport,Sklep internetowy,162.75
ZAM-2025-002933,2025-04-05,Odzież,Facebook Ads,155.92
ZAM-2025-000586,2025-04-16,Elektronika,Marketplace,490.57
ZAM-2025-005249,2025-01-12,Dom i ogród,Facebook Ads,167.63
ZAM-2025-002895,2025-04-25,Odzież,Facebook Ads,91.79
ZAM-2025-005579,2025-03-21,Dom i ogród,Sklep internetowy,138.5
ZAM-2025-003741,2025-07-07,Odzież,Sklep internetowy,141.47
ZAM-2025-004384,2025-10-21,Odzież,Marketplace,97.48
ZAM-2025-012584,2025-03-12,Zabawki i prezenty,Sklep internetowy,71.97
ZAM-2025-011643,2025-08-26,Sport,Sklep internetowy,112.21
ZAM-2025-006680,2025-08-26,Dom i ogród,Sklep internetowy,118.74
ZAM-2025-011809,2025-09-20,Sport,Google Ads,154.67
ZAM-2025-005641,2025-04-04,Dom i ogród,Sklep internetowy,89.0
ZAM-2025-005340,2025-02-16,Dom i ogród,Sklep internetowy,203.79
ZAM-2025-001134,2025-08-07,Elektronika,Sklep internetowy,208.93
ZAM-2025-013386,2025-11-18,Zabawki i prezenty,Sklep internetowy,71.7
ZAM-2025-002295,2025-01-26,Odzież,Google Ads,117.03
ZAM-2025-013189,2025-10-25,Zabawki i prezenty,Sklep internetowy,64.64
ZAM-2025-004348,2025-10-13,Odzież,Sklep internetowy,146.27
ZAM-2025-011096,2025-05-19,Sport,Marketplace,126.62
ZAM-2025-000945,2025-07-17,Elektronika,Marketplace,601.74
ZAM-2025-003969,2025-08-23,Odzież,Google Ads,174.33
ZAM-2025-002939,2025-04-20,Odzież,Sklep internetowy,130.21
ZAM-2025-007527,2025-01-03,Uroda,Sklep internetowy,102.42
ZAM-2025-006105,2025-06-18,Dom i ogród,Facebook Ads,93.55
ZAM-2025-005154,2025-12-02,Odzież,Facebook Ads,152.8
ZAM-2025-007634,2025-02-15,Uroda,Google Ads,72.48
ZAM-2025-006707,2025-08-08,Dom i ogród,Sklep internetowy,265.52
ZAM-2025-011934,2025-09-12,Sport,Marketplace,182.19
ZAM-2025-000092,2025-01-30,Elektronika,Sklep internetowy,339.96
ZAM-2025-003197,2025-04-04,Odzież,Marketplace,178.46
ZAM-2025-010554,2025-03-26,Sport,Google Ads,149.54
ZAM-2025-004908,2025-12-12,Odzież,Sklep internetowy,130.47
ZAM-2025-011887,2025-09-27,Sport,Marketplace,136.69
ZAM-2025-012222,2025-12-31,Sport,Marketplace,253.43
ZAM-2025-009608,2025-11-04,Uroda,Sklep internetowy,102.6
ZAM-2025-002253,2025-01-06,Odzież,Facebook Ads,84.89
ZAM-2025-004077,2025-09-04,Odzież,Sklep internetowy,147.94
ZAM-2025-002808,2025-03-24,Odzież,Google Ads,70.36
ZAM-2025-005298,2025-02-16,Dom i ogród,Sklep internetowy,159.92
ZAM-2025-004769,2025-11-23,Odzież,Sklep internetowy,67.06
ZAM-2025-010973,2025-05-12,Sport,Facebook Ads,197.95
ZAM-2025-006717,2025-08-12,Dom i ogród,Facebook Ads,292.17
ZAM-2025-001515,2025-10-03,Elektronika,Google Ads,160.91
ZAM-2025-006332,2025-06-04,Dom i ogród,Sklep internetowy,119.41
ZAM-2025-000165,2025-02-18,Elektronika,Google Ads,362.06
ZAM-2025-008145,2025-04-13,Uroda,Marketplace,114.93
ZAM-2025-010788,2025-04-26,Sport,Marketplace,143.89
ZAM-2025-011207,2025-06-22,Sport,Sklep internetowy,137.53
ZAM-2025-002844,2025-03-03,Odzież,Facebook Ads,120.98
ZAM-2025-013822,2025-12-13,Zabawki i prezenty,Google Ads,80.48
ZAM-2025-002078,2025-12-24,Elektronika,Marketplace,513.54
ZAM-2025-010406,2025-02-18,Sport,Facebook Ads,203.28
ZAM-2025-013050,2025-09-18,Zabawki i prezenty,Sklep internetowy,76.25
ZAM-2025-009352,2025-09-18,Uroda,Sklep internetowy,137.18
ZAM-2025-003679,2025-06-28,Odzież,Marketplace,142.52
ZAM-2025-000080,2025-01-03,Elektronika,Facebook Ads,408.44
ZAM-2025-009510,2025-10-04,Uroda,Sklep internetowy,116.12
ZAM-2025-010549,2025-02-04,Sport,Facebook Ads,134.69
ZAM-2025-013507,2025-11-24,Zabawki i prezenty,Facebook Ads,44.43
ZAM-2025-005303,2025-02-02,Dom i ogród,Sklep internetowy,248.84
ZAM-2025-007981,2025-03-14,Uroda,Sklep internetowy,67.5
ZAM-2025-010113,2025-01-06,Sport,Google Ads,197.99
ZAM-2025-002045,2025-12-04,Elektronika,Facebook Ads,294.16
ZAM-2025-011301,2025-06-15,Sport,Google Ads,220.01
ZAM-2025-013314,2025-11-17,Zabawki i prezenty,Facebook Ads,113.58
ZAM-2025-013551,2025-11-05,Zabawki i prezenty,Facebook Ads,29.49
ZAM-2025-011141,2025-05-17,Sport,Facebook Ads,180.68
ZAM-2025-005185,2025-01-28,Dom i ogród,Sklep internetowy,241.71
ZAM-2025-000331,2025-03-10,Elektronika,Sklep internetowy,529.14
ZAM-2025-006409,2025-07-15,Dom i ogród,Marketplace,146.0
ZAM-2025-006025,2025-05-21,Dom i ogród,Marketplace,185.27
ZAM-2025-008243,2025-04-18,Uroda,Marketplace,104.79
ZAM-2025-001722,2025-11-14,Elektronika,Sklep internetowy,141.51
ZAM-2025-010563,2025-03-12,Sport,Google Ads,231.55
ZAM-2025-002525,2025-02-16,Odzież,Facebook Ads,102.22
ZAM-2025-008251,2025-04-03,Uroda,Sklep internetowy,69.59
ZAM-2025-009338,2025-09-27,Uroda,Marketplace,119.18
ZAM-2025-007159,2025-11-12,Dom i ogród,Marketplace,253.49
ZAM-2025-006648,2025-08-30,Dom i ogród,Facebook Ads,199.44
ZAM-2025-009021,2025-08-19,Uroda,Facebook Ads,76.93
ZAM-2025-000915,2025-06-25,Elektronika,Sklep internetowy,363.68
ZAM-2025-003685,2025-07-12,Odzież,Sklep internetowy,118.32
ZAM-2025-010594,2025-03-02,Sport,Sklep internetowy,269.13
ZAM-2025-013700,2025-12-26,Zabawki i prezenty,Sklep internetowy,73.59
ZAM-2025-008968,2025-08-24,Uroda,Sklep internetowy,125.75
ZAM-2025-000822,2025-06-26,Elektronika,Marketplace,123.55
ZAM-2025-007876,2025-03-01,Uroda,Marketplace,85.1
ZAM-2025-005286,2025-02-22,Dom i ogród,Sklep internetowy,276.16
ZAM-2025-001875,2025-11-19,Elektronika,Google Ads,318.84
ZAM-2025-004657,2025-11-02,Odzież,Facebook Ads,146.7
ZAM-2025-013204,2025-10-21,Zabawki i prezenty,Google Ads,105.89
ZAM-2025-005210,2025-01-02,Dom i ogród,Sklep internetowy,93.33
ZAM-2025-002019,2025-12-22,Elektronika,Google Ads,428.1
ZAM-2025-007044,2025-10-01,Dom i ogród,Sklep internetowy,124.92
ZAM-2025-010446,2025-02-04,Sport,Google Ads,132.87
ZAM-2025-009995,2025-12-31,Uroda,Marketplace,23.2
ZAM-2025-000673,2025-05-26,Elektronika,Marketplace,237.82
ZAM-2025-002773,2025-03-22,Odzież,Sklep internetowy,156.53
ZAM-2025-005563,2025-03-09,Dom i ogród,Marketplace,242.08
ZAM-2025-000171,2025-02-02,Elektronika,Marketplace,279.14
ZAM-2025-003448,2025-05-12,Odzież,Marketplace,165.98
ZAM-2025-012678,2025-04-30,Zabawki i prezenty,Google Ads,87.28
ZAM-2025-007587,2025-01-11,Uroda,Marketplace,125.67
ZAM-2025-012721,2025-05-18,Zabawki i prezenty,Marketplace,63.98
ZAM-2025-007283,2025-12-15,Dom i ogród,Sklep internetowy,238.13
ZAM-2025-003306,2025-05-21,Odzież,Facebook Ads,207.15
ZAM-2025-013549,2025-11-10,Zabawki i prezenty,Facebook Ads,108.63
ZAM-2025-002749,2025-03-18,Odzież,Sklep internetowy,129.76
ZAM-2025-004509,2025-10-11,Odzież,Google Ads,183.19
ZAM-2025-012542,2025-03-01,Zabawki i prezenty,Marketplace,69.29
ZAM-2025-008836,2025-07-18,Uroda,Google Ads,113.87
ZAM-2025-006715,2025-08-11,Dom i ogród,Sklep internetowy,145.61
ZAM-2025-001493,2025-10-28,Elektronika,Marketplace,529.65
ZAM-2025-013514,2025-11-07,Zabawki i prezenty,Facebook Ads,110.6
ZAM-2025-009629,2025-11-06,Uroda,Marketplace,70.25
ZAM-2025-003036,2025-04-22,Odzież,Sklep internetowy,162.44
ZAM-2025-010818,2025-04-20,Sport,Facebook Ads,193.13
ZAM-2025-005062,2025-12-02,Odzież,Facebook Ads,71.46
ZAM-2025-011164,2025-06-26,Sport,Facebook Ads,222.92
ZAM-2025-006670,2025-08-30,Dom i ogród,Facebook Ads,90.13
ZAM-2025-009099,2025-08-27,Uroda,Sklep internetowy,79.71
ZAM-2025-003290,2025-05-28,Odzież,Google Ads,208.64
ZAM-2025-000607,2025-05-11,Elektronika,Google Ads,361.79
ZAM-2025-007495,2025-01-05,Uroda,Marketplace,86.02
ZAM-2025-002177,2025-12-22,Elektronika,Google Ads,181.88
ZAM-2025-007826,2025-02-01,Uroda,Facebook Ads,94.68
ZAM-2025-007965,2025-03-15,Uroda,Sklep internetowy,82.3
ZAM-2025-000085,2025-01-13,Elektronika,Sklep internetowy,377.33
ZAM-2025-003880,2025-08-05,Odzież,Sklep internetowy,155.84
ZAM-2025-009763,2025-11-23,Uroda,Marketplace,109.56
ZAM-2025-000004,2025-01-14,Elektronika,Sklep internetowy,323.21
ZAM-2025-008800,2025-07-05,Uroda,Sklep internetowy,64.48
ZAM-2025-005250,2025-01-10,Dom i ogród,Sklep internetowy,263.96
ZAM-2025-006534,2025-07-28,Dom i ogród,Marketplace,153.23
ZAM-2025-005978,2025-05-16,Dom i ogród,Google Ads,333.96
ZAM-2025-007094,2025-10-21,Dom i ogród,Facebook Ads,221.01
ZAM-2025-005587,2025-03-05,Dom i ogród,Sklep internetowy,161.83
ZAM-2025-013388,2025-11-30,Zabawki i prezenty,Sklep internetowy,73.64
ZAM-2025-007257,2025-12-09,Dom i ogród,Sklep internetowy,142.39
ZAM-2025-000019,2025-01-17,Elektronika,Marketplace,240.62
ZAM-2025-008958,2025-07-27,Uroda,Sklep internetowy,81.08
ZAM-2025-005218,2025-01-09,Dom i ogród,Sklep internetowy,155.35
ZAM-2025-004469,2025-10-04,Odzież,Sklep internetowy,225.16
ZAM-2025-005753,2025-04-09,Dom i ogród,Google Ads,148.13
ZAM-2025-005993,2025-05-17,Dom i ogród,Sklep internetowy,79.68
ZAM-2025-007073,2025-10-07,Dom i ogród,Facebook Ads,256.88
ZAM-2025-003153,2025-04-06,Odzież,Marketplace,253.59
ZAM-2025-009093,2025-08-16,Uroda,Google Ads,93.76
ZAM-2025-004216,2025-09-18,Odzież,Facebook Ads,164.73
ZAM-2025-008318,2025-05-15,Uroda,Sklep internetowy,92.86
ZAM-2025-008101,2025-04-17,Uroda,Marketplace,82.72
ZAM-2025-002720,2025-03-10,Odzież,Marketplace,83.62
ZAM-2025-011904,2025-09-05,Sport,Google Ads,182.48
ZAM-2025-000132,2025-01-25,Elektronika,Sklep internetowy,453.07
ZAM-2025-010756,2025-03-06,Sport,Sklep internetowy,237.01
ZAM-2025-009790,2025-11-17,Uroda,Google Ads,97.07
ZAM-2025-012022,2025-10-05,Sport,Marketplace,215.14
ZAM-2025-013359,2025-11-02,Zabawki i prezenty,Marketplace,100.43
ZAM-2025-002082,2025-12-24,Elektronika,Facebook Ads,19
ZAM-2025-000266,2025-02-09,Elektronika,Sklep internetowy,726.35
ZAM-2025-001027,2025-07-13,Elektronika,Sklep internetowy,19
ZAM-2025-013516,2025-11-27,Zabawki i prezenty,Facebook Ads,47.88
ZAM-2025-009652,2025-11-14,Uroda,Facebook Ads,98.98
ZAM-2025-009309,2025-09-27,Uroda,Sklep internetowy,69.98
ZAM-2025-000050,2025-01-07,Elektronika,Sklep internetowy,487.54
ZAM-2025-008014,2025-03-17,Uroda,Marketplace,83.16
ZAM-2025-004423,2025-10-28,Odzież,Sklep internetowy,107.5
ZAM-2025-008876,2025-07-19,Uroda,Google Ads,100.6
ZAM-2025-008715,2025-06-19,Uroda,Sklep internetowy,92.83
ZAM-2025-010561,2025-03-12,Sport,Sklep internetowy,162.16
ZAM-2025-000089,2025-01-16,Elektronika,Marketplace,302.31
ZAM-2025-004163,2025-09-30,Odzież,Sklep internetowy,199.93
ZAM-2025-011688,2025-08-30,Sport,Sklep internetowy,109.06
ZAM-2025-001830,2025-11-06,Elektronika,Sklep internetowy,379.95
ZAM-2025-003534,2025-06-13,Odzież,Google Ads,176.27
ZAM-2025-004162,2025-09-04,Odzież,Google Ads,159.21
ZAM-2025-002144,2025-12-01,Elektronika,Sklep internetowy,251.73
ZAM-2025-012994,2025-08-05,Zabawki i prezenty,Facebook Ads,65.32
ZAM-2025-009481,2025-10-19,Uroda,Marketplace,112.21
ZAM-2025-013099,2025-09-04,Zabawki i prezenty,Marketplace,69.04
ZAM-2025-012983,2025-08-06,Zabawki i prezenty,Sklep internetowy,142.25
ZAM-2025-014069,2025-12-11,Zabawki i prezenty,Facebook Ads,36.74
ZAM-2025-000755,2025-05-20,Elektronika,Google Ads,469.58
ZAM-2025-011253,2025-06-20,Sport,Sklep internetowy,265.41
ZAM-2025-012967,2025-08-12,Zabawki i prezenty,Sklep internetowy,97.75
ZAM-2025-000042,2025-01-06,Elektronika,Sklep internetowy,360.12
ZAM-2025-010177,2025-01-02,Sport,Facebook Ads,96.82
ZAM-2025-000205,2025-02-01,Elektronika,Marketplace,365.07
ZAM-2025-013032,2025-08-05,Zabawki i prezenty,Sklep internetowy,48.59
ZAM-2025-003797,2025-07-13,Odzież,Sklep internetowy,122.46
ZAM-2025-006576,2025-07-22,Dom i ogród,Sklep internetowy,48.66
ZAM-2025-001225,2025-08-10,Elektronika,Sklep internetowy,271.85
ZAM-2025-004328,2025-10-27,Odzież,Sklep internetowy,154.55
ZAM-2025-012248,2025-12-09,Sport,Google Ads,204.97
ZAM-2025-003704,2025-07-09,Odzież,Sklep internetowy,125.83
ZAM-2025-003531,2025-06-15,Odzież,Google Ads,70.57
ZAM-2025-012992,2025-08-28,Zabawki i prezenty,Facebook Ads,68.42
ZAM-2025-009697,2025-11-17,Uroda,Marketplace,106.12
ZAM-2025-003253,2025-05-22,Odzież,Sklep internetowy,30.29
ZAM-2025-001045,2025-07-19,Elektronika,Marketplace,129.94
ZAM-2025-005264,2025-01-02,Dom i ogród,Facebook Ads,310.64
ZAM-2025-013019,2025-08-16,Zabawki i prezenty,Sklep internetowy,65.53
ZAM-2025-014126,2025-12-10,Zabawki i prezenty,Sklep internetowy,80.65
ZAM-2025-005714,2025-04-06,Dom i ogród,Sklep internetowy,180.91
ZAM-2025-001915,2025-11-05,Elektronika,Marketplace,594.09
ZAM-2025-010527,2025-02-26,Sport,Sklep internetowy,136.41
ZAM-2025-006098,2025-06-23,Dom i ogród,Sklep internetowy,110.92
ZAM-2025-012466,2025-02-26,Zabawki i prezenty,Facebook Ads,36.43
ZAM-2025-007858,2025-02-13,Uroda,Facebook Ads,64.29
ZAM-2025-012378,2025-01-26,Zabawki i prezenty,Sklep internetowy,35.61
ZAM-2025-002523,2025-02-08,Odzież,Sklep internetowy,206.75
ZAM-2025-008209,2025-04-10,Uroda,Sklep internetowy,115.7
ZAM-2025-011891,2025-09-17,Sport,Marketplace,118.26
ZAM-2025-005550,2025-03-10,Dom i ogród,Sklep internetowy,152.89
ZAM-2025-007890,2025-03-06,Uroda,Marketplace,97.26
ZAM-2025-013995,2025-12-03,Zabawki i prezenty,Facebook Ads,72.99
ZAM-2025-011128,2025-05-06,Sport,Sklep internetowy,117.64
ZAM-2025-005697,2025-04-02,Dom i ogród,Google Ads,190.01
ZAM-2025-009575,2025-10-23,Uroda,Sklep internetowy,124.99
ZAM-2025-010135,2025-01-24,Sport,Sklep internetowy,163.37
ZAM-2025-004663,2025-11-28,Odzież,Sklep internetowy,123.96
ZAM-2025-011764,2025-08-29,Sport,Facebook Ads,153.12
ZAM-2025-005241,2025-01-17,Dom i ogród,Facebook Ads,286.56
ZAM-2025-002226,2025-12-04,Elektronika,Sklep internetowy,511.63
ZAM-2025-014105,2025-12-06,Zabawki i prezenty,Sklep internetowy,19
ZAM-2025-005687,2025-04-08,Dom i ogród,Facebook Ads,277.03
ZAM-2025-011709,2025-08-26,Sport,Marketplace,129.71
ZAM-2025-010492,2025-02-26,Sport,Google Ads,238.49
ZAM-2025-011665,2025-08-11,Sport,Sklep internetowy,135.73
ZAM-2025-004318,2025-09-17,Odzież,Sklep internetowy,147.37
ZAM-2025-005956,2025-05-20,Dom i ogród,Marketplace,169.11
ZAM-2025-007863,2025-02-14,Uroda,Marketplace,63.85
ZAM-2025-007003,2025-10-30,Dom i ogród,Marketplace,230.51
ZAM-2025-008137,2025-04-24,Uroda,Google Ads,94.49
ZAM-2025-003943,2025-08-09,Odzież,Sklep internetowy,67.64
ZAM-2025-007715,2025-02-22,Uroda,Google Ads,82.56
ZAM-2025-008483,2025-05-11,Uroda,Sklep internetowy,79.11
ZAM-2025-013477,2025-11-14,Zabawki i prezenty,Sklep internetowy,65.73
ZAM-2025-007532,2025-01-27,Uroda,Sklep internetowy,19
ZAM-2025-001322,2025-09-08,Elektronika,Facebook Ads,438.31
ZAM-2025-007512,2025-01-22,Uroda,Google Ads,83.52
ZAM-2025-002778,2025-03-23,Odzież,Sklep internetowy,131.07
ZAM-2025-008860,2025-07-05,Uroda,Sklep internetowy,91.95
ZAM-2025-005872,2025-05-27,Dom i ogród,Google Ads,117.85
ZAM-2025-001113,2025-08-05,Elektronika,Sklep internetowy,93.68
ZAM-2025-009016,2025-08-09,Uroda,Facebook Ads,116.39
ZAM-2025-001801,2025-11-28,Elektronika,Sklep internetowy,508.23
ZAM-2025-002663,2025-03-21,Odzież,Marketplace,124.12
ZAM-2025-007046,2025-10-14,Dom i ogród,Google Ads,76.67
ZAM-2025-001927,2025-11-23,Elektronika,Marketplace,279.43
ZAM-2025-002114,2025-12-08,Elektronika,Facebook Ads,336.52
ZAM-2025-012426,2025-01-23,Zabawki i prezenty,Facebook Ads,63.81
ZAM-2025-012531,2025-02-19,Zabawki i prezenty,Google Ads,84.69
ZAM-2025-005395,2025-02-08,Dom i ogród,Sklep internetowy,186.51
ZAM-2025-008716,2025-06-11,Uroda,Facebook Ads,95.49
ZAM-2025-012164,2025-11-30,Sport,Facebook Ads,220.46
ZAM-2025-001854,2025-11-07,Elektronika,Sklep internetowy,602.31
ZAM-2025-007554,2025-01-23,Uroda,Marketplace,82.87
ZAM-2025-007238,2025-12-14,Dom i ogród,Facebook Ads,186.56
ZAM-2025-006003,2025-05-25,Dom i ogród,Facebook Ads,225.14
ZAM-2025-013492,2025-11-23,Zabawki i prezenty,Sklep internetowy,79.77
ZAM-2025-005526,2025-03-25,Dom i ogród,Sklep internetowy,157.01
ZAM-2025-007731,2025-02-05,Uroda,Facebook Ads,88.7
ZAM-2025-007091,2025-10-30,Dom i ogród,Sklep internetowy,112.02
ZAM-2025-007717,2025-02-17,Uroda,Sklep internetowy,64.37
ZAM-2025-013277,2025-11-09,Zabawki i prezenty,Google Ads,71.89
ZAM-2025-003148,2025-04-02,Odzież,Sklep internetowy,98.83
ZAM-2025-006180,2025-06-18,Dom i ogród,Marketplace,385.38
ZAM-2025-008850,2025-07-04,Uroda,Marketplace,119.54
ZAM-2025-000312,2025-03-14,Elektronika,Facebook Ads,337.09
ZAM-2025-013685,2025-12-15,Zabawki i prezenty,Sklep internetowy,63.04
ZAM-2025-009333,2025-09-07,Uroda,Marketplace,115.13
ZAM-2025-010498,2025-02-07,Sport,Google Ads,217.73
ZAM-2025-002493,2025-02-26,Odzież,Sklep internetowy,97.09
ZAM-2025-010146,2025-01-10,Sport,Google Ads,177.14
ZAM-2025-006296,2025-06-29,Dom i ogród,Marketplace,205.06
ZAM-2025-013056,2025-09-13,Zabawki i prezenty,Sklep internetowy,89.72
ZAM-2025-003277,2025-05-10,Odzież,Google Ads,83.88
ZAM-2025-007130,2025-11-26,Dom i ogród,Facebook Ads,51.49
ZAM-2025-011890,2025-09-28,Sport,Google Ads,105.16
ZAM-2025-002009,2025-12-18,Elektronika,Sklep internetowy,436.13
ZAM-2025-008750,2025-06-15,Uroda,Facebook Ads,127.71
ZAM-2025-011126,2025-05-11,Sport,Sklep internetowy,204.9
ZAM-2025-007788,2025-02-28,Uroda,Sklep internetowy,98.34
ZAM-2025-008920,2025-07-12,Uroda,Marketplace,97.87
ZAM-2025-011599,2025-08-16,Sport,Marketplace,196.68
ZAM-2025-001185,2025-08-09,Elektronika,Google Ads,294.74
ZAM-2025-003902,2025-08-23,Odzież,Google Ads,158.05
ZAM-2025-000161,2025-02-22,Elektronika,Facebook Ads,582.01
ZAM-2025-003032,2025-04-11,Odzież,Sklep internetowy,110.13
ZAM-2025-002176,2025-12-03,Elektronika,Google Ads,151.0
ZAM-2025-006779,2025-08-26,Dom i ogród,Sklep internetowy,182.77
ZAM-2025-010774,2025-04-03,Sport,Marketplace,151.35
ZAM-2025-012962,2025-08-23,Zabawki i prezenty,Sklep internetowy,61.55
ZAM-2025-005479,2025-03-25,Dom i ogród,Marketplace,198.73
ZAM-2025-011162,2025-06-12,Sport,Sklep internetowy,138.0
ZAM-2025-008667,2025-06-07,Uroda,Marketplace,83.75
ZAM-2025-002163,2025-12-03,Elektronika,Marketplace,505.93
ZAM-2025-012862,2025-06-11,Zabawki i prezenty,Marketplace,57.74
ZAM-2025-011636,2025-08-16,Sport,Sklep internetowy,107.89
ZAM-2025-005664,2025-04-04,Dom i ogród,Google Ads,198.71
ZAM-2025-003084,2025-04-24,Odzież,Facebook Ads,121.79
ZAM-2025-009730,2025-11-27,Uroda,Sklep internetowy,111.75
ZAM-2025-001694,2025-11-14,Elektronika,Marketplace,398.27
ZAM-2025-003136,2025-04-27,Odzież,Facebook Ads,161.29
ZAM-2025-006884,2025-09-27,Dom i ogród,Sklep internetowy,252.37
ZAM-2025-000474,2025-04-13,Elektronika,Sklep internetowy,204.96
ZAM-2025-011916,2025-09-09,Sport,Google Ads,291.95
ZAM-2025-007486,2025-01-11,Uroda,Sklep internetowy,112.77
ZAM-2025-000567,2025-04-24,Elektronika,Facebook Ads,423.29
ZAM-2025-002399,2025-01-18,Odzież,Sklep internetowy,116.04
ZAM-2025-008576,2025-06-01,Uroda,Sklep internetowy,75.19
ZAM-2025-008834,2025-07-16,Uroda,Facebook Ads,64.95
ZAM-2025-002762,2025-03-17,Odzież,Sklep internetowy,109.0
ZAM-2025-000931,2025-07-08,Elektronika,Sklep internetowy,161.69
ZAM-2025-004006,2025-08-04,Odzież,Sklep internetowy,92.32
ZAM-2025-004821,2025-11-22,Odzież,Sklep internetowy,155.63
ZAM-2025-007800,2025-02-17,Uroda,Sklep internetowy,85.1
ZAM-2025-003900,2025-08-15,Odzież,Sklep internetowy,77.3
ZAM-2025-013945,2025-12-19,Zabawki i prezenty,Marketplace,89.9
ZAM-2025-010841,2025-04-07,Sport,Google Ads,169.96
ZAM-2025-005196,2025-01-26,Dom i ogród,Sklep internetowy,195.07
ZAM-2025-007961,2025-03-11,Uroda,Facebook Ads,62.05
ZAM-2025-013672,2025-12-26,Zabawki i prezenty,Marketplace,65.66
ZAM-2025-011071,2025-05-05,Sport,Google Ads,186.23
ZAM-2025-011195,2025-06-08,Sport,Sklep internetowy,156.05
ZAM-2025-001756,2025-11-30,Elektronika,Marketplace,286.94
ZAM-2025-011296,2025-06-21,Sport,Sklep internetowy,138.49
ZAM-2025-012150,2025-11-01,Sport,Sklep internetowy,211.15
ZAM-2025-007464,2025-01-12,Uroda,Marketplace,122.42
ZAM-2025-009208,2025-09-16,Uroda,Sklep internetowy,92.95
ZAM-2025-010948,2025-04-01,Sport,Facebook Ads,237.55
ZAM-2025-004733,2025-11-29,Odzież,Facebook Ads,173.35
ZAM-2025-006853,2025-09-17,Dom i ogród,Marketplace,158.84
ZAM-2025-010272,2025-01-07,Sport,Sklep internetowy,163.75
ZAM-2025-003088,2025-04-12,Odzież,Google Ads,121.12
ZAM-2025-010659,2025-03-13,Sport,Google Ads,149.35
ZAM-2025-002806,2025-03-30,Odzież,Sklep internetowy,201.21
ZAM-2025-000910,2025-06-19,Elektronika,Sklep internetowy,231.56
ZAM-2025-005138,2025-12-06,Odzież,Facebook Ads,170.91
ZAM-2025-002589,2025-02-13,Odzież,Sklep internetowy,157.09
ZAM-2025-013008,2025-08-22,Zabawki i prezenty,Marketplace,76.44
ZAM-2025-007196,2025-11-01,Dom i ogród,Sklep internetowy,235.35
ZAM-2025-006750,2025-08-14,Dom i ogród,Sklep internetowy,178.02
ZAM-2025-012717,2025-05-16,Zabawki i prezenty,Google Ads,71.95
ZAM-2025-008344,2025-05-05,Uroda,Google Ads,118.62
ZAM-2025-003565,2025-06-23,Odzież,Facebook Ads,82.36
ZAM-2025-002673,2025-03-17,Odzież,Google Ads,82.15
ZAM-2025-003574,2025-06-25,Odzież,Sklep internetowy,205.48
ZAM-2025-010889,2025-04-12,Sport,Facebook Ads,192.12
ZAM-2025-001758,2025-11-03,Elektronika,Google Ads,424.96
ZAM-2025-002343,2025-01-30,Odzież,Facebook Ads,185.67
ZAM-2025-013438,2025-11-02,Zabawki i prezenty,Google Ads,103.5
ZAM-2025-003540,2025-06-01,Odzież,Sklep internetowy,47.52
ZAM-2025-006914,2025-09-18,Dom i ogród,Sklep internetowy,216.51
ZAM-2025-010576,2025-03-13,Sport,Marketplace,232.09
ZAM-2025-004393,2025-10-09,Odzież,Facebook Ads,254.44
ZAM-2025-011291,2025-06-05,Sport,Facebook Ads,117.64
ZAM-2025-006628,2025-08-10,Dom i ogród,Facebook Ads,236.09
ZAM-2025-009542,2025-10-28,Uroda,Marketplace,78.09
ZAM-2025-011154,2025-05-06,Sport,Sklep internetowy,150.32
ZAM-2025-013222,2025-10-01,Zabawki i prezenty,Marketplace,77.07
ZAM-2025-003408,2025-05-24,Odzież,Sklep internetowy,139.36
ZAM-2025-007120,2025-11-29,Dom i ogród,Google Ads,208.78
ZAM-2025-001385,2025-09-22,Elektronika,Sklep internetowy,379.28
ZAM-2025-006493,2025-07-07,Dom i ogród,Marketplace,170.99
ZAM-2025-003717,2025-07-04,Odzież,Marketplace,242.36
ZAM-2025-013299,2025-11-16,Zabawki i prezenty,Marketplace,19
ZAM-2025-001377,2025-09-09,Elektronika,Sklep internetowy,336.85
ZAM-2025-000589,2025-04-20,Elektronika,Facebook Ads,391.4
ZAM-2025-012625,2025-04-23,Zabawki i prezenty,Facebook Ads,87.21
ZAM-2025-011027,2025-05-19,Sport,Facebook Ads,241.8
ZAM-2025-007718,2025-02-04,Uroda,Marketplace,89.71
ZAM-2025-009749,2025-11-28,Uroda,Marketplace,101.25
ZAM-2025-012505,2025-02-06,Zabawki i prezenty,Marketplace,69.59
ZAM-2025-002879,2025-03-08,Odzież,Marketplace,134.06
ZAM-2025-006290,2025-06-20,Dom i ogród,Sklep internetowy,89.17
ZAM-2025-011017,2025-05-09,Sport,Marketplace,156.95
ZAM-2025-004432,2025-10-03,Odzież,Sklep internetowy,46.46
ZAM-2025-009429,2025-10-06,Uroda,Sklep internetowy,92.3
ZAM-2025-000903,2025-06-08,Elektronika,Google Ads,523.54
ZAM-2025-003206,2025-05-13,Odzież,Sklep internetowy,97.06
ZAM-2025-002972,2025-04-01,Odzież,Sklep internetowy,69.37
ZAM-2025-000339,2025-03-27,Elektronika,Sklep internetowy,76.13
ZAM-2025-010120,2025-01-23,Sport,Marketplace,138.76
ZAM-2025-010971,2025-05-15,Sport,Marketplace,140.96
ZAM-2025-004905,2025-12-05,Odzież,Facebook Ads,105.6
ZAM-2025-013660,2025-12-12,Zabawki i prezenty,Marketplace,50.92
ZAM-2025-003853,2025-07-31,Odzież,Facebook Ads,183.02
ZAM-2025-007169,2025-11-27,Dom i ogród,Sklep internetowy,136.52
ZAM-2025-000823,2025-06-21,Elektronika,Google Ads,448.19
ZAM-2025-004374,2025-10-11,Odzież,Facebook Ads,208.25
ZAM-2025-003825,2025-07-14,Odzież,Sklep internetowy,161.35
ZAM-2025-010759,2025-03-21,Sport,Google Ads,217.46
ZAM-2025-007560,2025-01-26,Uroda,Facebook Ads,59.19
ZAM-2025-005667,2025-04-26,Dom i ogród,Marketplace,182.4
ZAM-2025-008835,2025-07-21,Uroda,Google Ads,76.33
ZAM-2025-011175,2025-06-08,Sport,Google Ads,145.0
ZAM-2025-003119,2025-04-30,Odzież,Sklep internetowy,87.78
ZAM-2025-003147,2025-04-30,Odzież,Sklep internetowy,87.23
ZAM-2025-012389,2025-01-02,Zabawki i prezenty,Sklep internetowy,87.57
ZAM-2025-010230,2025-01-03,Sport,Sklep internetowy,85.02
ZAM-2025-007607,2025-02-24,Uroda,Marketplace,113.69
ZAM-2025-013088,2025-09-28,Zabawki i prezenty,Marketplace,103.43
ZAM-2025-007588,2025-01-24,Uroda,Sklep internetowy,76.87
ZAM-2025-013645,2025-11-08,Zabawki i prezenty,Marketplace,105.25
ZAM-2025-000093,2025-01-28,Elektronika,Sklep internetowy,485.14
ZAM-2025-000989,2025-07-06,Elektronika,Marketplace,586.43
ZAM-2025-010914,2025-04-26,Sport,Marketplace,233.17
ZAM-2025-007142,2025-11-11,Dom i ogród,Sklep internetowy,210.73
ZAM-2025-002293,2025-01-28,Odzież,Google Ads,110.65
ZAM-2025-001414,2025-09-12,Elektronika,Google Ads,168.66
ZAM-2025-001324,2025-09-02,Elektronika,Marketplace,376.39
ZAM-2025-004852,2025-11-21,Odzież,Facebook Ads,157.86
ZAM-2025-006698,2025-08-27,Dom i ogród,Sklep internetowy,262.32
ZAM-2025-004257,2025-09-04,Odzież,Sklep internetowy,77.67
ZAM-2025-003500,2025-06-17,Odzież,Sklep internetowy,141.59
ZAM-2025-005767,2025-04-08,Dom i ogród,Sklep internetowy,231.89
ZAM-2025-003389,2025-05-30,Odzież,Sklep internetowy,164.59
ZAM-2025-000477,2025-04-21,Elektronika,Marketplace,596.27
ZAM-2025-005696,2025-04-13,Dom i ogród,Marketplace,277.49
ZAM-2025-010685,2025-03-12,Sport,Marketplace,130.85
ZAM-2025-006953,2025-09-26,Dom i ogród,Google Ads,369.16
ZAM-2025-010620,2025-03-13,Sport,Facebook Ads,181.48
ZAM-2025-000109,2025-01-25,Elektronika,Sklep internetowy,423.25
ZAM-2025-001239,2025-08-13,Elektronika,Facebook Ads,198.25
ZAM-2025-001829,2025-11-13,Elektronika,Facebook Ads,575.07
ZAM-2025-007550,2025-01-03,Uroda,Facebook Ads,81.29
ZAM-2025-011730,2025-08-29,Sport,Facebook Ads,114.94
ZAM-2025-007221,2025-11-11,Dom i ogród,Google Ads,196.41
ZAM-2025-011121,2025-05-08,Sport,Google Ads,156.54
ZAM-2025-000536,2025-04-28,Elektronika,Marketplace,520.93
ZAM-2025-005706,2025-04-12,Dom i ogród,Sklep internetowy,203.59
ZAM-2025-012280,2025-12-25,Sport,Marketplace,240.97
ZAM-2025-002460,2025-02-14,Odzież,Sklep internetowy,201.21
ZAM-2025-003747,2025-07-02,Odzież,Sklep internetowy,73.42
ZAM-2025-003296,2025-05-23,Odzież,Sklep internetowy,129.24
ZAM-2025-001249,2025-09-27,Elektronika,Facebook Ads,19
ZAM-2025-008844,2025-07-13,Uroda,Marketplace,138.68
ZAM-2025-013441,2025-11-27,Zabawki i prezenty,Facebook Ads,59.56
ZAM-2025-013501,2025-11-19,Zabawki i prezenty,Marketplace,66.87
ZAM-2025-002341,2025-01-14,Odzież,Marketplace,143.94
ZAM-2025-013075,2025-09-03,Zabawki i prezenty,Facebook Ads,59.75
ZAM-2025-002576,2025-02-21,Odzież,Sklep internetowy,181.93
ZAM-2025-003401,2025-05-12,Odzież,Sklep internetowy,167.88
ZAM-2025-008661,2025-06-18,Uroda,Sklep internetowy,89.03
ZAM-2025-009985,2025-12-30,Uroda,Marketplace,64.46
ZAM-2025-009861,2025-12-31,Uroda,Google Ads,129.74
ZAM-2025-001459,2025-10-05,Elektronika,Google Ads,210.09
ZAM-2025-010092,2025-01-03,Sport,Sklep internetowy,69.71
ZAM-2025-006136,2025-06-26,Dom i ogród,Marketplace,154.21
ZAM-2025-003625,2025-06-02,Odzież,Sklep internetowy,116.77
ZAM-2025-012941,2025-07-19,Zabawki i prezenty,Google Ads,43.47
ZAM-2025-008776,2025-06-17,Uroda,Marketplace,161.62
ZAM-2025-008419,2025-05-04,Uroda,Facebook Ads,92.14
ZAM-2025-009832,2025-12-21,Uroda,Sklep internetowy,118.81
ZAM-2025-012887,2025-07-06,Zabawki i prezenty,Marketplace,35.35
ZAM-2025-009431,2025-10-29,Uroda,Google Ads,109.53
ZAM-2025-004918,2025-12-10,Odzież,Marketplace,206.93
ZAM-2025-004989,2025-12-02,Odzież,Google Ads,173.83
ZAM-2025-003205,2025-05-01,Odzież,Marketplace,138.55
ZAM-2025-010653,2025-03-30,Sport,Facebook Ads,204.56
ZAM-2025-000848,2025-06-14,Elektronika,Marketplace,305.35
ZAM-2025-000808,2025-06-17,Elektronika,Marketplace,485.14
ZAM-2025-002614,2025-02-04,Odzież,Sklep internetowy,122.44
ZAM-2025-009011,2025-08-26,Uroda,Sklep internetowy,106.55
ZAM-2025-001542,2025-10-15,Elektronika,Sklep internetowy,423.09
ZAM-2025-006101,2025-06-07,Dom i ogród,Google Ads,108.73
ZAM-2025-000267,2025-02-20,Elektronika,Google Ads,568.75
ZAM-2025-001227,2025-08-02,Elektronika,Marketplace,350.34
ZAM-2025-002240,2025-01-09,Odzież,Marketplace,105.31
ZAM-2025-013245,2025-10-25,Zabawki i prezenty,Sklep internetowy,44.79
ZAM-2025-005051,2025-12-04,Odzież,Facebook Ads,173.19
ZAM-2025-003892,2025-08-24,Odzież,Facebook Ads,185.79
ZAM-2025-012401,2025-01-16,Zabawki i prezenty,Facebook Ads,88.66
ZAM-2025-002332,2025-01-29,Odzież,Marketplace,137.48
ZAM-2025-010216,2025-01-03,Sport,Facebook Ads,227.43
ZAM-2025-006879,2025-09-22,Dom i ogród,Marketplace,189.5
ZAM-2025-003639,2025-06-04,Odzież,Sklep internetowy,86.41
ZAM-2025-013566,2025-11-13,Zabawki i prezenty,Sklep internetowy,48.42
ZAM-2025-009238,2025-09-01,Uroda,Facebook Ads,108.84
ZAM-2025-009624,2025-11-04,Uroda,Sklep internetowy,81.22
ZAM-2025-003418,2025-05-17,Odzież,Facebook Ads,135.45
ZAM-2025-012473,2025-02-14,Zabawki i prezenty,Marketplace,76.08
ZAM-2025-005290,2025-02-10,Dom i ogród,Google Ads,220.69
ZAM-2025-004419,2025-10-26,Odzież,Facebook Ads,156.29
ZAM-2025-008158,2025-04-20,Uroda,Marketplace,111.74
ZAM-2025-000866,2025-06-18,Elektronika,Marketplace,340.75
ZAM-2025-007264,2025-12-31,Dom i ogród,Google Ads,196.85
ZAM-2025-008747,2025-06-14,Uroda,Sklep internetowy,113.2
ZAM-2025-003050,2025-04-08,Odzież,Sklep internetowy,154.85
ZAM-2025-003344,2025-05-07,Odzież,Google Ads,149.62
ZAM-2025-004187,2025-09-07,Odzież,Facebook Ads,70.86
ZAM-2025-000435,2025-03-20,Elektronika,Sklep internetowy,608.18
ZAM-2025-003516,2025-06-13,Odzież,Sklep internetowy,189.89
ZAM-2025-011191,2025-06-27,Sport,Sklep internetowy,156.28
ZAM-2025-004539,2025-10-23,Odzież,Sklep internetowy,86.83
ZAM-2025-007008,2025-10-14,Dom i ogród,Sklep internetowy,133.41
ZAM-2025-002986,2025-04-19,Odzież,Facebook Ads,129.59
ZAM-2025-011305,2025-06-04,Sport,Sklep internetowy,158.43
ZAM-2025-002330,2025-01-19,Odzież,Facebook Ads,72.09
ZAM-2025-001547,2025-10-29,Elektronika,Sklep internetowy,420.72
ZAM-2025-004398,2025-10-02,Odzież,Google Ads,136.08
ZAM-2025-004791,2025-11-21,Odzież,Google Ads,195.21
ZAM-2025-008007,2025-03-13,Uroda,Marketplace,134.85
ZAM-2025-004511,2025-10-03,Odzież,Sklep internetowy,137.84
ZAM-2025-005002,2025-12-02,Odzież,Sklep internetowy,118.29
ZAM-2025-003375,2025-05-05,Odzież,Marketplace,144.92
ZAM-2025-001797,2025-11-24,Elektronika,Google Ads,512.85
ZAM-2025-002442,2025-02-10,Odzież,Google Ads,165.19
ZAM-2025-000350,2025-03-26,Elektronika,Sklep internetowy,384.8
ZAM-2025-000338,2025-03-07,Elektronika,Marketplace,411.8
ZAM-2025-002311,2025-01-26,Odzież,Marketplace,125.79
ZAM-2025-012454,2025-01-30,Zabawki i prezenty,Marketplace,79.06
ZAM-2025-013639,2025-11-18,Zabawki i prezenty,Sklep internetowy,92.2
ZAM-2025-002038,2025-12-10,Elektronika,Google Ads,472.24
ZAM-2025-013904,2025-12-17,Zabawki i prezenty,Facebook Ads,102.6
ZAM-2025-010684,2025-03-07,Sport,Facebook Ads,126.72
ZAM-2025-003733,2025-07-20,Odzież,Marketplace,46.11
ZAM-2025-003126,2025-04-28,Odzież,Sklep internetowy,142.81
ZAM-2025-007168,2025-11-27,Dom i ogród,Sklep internetowy,180.54
ZAM-2025-011672,2025-08-07,Sport,Marketplace,150.9
ZAM-2025-004101,2025-09-21,Odzież,Marketplace,187.34
ZAM-2025-006091,2025-06-08,Dom i ogród,Facebook Ads,176.99
ZAM-2025-010137,2025-01-21,Sport,Facebook Ads,46.05
ZAM-2025-006748,2025-08-22,Dom i ogród,Sklep internetowy,296.76
ZAM-2025-006295,2025-06-03,Dom i ogród,Sklep internetowy,202.68
ZAM-2025-008413,2025-05-18,Uroda,Facebook Ads,96.83
ZAM-2025-003698,2025-07-28,Odzież,Marketplace,157.12
ZAM-2025-003254,2025-05-14,Odzież,Sklep internetowy,122.76
ZAM-2025-004452,2025-10-17,Odzież,Marketplace,196.86
ZAM-2025-013382,2025-11-19,Zabawki i prezenty,Marketplace,49.63
ZAM-2025-010614,2025-03-21,Sport,Marketplace,225.52
ZAM-2025-006470,2025-07-08,Dom i ogród,Marketplace,314.2
ZAM-2025-013041,2025-09-16,Zabawki i prezenty,Sklep internetowy,105.42
ZAM-2025-002088,2025-12-24,Elektronika,Facebook Ads,246.88
ZAM-2025-002069,2025-12-08,Elektronika,Sklep internetowy,216.9
ZAM-2025-004226,2025-09-12,Odzież,Sklep internetowy,165.58
ZAM-2025-004755,2025-11-21,Odzież,Sklep internetowy,130.4
ZAM-2025-008373,2025-05-20,Uroda,Google Ads,136.9
ZAM-2025-013971,2025-12-17,Zabawki i prezenty,Sklep internetowy,87.82
ZAM-2025-005343,2025-02-09,Dom i ogród,Sklep internetowy,153.96
ZAM-2025-000998,2025-07-22,Elektronika,Google Ads,445.67
ZAM-2025-005275,2025-01-18,Dom i ogród,Facebook Ads,156.85
ZAM-2025-009310,2025-09-25,Uroda,Google Ads,88.7
ZAM-2025-009096,2025-08-22,Uroda,Sklep internetowy,78.16
ZAM-2025-004655,2025-11-08,Odzież,Sklep internetowy,96.21
ZAM-2025-004929,2025-12-19,Odzież,Sklep internetowy,146.73
ZAM-2025-008675,2025-06-08,Uroda,Facebook Ads,66.22
ZAM-2025-002978,2025-04-04,Odzież,Sklep internetowy,81.82
ZAM-2025-010169,2025-01-23,Sport,Sklep internetowy,201.3
ZAM-2025-002596,2025-02-08,Odzież,Facebook Ads,83.51
ZAM-2025-009109,2025-08-09,Uroda,Sklep internetowy,87.5
ZAM-2025-012757,2025-05-16,Zabawki i prezenty,Marketplace,87.13
ZAM-2025-014044,2025-12-13,Zabawki i prezenty,Marketplace,19
ZAM-2025-011586,2025-07-24,Sport,Sklep internetowy,135.74
ZAM-2025-000685,2025-05-17,Elektronika,Sklep internetowy,327.17
ZAM-2025-004409,2025-10-01,Odzież,Marketplace,128.49
ZAM-2025-012602,2025-03-01,Zabawki i prezenty,Sklep internetowy,54.23
ZAM-2025-007645,2025-02-10,Uroda,Sklep internetowy,113.35
ZAM-2025-003308,2025-05-25,Odzież,Google Ads,123.42
ZAM-2025-007041,2025-10-29,Dom i ogród,Facebook Ads,210.72
ZAM-2025-000993,2025-07-16,Elektronika,Sklep internetowy,468.49
ZAM-2025-003387,2025-05-07,Odzież,Google Ads,145.02
ZAM-2025-000898,2025-06-05,Elektronika,Marketplace,446.24
ZAM-2025-004443,2025-10-30,Odzież,Sklep internetowy,123.17
ZAM-2025-008355,2025-05-09,Uroda,Facebook Ads,134.77
ZAM-2025-002267,2025-01-15,Odzież,Google Ads,91.83
ZAM-2025-012561,2025-03-03,Zabawki i prezenty,Sklep internetowy,46.56
ZAM-2025-006913,2025-09-21,Dom i ogród,Sklep internetowy,116.83
ZAM-2025-011135,2025-05-12,Sport,Marketplace,72.84
ZAM-2025-008963,2025-08-24,Uroda,Marketplace,108.19
ZAM-2025-013621,2025-11-27,Zabawki i prezenty,Sklep internetowy,46.41
ZAM-2025-006668,2025-08-23,Dom i ogród,Sklep internetowy,206.06
ZAM-2025-001967,2025-12-08,Elektronika,Marketplace,279.99
ZAM-2025-013320,2025-11-29,Zabawki i prezenty,Sklep internetowy,116.56
ZAM-2025-007353,2025-12-06,Dom i ogród,Google Ads,82.84
ZAM-2025-012501,2025-02-16,Zabawki i prezenty,Sklep internetowy,62.94
ZAM-2025-006744,2025-08-12,Dom i ogród,Sklep internetowy,155.47
ZAM-2025-011946,2025-09-16,Sport,Facebook Ads,212.44
ZAM-2025-010861,2025-04-29,Sport,Google Ads,206.26
ZAM-2025-006020,2025-05-15,Dom i ogród,Facebook Ads,235.08
ZAM-2025-002566,2025-02-17,Odzież,Google Ads,87.65
ZAM-2025-006484,2025-07-14,Dom i ogród,Google Ads,280.81
ZAM-2025-002318,2025-01-26,Odzież,Sklep internetowy,181.9
ZAM-2025-003239,2025-05-22,Odzież,Marketplace,139.06
ZAM-2025-002877,2025-03-13,Odzież,Marketplace,129.47
ZAM-2025-013138,2025-10-26,Zabawki i prezenty,Sklep internetowy,77.61
ZAM-2025-013617,2025-11-12,Zabawki i prezenty,Google Ads,81.47
ZAM-2025-005435,2025-03-18,Dom i ogród,Sklep internetowy,231.79
ZAM-2025-005279,2025-02-24,Dom i ogród,Google Ads,159.86
ZAM-2025-004069,2025-09-22,Odzież,Marketplace,141.55
ZAM-2025-004644,2025-11-12,Odzież,Sklep internetowy,132.53
ZAM-2025-000212,2025-02-16,Elektronika,Sklep internetowy,225.39
ZAM-2025-000973,2025-07-26,Elektronika,Google Ads,361.09
ZAM-2025-006377,2025-07-16,Dom i ogród,Google Ads,188.62
ZAM-2025-003546,2025-06-05,Odzież,Google Ads,72.31
ZAM-2025-005271,2025-01-03,Dom i ogród,Facebook Ads,128.82
ZAM-2025-014117,2025-12-17,Zabawki i prezenty,Marketplace,62.11
ZAM-2025-007424,2025-01-29,Uroda,Sklep internetowy,88.96
ZAM-2025-013240,2025-10-06,Zabawki i prezenty,Marketplace,88.67
ZAM-2025-013209,2025-10-30,Zabawki i prezenty,Google Ads,94.84
ZAM-2025-007468,2025-01-19,Uroda,Marketplace,103.83
ZAM-2025-004057,2025-09-27,Odzież,Sklep internetowy,107.78
ZAM-2025-003329,2025-05-12,Odzież,Sklep internetowy,145.26
ZAM-2025-013131,2025-09-24,Zabawki i prezenty,Google Ads,97.55
ZAM-2025-010739,2025-03-14,Sport,Sklep internetowy,160.53
ZAM-2025-008811,2025-07-28,Uroda,Marketplace,96.17
ZAM-2025-005747,2025-04-20,Dom i ogród,Sklep internetowy,293.8
ZAM-2025-013587,2025-11-14,Zabawki i prezenty,Marketplace,117.92
ZAM-2025-008911,2025-07-31,Uroda,Facebook Ads,139.47
ZAM-2025-007308,2025-12-29,Dom i ogród,Sklep internetowy,335.43
ZAM-2025-006714,2025-08-29,Dom i ogród,Marketplace,227.36
ZAM-2025-008406,2025-05-09,Uroda,Google Ads,62.38
ZAM-2025-012806,2025-06-21,Zabawki i prezenty,Sklep internetowy,71.88
ZAM-2025-003132,2025-04-19,Odzież,Facebook Ads,91.32
ZAM-2025-003971,2025-08-08,Odzież,Marketplace,181.85
ZAM-2025-003947,2025-08-14,Odzież,Marketplace,165.99
ZAM-2025-004356,2025-10-08,Odzież,Marketplace,158.04
ZAM-2025-006297,2025-06-12,Dom i ogród,Facebook Ads,169.52
ZAM-2025-005398,2025-02-28,Dom i ogród,Facebook Ads,190.22
ZAM-2025-010354,2025-02-05,Sport,Marketplace,157.15
ZAM-2025-005390,2025-02-28,Dom i ogród,Facebook Ads,236.37
ZAM-2025-013187,2025-10-10,Zabawki i prezenty,Sklep internetowy,78.18
ZAM-2025-004639,2025-11-07,Odzież,Google Ads,119.36
ZAM-2025-010071,2025-12-29,Uroda,Sklep internetowy,103.21
ZAM-2025-012982,2025-08-16,Zabawki i prezenty,Marketplace,82.54
ZAM-2025-001112,2025-08-01,Elektronika,Sklep internetowy,100.49
ZAM-2025-008207,2025-04-28,Uroda,Sklep internetowy,83.75
ZAM-2025-007447,2025-01-11,Uroda,Facebook Ads,133.91
ZAM-2025-009372,2025-10-20,Uroda,Marketplace,103.41
ZAM-2025-000255,2025-02-27,Elektronika,Marketplace,211.8
ZAM-2025-000760,2025-06-04,Elektronika,Google Ads,230.16
ZAM-2025-012979,2025-08-14,Zabawki i prezenty,Google Ads,84.64
ZAM-2025-008309,2025-05-31,Uroda,Google Ads,119.93
ZAM-2025-001354,2025-09-26,Elektronika,Google Ads,292.6
ZAM-2025-009404,2025-10-09,Uroda,Sklep internetowy,58.58
ZAM-2025-001697,2025-11-25,Elektronika,Marketplace,292.84
ZAM-2025-011188,2025-06-22,Sport,Sklep internetowy,209.18
ZAM-2025-000230,2025-02-05,Elektronika,Marketplace,316.52
ZAM-2025-005163,2025-01-04,Dom i ogród,Marketplace,210.71
ZAM-2025-013831,2025-12-19,Zabawki i prezenty,Sklep internetowy,109.46
ZAM-2025-000052,2025-01-04,Elektronika,Sklep internetowy,406.74
ZAM-2025-008144,2025-04-24,Uroda,Sklep internetowy,143.98
ZAM-2025-013396,2025-11-21,Zabawki i prezenty,Sklep internetowy,76.53
ZAM-2025-000028,2025-01-03,Elektronika,Sklep internetowy,446.89
ZAM-2025-007807,2025-02-24,Uroda,Sklep internetowy,128.82
ZAM-2025-009846,2025-12-22,Uroda,Marketplace,54.62
ZAM-2025-012748,2025-05-23,Zabawki i prezenty,Sklep internetowy,75.99
ZAM-2025-004622,2025-10-20,Odzież,Sklep internetowy,122.73
ZAM-2025-002654,2025-03-06,Odzież,Facebook Ads,152.52
ZAM-2025-004124,2025-09-01,Odzież,Sklep internetowy,181.12
ZAM-2025-002934,2025-04-23,Odzież,Google Ads,122.12
ZAM-2025-004484,2025-10-01,Odzież,Sklep internetowy,136.16
ZAM-2025-006066,2025-05-11,Dom i ogród,Marketplace,94.48
ZAM-2025-000628,2025-05-22,Elektronika,Sklep internetowy,234.12
ZAM-2025-012306,2025-12-22,Sport,Sklep internetowy,153.21
ZAM-2025-013678,2025-12-23,Zabawki i prezenty,Marketplace,84.76
ZAM-2025-013705,2025-12-09,Zabawki i prezenty,Facebook Ads,67.44
ZAM-2025-006584,2025-07-25,Dom i ogród,Sklep internetowy,190.6
ZAM-2025-006706,2025-08-28,Dom i ogród,Sklep internetowy,174.71
ZAM-2025-013398,2025-11-16,Zabawki i prezenty,Sklep internetowy,50.67
ZAM-2025-009256,2025-09-04,Uroda,Marketplace,47.95
ZAM-2025-007232,2025-12-24,Dom i ogród,Google Ads,193.75
ZAM-2025-002048,2025-12-16,Elektronika,Marketplace,221.79
ZAM-2025-001060,2025-07-07,Elektronika,Sklep internetowy,454.63
ZAM-2025-008786,2025-07-11,Uroda,Sklep internetowy,74.43
ZAM-2025-011691,2025-08-19,Sport,Facebook Ads,244.05
ZAM-2025-001235,2025-08-21,Elektronika,Marketplace,381.53
ZAM-2025-010316,2025-01-30,Sport,Google Ads,209.37
ZAM-2025-004993,2025-12-06,Odzież,Google Ads,80.83
ZAM-2025-010485,2025-02-15,Sport,Sklep internetowy,137.09
ZAM-2025-012148,2025-11-11,Sport,Google Ads,129.85
ZAM-2025-001306,2025-09-10,Elektronika,Facebook Ads,284.69
ZAM-2025-013381,2025-11-28,Zabawki i prezenty,Google Ads,98.49
ZAM-2025-003990,2025-08-10,Odzież,Sklep internetowy,173.28
ZAM-2025-011392,2025-07-18,Sport,Facebook Ads,122.77
ZAM-2025-004092,2025-09-04,Odzież,Sklep internetowy,200.28
ZAM-2025-007763,2025-02-19,Uroda,Sklep internetowy,101.91
ZAM-2025-011547,2025-07-29,Sport,Marketplace,157.09
ZAM-2025-011446,2025-07-10,Sport,Marketplace,224.39
ZAM-2025-007097,2025-11-12,Dom i ogród,Sklep internetowy,393.23
ZAM-2025-002700,2025-03-25,Odzież,Google Ads,137.21
ZAM-2025-002595,2025-02-10,Odzież,Google Ads,183.46
ZAM-2025-001425,2025-10-23,Elektronika,Sklep internetowy,542.09
ZAM-2025-010999,2025-05-07,Sport,Facebook Ads,173.41
ZAM-2025-009284,2025-09-26,Uroda,Sklep internetowy,90.33
ZAM-2025-003229,2025-05-18,Odzież,Sklep internetowy,132.93
ZAM-2025-010251,2025-01-07,Sport,Facebook Ads,80.83
ZAM-2025-006181,2025-06-29,Dom i ogród,Facebook Ads,99.73
ZAM-2025-010863,2025-04-12,Sport,Marketplace,129.73
ZAM-2025-012216,2025-11-25,Sport,Google Ads,110.98
ZAM-2025-002681,2025-03-09,Odzież,Facebook Ads,124.13
ZAM-2025-010630,2025-03-10,Sport,Sklep internetowy,102.2
ZAM-2025-009552,2025-10-06,Uroda,Sklep internetowy,110.62
ZAM-2025-000800,2025-06-05,Elektronika,Google Ads,361.82
ZAM-2025-000021,2025-01-04,Elektronika,Sklep internetowy,288.99
ZAM-2025-000143,2025-02-02,Elektronika,Sklep internetowy,269.41
ZAM-2025-002204,2025-12-04,Elektronika,Sklep internetowy,47.11
ZAM-2025-001371,2025-09-03,Elektronika,Marketplace,202.13
ZAM-2025-008887,2025-07-07,Uroda,Google Ads,114.62
ZAM-2025-010654,2025-03-08,Sport,Facebook Ads,123.5
ZAM-2025-011161,2025-06-28,Sport,Sklep internetowy,105.48
ZAM-2025-001975,2025-12-12,Elektronika,Google Ads,326.03
ZAM-2025-012784,2025-05-02,Zabawki i prezenty,Sklep internetowy,75.93
ZAM-2025-013772,2025-12-15,Zabawki i prezenty,Google Ads,79.76
ZAM-2025-007456,2025-01-08,Uroda,Google Ads,119.54
ZAM-2025-000193,2025-02-07,Elektronika,Marketplace,406.59
ZAM-2025-010755,2025-03-31,Sport,Marketplace,124.04
ZAM-2025-005513,2025-03-02,Dom i ogród,Facebook Ads,77.6
ZAM-2025-007152,2025-11-27,Dom i ogród,Google Ads,176.47
ZAM-2025-010583,2025-03-27,Sport,Facebook Ads,127.3
ZAM-2025-009242,2025-09-21,Uroda,Marketplace,94.8
ZAM-2025-011798,2025-09-09,Sport,Sklep internetowy,169.29
ZAM-2025-013433,2025-11-03,Zabawki i prezenty,Facebook Ads,72.59
ZAM-2025-005329,2025-02-23,Dom i ogród,Facebook Ads,44.36
ZAM-2025-002767,2025-03-28,Odzież,Google Ads,111.31
ZAM-2025-006036,2025-05-27,Dom i ogród,Sklep internetowy,92.31
ZAM-2025-010591,2025-03-27,Sport,Marketplace,236.98
ZAM-2025-000114,2025-01-09,Elektronika,Google Ads,84.79
ZAM-2025-002037,2025-12-13,Elektronika,Marketplace,505.35
ZAM-2025-013540,2025-11-03,Zabawki i prezenty,Sklep internetowy,92.25
ZAM-2025-012675,2025-04-28,Zabawki i prezenty,Sklep internetowy,90.71
ZAM-2025-012170,2025-11-04,Sport,Facebook Ads,176.55
ZAM-2025-005419,2025-03-04,Dom i ogród,Facebook Ads,256.81
ZAM-2025-007458,2025-01-08,Uroda,Marketplace,119.8
ZAM-2025-003660,2025-06-02,Odzież,Marketplace,176.19
ZAM-2025-012185,2025-11-25,Sport,Sklep internetowy,176.27
ZAM-2025-003749,2025-07-20,Odzież,Sklep internetowy,132.43
ZAM-2025-010995,2025-05-07,Sport,Facebook Ads,133.05
ZAM-2025-000833,2025-06-13,Elektronika,Sklep internetowy,288.94
ZAM-2025-001835,2025-11-23,Elektronika,Google Ads,554.53
ZAM-2025-012532,2025-02-08,Zabawki i prezenty,Facebook Ads,81.66
ZAM-2025-013518,2025-11-15,Zabawki i prezenty,Sklep internetowy,66.8
ZAM-2025-003582,2025-06-20,Odzież,Marketplace,127.37
ZAM-2025-011003,2025-05-04,Sport,Sklep internetowy,19
ZAM-2025-007754,2025-02-15,Uroda,Facebook Ads,136.49
ZAM-2025-009659,2025-11-20,Uroda,Google Ads,79.56
ZAM-2025-007470,2025-01-24,Uroda,Sklep internetowy,88.32
ZAM-2025-011820,2025-09-27,Sport,Google Ads,202.27
ZAM-2025-012332,2025-12-11,Sport,Marketplace,281.05
ZAM-2025-013782,2025-12-30,Zabawki i prezenty,Marketplace,65.54
ZAM-2025-009311,2025-09-29,Uroda,Sklep internetowy,81.23
ZAM-2025-008746,2025-06-09,Uroda,Google Ads,83.5
ZAM-2025-002729,2025-03-30,Odzież,Marketplace,107.05
ZAM-2025-000876,2025-06-12,Elektronika,Sklep internetowy,572.45
ZAM-2025-014038,2025-12-03,Zabawki i prezenty,Facebook Ads,94.25
ZAM-2025-000644,2025-05-20,Elektronika,Sklep internetowy,497.0
ZAM-2025-002134,2025-12-25,Elektronika,Sklep internetowy,263.7
ZAM-2025-005233,2025-01-26,Dom i ogród,Facebook Ads,237.19
ZAM-2025-011249,2025-06-10,Sport,Marketplace,210.23
ZAM-2025-004561,2025-10-15,Odzież,Facebook Ads,69.04
ZAM-2025-006956,2025-09-10,Dom i ogród,Sklep internetowy,159.31
ZAM-2025-004533,2025-10-06,Odzież,Marketplace,158.94
ZAM-2025-002929,2025-04-23,Odzież,Facebook Ads,134.35
ZAM-2025-003776,2025-07-29,Odzież,Facebook Ads,169.88
ZAM-2025-011012,2025-05-18,Sport,Sklep internetowy,226.06
ZAM-2025-012099,2025-11-08,Sport,Sklep internetowy,145.03
ZAM-2025-012236,2025-12-25,Sport,Sklep internetowy,155.2
ZAM-2025-001399,2025-09-01,Elektronika,Sklep internetowy,686.42
ZAM-2025-006504,2025-07-31,Dom i ogród,Marketplace,146.01
ZAM-2025-012820,2025-06-03,Zabawki i prezenty,Marketplace,93.9
ZAM-2025-004364,2025-10-19,Odzież,Sklep internetowy,103.34
ZAM-2025-013344,2025-11-27,Zabawki i prezenty,Facebook Ads,45.61
ZAM-2025-008507,2025-05-06,Uroda,Marketplace,138.62
ZAM-2025-003817,2025-07-15,Odzież,Google Ads,72.42
ZAM-2025-008052,2025-03-07,Uroda,Facebook Ads,97.0
ZAM-2025-005571,2025-03-13,Dom i ogród,Sklep internetowy,224.02
ZAM-2025-003274,2025-05-25,Odzież,Marketplace,199.67
ZAM-2025-002314,2025-01-06,Odzież,Sklep internetowy,115.84
ZAM-2025-009267,2025-09-11,Uroda,Sklep internetowy,101.62
ZAM-2025-001716,2025-11-03,Elektronika,Sklep internetowy,395.58
ZAM-2025-013568,2025-11-02,Zabawki i prezenty,Facebook Ads,106.29
ZAM-2025-008320,2025-05-24,Uroda,Facebook Ads,83.45
ZAM-2025-008965,2025-08-16,Uroda,Google Ads,149.97
ZAM-2025-002164,2025-12-01,Elektronika,Marketplace,635.82
ZAM-2025-008106,2025-04-13,Uroda,Sklep internetowy,87.82
ZAM-2025-011400,2025-07-29,Sport,Sklep internetowy,135.93
ZAM-2025-013527,2025-11-26,Zabawki i prezenty,Marketplace,144.81
ZAM-2025-009273,2025-09-22,Uroda,Sklep internetowy,140.0
ZAM-2025-010010,2025-12-24,Uroda,Google Ads,113.57
ZAM-2025-009412,2025-10-29,Uroda,Facebook Ads,87.26
ZAM-2025-011840,2025-09-21,Sport,Google Ads,201.25
ZAM-2025-000743,2025-05-03,Elektronika,Facebook Ads,569.08
ZAM-2025-006908,2025-09-29,Dom i ogród,Facebook Ads,151.03
ZAM-2025-006014,2025-05-17,Dom i ogród,Google Ads,211.33
ZAM-2025-008128,2025-04-14,Uroda,Sklep internetowy,102.04
ZAM-2025-004592,2025-10-31,Odzież,Facebook Ads,35.18
ZAM-2025-011360,2025-06-11,Sport,Marketplace,191.82
ZAM-2025-001717,2025-11-09,Elektronika,Facebook Ads,558.51
ZAM-2025-014012,2025-12-17,Zabawki i prezenty,Sklep internetowy,57.58
ZAM-2025-009880,2025-12-15,Uroda,Facebook Ads,101.86
ZAM-2025-012775,2025-05-06,Zabawki i prezenty,Sklep internetowy,115.23
ZAM-2025-008989,2025-08-15,Uroda,Google Ads,108.87
ZAM-2025-013367,2025-11-26,Zabawki i prezenty,Sklep internetowy,102.56
ZAM-2025-005897,2025-05-05,Dom i ogród,Marketplace,98.73
ZAM-2025-010134,2025-01-02,Sport,Facebook Ads,219.12
ZAM-2025-003881,2025-08-23,Odzież,Sklep internetowy,175.87
ZAM-2025-012020,2025-10-20,Sport,Marketplace,57.2
ZAM-2025-006121,2025-06-29,Dom i ogród,Sklep internetowy,255.08
ZAM-2025-008698,2025-06-03,Uroda,Facebook Ads,132.96
ZAM-2025-000751,2025-05-01,Elektronika,Sklep internetowy,162.65
ZAM-2025-012251,2025-12-01,Sport,Google Ads,209.89
ZAM-2025-001396,2025-09-10,Elektronika,Facebook Ads,330.5
ZAM-2025-001427,2025-10-15,Elektronika,Facebook Ads,385.91
ZAM-2025-007372,2025-12-28,Dom i ogród,Marketplace,283.12
ZAM-2025-004632,2025-11-08,Odzież,Sklep internetowy,185.89
ZAM-2025-009193,2025-09-26,Uroda,Sklep internetowy,51.84
ZAM-2025-006147,2025-06-02,Dom i ogród,Sklep internetowy,273.92
ZAM-2025-000032,2025-01-12,Elektronika,Sklep internetowy,288.55
ZAM-2025-000025,2025-01-11,Elektronika,Marketplace,304.29
ZAM-2025-010688,2025-03-12,Sport,Sklep internetowy,267.89
ZAM-2025-004230,2025-09-17,Odzież,Google Ads,104.99
ZAM-2025-004631,2025-11-26,Odzież,Sklep internetowy,204.12
ZAM-2025-004570,2025-10-15,Odzież,Sklep internetowy,168.32
ZAM-2025-002255,2025-01-17,Odzież,Marketplace,81.79
ZAM-2025-012874,2025-07-25,Zabawki i prezenty,Marketplace,95.01
ZAM-2025-004144,2025-09-27,Odzież,Sklep internetowy,199.21
ZAM-2025-009489,2025-10-03,Uroda,Sklep internetowy,92.88
ZAM-2025-013924,2025-12-02,Zabawki i prezenty,Facebook Ads,88.57
ZAM-2025-000279,2025-03-27,Elektronika,Sklep internetowy,438.67
ZAM-2025-007250,2025-12-15,Dom i ogród,Marketplace,172.05
ZAM-2025-014132,2025-12-02,Zabawki i prezenty,Google Ads,64.09
ZAM-2025-007132,2025-11-02,Dom i ogród,Google Ads,100.22
ZAM-2025-000328,2025-03-19,Elektronika,Sklep internetowy,581.05
ZAM-2025-001527,2025-10-31,Elektronika,Google Ads,423.1
ZAM-2025-003309,2025-05-07,Odzież,Facebook Ads,88.65
ZAM-2025-006495,2025-07-21,Dom i ogród,Marketplace,161.08
ZAM-2025-009237,2025-09-26,Uroda,Sklep internetowy,67.5
ZAM-2025-000554,2025-04-24,Elektronika,Marketplace,475.58
ZAM-2025-013690,2025-12-24,Zabawki i prezenty,Facebook Ads,59.44
ZAM-2025-010573,2025-03-21,Sport,Sklep internetowy,195.69
ZAM-2025-008384,2025-05-12,Uroda,Facebook Ads,109.38
ZAM-2025-005728,2025-04-25,Dom i ogród,Marketplace,183.13
ZAM-2025-007837,2025-02-26,Uroda,Facebook Ads,135.23
ZAM-2025-013444,2025-11-18,Zabawki i prezenty,Marketplace,45.59
ZAM-2025-007071,2025-10-21,Dom i ogród,Sklep internetowy,180.6
ZAM-2025-011736,2025-08-25,Sport,Google Ads,149.01
ZAM-2025-008949,2025-07-28,Uroda,Sklep internetowy,104.15
ZAM-2025-005861,2025-05-24,Dom i ogród,Sklep internetowy,103.27
ZAM-2025-005480,2025-03-15,Dom i ogród,Marketplace,233.87
ZAM-2025-001529,2025-10-14,Elektronika,Sklep internetowy,372.87
ZAM-2025-001407,2025-09-23,Elektronika,Sklep internetowy,170.4
ZAM-2025-008998,2025-08-15,Uroda,Facebook Ads,54.28
ZAM-2025-013308,2025-11-20,Zabawki i prezenty,Google Ads,93.44
ZAM-2025-002068,2025-12-17,Elektronika,Marketplace,394.73
ZAM-2025-008273,2025-04-13,Uroda,Marketplace,98.22
ZAM-2025-001053,2025-07-28,Elektronika,Sklep internetowy,663.89
ZAM-2025-010656,2025-03-04,Sport,Marketplace,122.75
ZAM-2025-007079,2025-10-07,Dom i ogród,Sklep internetowy,224.96
ZAM-2025-008627,2025-06-21,Uroda,Sklep internetowy,132.72
ZAM-2025-007974,2025-03-06,Uroda,Sklep internetowy,91.15
ZAM-2025-012263,2025-12-09,Sport,Marketplace,250.85
ZAM-2025-002368,2025-01-20,Odzież,Marketplace,74.36
ZAM-2025-013544,2025-11-05,Zabawki i prezenty,Sklep internetowy,97.28
ZAM-2025-010344,2025-02-09,Sport,Sklep internetowy,113.83
ZAM-2025-000432,2025-03-09,Elektronika,Google Ads,188.03
ZAM-2025-004495,2025-10-08,Odzież,Sklep internetowy,36.83
ZAM-2025-003572,2025-06-13,Odzież,Facebook Ads,92.51
ZAM-2025-013358,2025-11-04,Zabawki i prezenty,Sklep internetowy,109.0
ZAM-2025-005879,2025-05-09,Dom i ogród,Marketplace,175.95
ZAM-2025-007701,2025-02-17,Uroda,Sklep internetowy,135.92
ZAM-2025-011557,2025-07-05,Sport,Sklep internetowy,142.33
ZAM-2025-004182,2025-09-25,Odzież,Marketplace,206.11
ZAM-2025-007356,2025-12-17,Dom i ogród,Sklep internetowy,94.7
ZAM-2025-006829,2025-09-28,Dom i ogród,Sklep internetowy,252.13
ZAM-2025-010107,2025-01-03,Sport,Sklep internetowy,203.49
ZAM-2025-012682,2025-04-25,Zabawki i prezenty,Marketplace,82.71
ZAM-2025-002816,2025-03-27,Odzież,Facebook Ads,153.89
ZAM-2025-012926,2025-07-26,Zabawki i prezenty,Sklep internetowy,41.2
ZAM-2025-012472,2025-02-05,Zabawki i prezenty,Sklep internetowy,63.65
ZAM-2025-012517,2025-02-17,Zabawki i prezenty,Google Ads,101.29
ZAM-2025-007267,2025-12-25,Dom i ogród,Google Ads,184.46
ZAM-2025-011069,2025-05-11,Sport,Marketplace,165.58
ZAM-2025-010904,2025-04-10,Sport,Facebook Ads,225.74
ZAM-2025-009615,2025-11-26,Uroda,Marketplace,106.29
ZAM-2025-009407,2025-10-17,Uroda,Sklep internetowy,122.69
ZAM-2025-002040,2025-12-02,Elektronika,Marketplace,603.69
ZAM-2025-010500,2025-02-22,Sport,Sklep internetowy,128.55
ZAM-2025-000065,2025-01-23,Elektronika,Google Ads,483.71
ZAM-2025-009221,2025-09-13,Uroda,Sklep internetowy,82.46
ZAM-2025-006390,2025-07-26,Dom i ogród,Sklep internetowy,219.36
ZAM-2025-003106,2025-04-16,Odzież,Marketplace,129.55
ZAM-2025-001256,2025-09-08,Elektronika,Google Ads,228.9
ZAM-2025-001442,2025-10-17,Elektronika,Sklep internetowy,427.65
ZAM-2025-012265,2025-12-25,Sport,Google Ads,179.99
ZAM-2025-010598,2025-03-06,Sport,Facebook Ads,252.66
ZAM-2025-001046,2025-07-03,Elektronika,Facebook Ads,479.23
ZAM-2025-001560,2025-10-23,Elektronika,Sklep internetowy,708.76
ZAM-2025-007916,2025-03-16,Uroda,Google Ads,108.99
ZAM-2025-002482,2025-02-20,Odzież,Facebook Ads,78.97
ZAM-2025-003007,2025-04-13,Odzież,Sklep internetowy,179.14
ZAM-2025-009965,2025-12-14,Uroda,Sklep internetowy,101.94
ZAM-2025-014070,2025-12-22,Zabawki i prezenty,Sklep internetowy,113.71
ZAM-2025-013766,2025-12-15,Zabawki i prezenty,Google Ads,85.31
ZAM-2025-014162,2025-12-10,Zabawki i prezenty,Marketplace,74.07
ZAM-2025-010076,2025-12-04,Uroda,Sklep internetowy,103.96
ZAM-2025-006002,2025-05-18,Dom i ogród,Sklep internetowy,174.38
ZAM-2025-004677,2025-11-21,Odzież,Sklep internetowy,128.43
ZAM-2025-010825,2025-04-11,Sport,Sklep internetowy,89.64
ZAM-2025-013115,2025-09-10,Zabawki i prezenty,Marketplace,52.14
ZAM-2025-013668,2025-12-17,Zabawki i prezenty,Marketplace,89.69
ZAM-2025-003280,2025-05-19,Odzież,Marketplace,184.3
ZAM-2025-010353,2025-02-13,Sport,Google Ads,145.06
ZAM-2025-013487,2025-11-01,Zabawki i prezenty,Google Ads,95.27
ZAM-2025-006929,2025-09-22,Dom i ogród,Facebook Ads,53.61
ZAM-2025-008606,2025-06-19,Uroda,Marketplace,94.8
ZAM-2025-002369,2025-01-25,Odzież,Sklep internetowy,214.37
ZAM-2025-001753,2025-11-25,Elektronika,Marketplace,698.25
ZAM-2025-013968,2025-12-17,Zabawki i prezenty,Google Ads,60.1
ZAM-2025-013338,2025-11-25,Zabawki i prezenty,Sklep internetowy,50.75
ZAM-2025-003709,2025-07-31,Odzież,Google Ads,214.72
ZAM-2025-009527,2025-10-08,Uroda,Google Ads,59.0
ZAM-2025-001125,2025-08-25,Elektronika,Marketplace,734.29
ZAM-2025-003769,2025-07-06,Odzież,Facebook Ads,138.47
ZAM-2025-010977,2025-05-21,Sport,Facebook Ads,212.07
ZAM-2025-007909,2025-03-07,Uroda,Facebook Ads,67.6
ZAM-2025-009174,2025-09-07,Uroda,Marketplace,82.1
ZAM-2025-001656,2025-11-12,Elektronika,Facebook Ads,568.31
ZAM-2025-002826,2025-03-21,Odzież,Marketplace,196.98
ZAM-2025-012560,2025-03-23,Zabawki i prezenty,Marketplace,73.29
ZAM-2025-007335,2025-12-10,Dom i ogród,Google Ads,141.38
ZAM-2025-010513,2025-02-12,Sport,Sklep internetowy,193.43
ZAM-2025-004674,2025-11-21,Odzież,Sklep internetowy,179.33
ZAM-2025-004416,2025-10-26,Odzież,Sklep internetowy,186.28
ZAM-2025-004953,2025-12-08,Odzież,Sklep internetowy,158.65
ZAM-2025-013300,2025-11-17,Zabawki i prezenty,Sklep internetowy,70.67
ZAM-2025-013927,2025-12-27,Zabawki i prezenty,Facebook Ads,43.53
ZAM-2025-013923,2025-12-14,Zabawki i prezenty,Marketplace,70.94
ZAM-2025-005860,2025-05-05,Dom i ogród,Marketplace,227.44
ZAM-2025-005334,2025-02-05,Dom i ogród,Marketplace,142.18
ZAM-2025-006001,2025-05-07,Dom i ogród,Sklep internetowy,232.01
ZAM-2025-003149,2025-04-28,Odzież,Sklep internetowy,166.79
ZAM-2025-004430,2025-10-01,Odzież,Marketplace,148.2
ZAM-2025-011596,2025-08-04,Sport,Marketplace,179.44
ZAM-2025-013590,2025-11-21,Zabawki i prezenty,Facebook Ads,104.18
ZAM-2025-005966,2025-05-24,Dom i ogród,Facebook Ads,20.13
ZAM-2025-005776,2025-04-29,Dom i ogród,Google Ads,118.0
ZAM-2025-004413,2025-10-19,Odzież,Sklep internetowy,117.39
ZAM-2025-010264,2025-01-26,Sport,Facebook Ads,129.15
ZAM-2025-007398,2025-01-10,Uroda,Sklep internetowy,112.23
ZAM-2025-009060,2025-08-06,Uroda,Google Ads,34.64
ZAM-2025-004454,2025-10-27,Odzież,Marketplace,121.32
ZAM-2025-008288,2025-04-07,Uroda,Sklep internetowy,142.14
ZAM-2025-009474,2025-10-07,Uroda,Sklep internetowy,97.88
ZAM-2025-009496,2025-10-29,Uroda,Sklep internetowy,95.52
ZAM-2025-000844,2025-06-22,Elektronika,Sklep internetowy,452.25
ZAM-2025-012394,2025-01-10,Zabawki i prezenty,Marketplace,71.56
ZAM-2025-006732,2025-08-31,Dom i ogród,Sklep internetowy,217.99
ZAM-2025-004306,2025-09-15,Odzież,Marketplace,77.6
ZAM-2025-010317,2025-01-06,Sport,Facebook Ads,122.65
ZAM-2025-008762,2025-06-21,Uroda,Sklep internetowy,79.23
ZAM-2025-001539,2025-10-22,Elektronika,Sklep internetowy,259.06
ZAM-2025-002236,2025-01-07,Odzież,Marketplace,105.63
ZAM-2025-012853,2025-06-01,Zabawki i prezenty,Google Ads,41.06
ZAM-2025-003617,2025-06-28,Odzież,Sklep internetowy,196.63
ZAM-2025-011859,2025-09-18,Sport,Sklep internetowy,141.21
ZAM-2025-012403,2025-01-03,Zabawki i prezenty,Marketplace,85.86
ZAM-2025-007988,2025-03-29,Uroda,Facebook Ads,130.85
ZAM-2025-011495,2025-07-23,Sport,Sklep internetowy,160.21
ZAM-2025-007722,2025-02-01,Uroda,Marketplace,84.85
ZAM-2025-007393,2025-12-21,Dom i ogród,Sklep internetowy,190.22
ZAM-2025-001351,2025-09-23,Elektronika,Facebook Ads,684.26
ZAM-2025-009503,2025-10-10,Uroda,Marketplace,85.63
ZAM-2025-003421,2025-05-31,Odzież,Google Ads,137.22
ZAM-2025-003637,2025-06-07,Odzież,Sklep internetowy,115.27
ZAM-2025-006530,2025-07-04,Dom i ogród,Facebook Ads,103.77
ZAM-2025-001435,2025-10-04,Elektronika,Google Ads,403.45
ZAM-2025-000794,2025-06-17,Elektronika,Sklep internetowy,283.11
ZAM-2025-001076,2025-08-12,Elektronika,Google Ads,199.12
ZAM-2025-010217,2025-01-02,Sport,Sklep internetowy,118.21
ZAM-2025-009602,2025-11-07,Uroda,Facebook Ads,76.69
ZAM-2025-006502,2025-07-14,Dom i ogród,Facebook Ads,49.38
ZAM-2025-010916,2025-04-25,Sport,Google Ads,204.7
ZAM-2025-006187,2025-06-17,Dom i ogród,Marketplace,200.36
ZAM-2025-004759,2025-11-18,Odzież,Sklep internetowy,161.8
ZAM-2025-003480,2025-06-08,Odzież,Facebook Ads,162.48
ZAM-2025-005308,2025-02-27,Dom i ogród,Sklep internetowy,123.48
ZAM-2025-009289,2025-09-26,Uroda,Google Ads,91.37
ZAM-2025-008832,2025-07-08,Uroda,Marketplace,145.06
ZAM-2025-013047,2025-09-23,Zabawki i prezenty,Marketplace,137.24
ZAM-2025-007648,2025-02-25,Uroda,Marketplace,103.64
ZAM-2025-007110,2025-11-14,Dom i ogród,Google Ads,129.26
ZAM-2025-007812,2025-02-20,Uroda,Marketplace,151.46
ZAM-2025-006402,2025-07-16,Dom i ogród,Marketplace,125.58
ZAM-2025-002669,2025-03-06,Odzież,Marketplace,153.91
ZAM-2025-007955,2025-03-09,Uroda,Facebook Ads,43.45
ZAM-2025-000136,2025-01-23,Elektronika,Sklep internetowy,655.02
ZAM-2025-006322,2025-06-26,Dom i ogród,Facebook Ads,81.69
ZAM-2025-008397,2025-05-14,Uroda,Facebook Ads,74.49
ZAM-2025-007118,2025-11-05,Dom i ogród,Facebook Ads,41.38
ZAM-2025-005170,2025-01-01,Dom i ogród,Facebook Ads,389.59
ZAM-2025-003466,2025-05-31,Odzież,Facebook Ads,149.12
ZAM-2025-005499,2025-03-26,Dom i ogród,Sklep internetowy,211.17
ZAM-2025-002582,2025-02-17,Odzież,Facebook Ads,187.7
ZAM-2025-011601,2025-08-31,Sport,Sklep internetowy,196.06
ZAM-2025-006009,2025-05-08,Dom i ogród,Sklep internetowy,254.72
ZAM-2025-005352,2025-02-28,Dom i ogród,Sklep internetowy,81.31
ZAM-2025-010466,2025-02-11,Sport,Facebook Ads,201.73
ZAM-2025-004608,2025-10-10,Odzież,Facebook Ads,194.56
ZAM-2025-008241,2025-04-23,Uroda,Marketplace,87.91
ZAM-2025-002457,2025-02-15,Odzież,Facebook Ads,142.02
ZAM-2025-005809,2025-04-17,Dom i ogród,Marketplace,93.36
ZAM-2025-006026,2025-05-27,Dom i ogród,Sklep internetowy,230.07
ZAM-2025-001457,2025-10-03,Elektronika,Sklep internetowy,651.88
ZAM-2025-008759,2025-06-24,Uroda,Sklep internetowy,85.29
ZAM-2025-005895,2025-05-19,Dom i ogród,Sklep internetowy,143.53
ZAM-2025-009197,2025-09-16,Uroda,Marketplace,64.83
ZAM-2025-012939,2025-07-25,Zabawki i prezenty,Sklep internetowy,49.77
ZAM-2025-010860,2025-04-16,Sport,Sklep internetowy,168.1
ZAM-2025-005979,2025-05-28,Dom i ogród,Google Ads,335.46
ZAM-2025-000403,2025-03-05,Elektronika,Marketplace,369.74
ZAM-2025-006573,2025-07-13,Dom i ogród,Sklep internetowy,231.76
ZAM-2025-003357,2025-05-22,Odzież,Marketplace,170.74
ZAM-2025-011085,2025-05-07,Sport,Marketplace,235.69
ZAM-2025-008305,2025-05-06,Uroda,Sklep internetowy,88.05
ZAM-2025-007311,2025-12-03,Dom i ogród,Sklep internetowy,238.49
ZAM-2025-008630,2025-06-29,Uroda,Sklep internetowy,94.06
ZAM-2025-010054,2025-12-09,Uroda,Facebook Ads,95.52
ZAM-2025-003266,2025-05-02,Odzież,Facebook Ads,47.14
ZAM-2025-013532,2025-11-26,Zabawki i prezenty,Marketplace,102.65
ZAM-2025-002765,2025-03-19,Odzież,Google Ads,153.31
ZAM-2025-005440,2025-03-07,Dom i ogród,Google Ads,104.76
ZAM-2025-011702,2025-08-01,Sport,Facebook Ads,224.91
ZAM-2025-006307,2025-06-26,Dom i ogród,Marketplace,379.75
ZAM-2025-013653,2025-12-12,Zabawki i prezenty,Marketplace,52.1
ZAM-2025-011217,2025-06-12,Sport,Facebook Ads,188.45
ZAM-2025-014035,2025-12-05,Zabawki i prezenty,Marketplace,80.09
ZAM-2025-008964,2025-08-09,Uroda,Facebook Ads,124.7
ZAM-2025-010462,2025-02-15,Sport,Sklep internetowy,130.5
ZAM-2025-013994,2025-12-15,Zabawki i prezenty,Sklep internetowy,77.99
ZAM-2025-002915,2025-04-05,Odzież,Sklep internetowy,235.33
ZAM-2025-011274,2025-06-03,Sport,Sklep internetowy,185.89
ZAM-2025-008148,2025-04-11,Uroda,Google Ads,69.04
ZAM-2025-012270,2025-12-03,Sport,Facebook Ads,316.05
ZAM-2025-003508,2025-06-23,Odzież,Facebook Ads,160.29
ZAM-2025-005068,2025-12-24,Odzież,Marketplace,47.2
ZAM-2025-002422,2025-02-28,Odzież,Google Ads,152.81
ZAM-2025-008985,2025-08-30,Uroda,Marketplace,131.49
ZAM-2025-009229,2025-09-19,Uroda,Sklep internetowy,83.57
ZAM-2025-012847,2025-06-04,Zabawki i prezenty,Google Ads,84.65
ZAM-2025-000174,2025-02-26,Elektronika,Google Ads,309.64
ZAM-2025-001682,2025-11-20,Elektronika,Facebook Ads,326.71
ZAM-2025-007795,2025-02-18,Uroda,Facebook Ads,41.53
ZAM-2025-008322,2025-05-23,Uroda,Sklep internetowy,148.97
ZAM-2025-011382,2025-07-05,Sport,Sklep internetowy,166.76
ZAM-2025-004555,2025-10-12,Odzież,Marketplace,137.6
ZAM-2025-008375,2025-05-14,Uroda,Google Ads,70.82
ZAM-2025-004086,2025-09-09,Odzież,Facebook Ads,164.07
ZAM-2025-002761,2025-03-06,Odzież,Sklep internetowy,187.15
ZAM-2025-007050,2025-10-30,Dom i ogród,Sklep internetowy,96.32
ZAM-2025-008253,2025-04-12,Uroda,Marketplace,85.63
ZAM-2025-005629,2025-04-30,Dom i ogród,Sklep internetowy,278.06
ZAM-2025-000221,2025-02-12,Elektronika,Google Ads,607.67
ZAM-2025-001362,2025-09-26,Elektronika,Marketplace,233.04
ZAM-2025-000499,2025-04-21,Elektronika,Google Ads,348.52
ZAM-2025-009940,2025-12-24,Uroda,Facebook Ads,95.62
ZAM-2025-013126,2025-09-16,Zabawki i prezenty,Sklep internetowy,97.67
ZAM-2025-013347,2025-11-05,Zabawki i prezenty,Google Ads,80.01
ZAM-2025-007248,2025-12-12,Dom i ogród,Marketplace,74.65
ZAM-2025-011338,2025-06-25,Sport,Google Ads,180.3
ZAM-2025-001670,2025-11-10,Elektronika,Sklep internetowy,343.63
ZAM-2025-000406,2025-03-13,Elektronika,Sklep internetowy,526.22
ZAM-2025-012688,2025-04-08,Zabawki i prezenty,Marketplace,34.47
ZAM-2025-000804,2025-06-21,Elektronika,Sklep internetowy,203.72
ZAM-2025-007007,2025-10-12,Dom i ogród,Facebook Ads,293.59
ZAM-2025-008660,2025-06-16,Uroda,Marketplace,56.94
ZAM-2025-003330,2025-05-30,Odzież,Sklep internetowy,147.4
ZAM-2025-004922,2025-12-09,Odzież,Facebook Ads,153.03
ZAM-2025-008310,2025-05-28,Uroda,Sklep internetowy,105.56
ZAM-2025-005225,2025-01-11,Dom i ogród,Sklep internetowy,238.67
ZAM-2025-002211,2025-12-30,Elektronika,Google Ads,493.81
ZAM-2025-003731,2025-07-07,Odzież,Marketplace,155.95
ZAM-2025-010772,2025-04-06,Sport,Sklep internetowy,256.97
ZAM-2025-011597,2025-08-22,Sport,Facebook Ads,73.26
ZAM-2025-006660,2025-08-25,Dom i ogród,Sklep internetowy,227.76
ZAM-2025-008775,2025-06-02,Uroda,Facebook Ads,61.97
ZAM-2025-005909,2025-05-08,Dom i ogród,Sklep internetowy,131.34
ZAM-2025-003687,2025-07-09,Odzież,Sklep internetowy,80.2
ZAM-2025-009598,2025-11-19,Uroda,Sklep internetowy,85.65
ZAM-2025-009092,2025-08-09,Uroda,Sklep internetowy,80.51
ZAM-2025-009529,2025-10-26,Uroda,Marketplace,96.76
ZAM-2025-000379,2025-03-18,Elektronika,Facebook Ads,504.63
ZAM-2025-013611,2025-11-15,Zabawki i prezenty,Facebook Ads,80.7
ZAM-2025-002887,2025-04-03,Odzież,Google Ads,151.98
ZAM-2025-012698,2025-04-18,Zabawki i prezenty,Google Ads,65.49
ZAM-2025-009420,2025-10-03,Uroda,Google Ads,111.42
ZAM-2025-011320,2025-06-22,Sport,Sklep internetowy,144.92
ZAM-2025-006497,2025-07-31,Dom i ogród,Google Ads,298.61
ZAM-2025-000668,2025-05-16,Elektronika,Facebook Ads,380.03
ZAM-2025-010509,2025-02-27,Sport,Sklep internetowy,176.95
ZAM-2025-001863,2025-11-08,Elektronika,Google Ads,591.69
ZAM-2025-006460,2025-07-04,Dom i ogród,Marketplace,161.44
ZAM-2025-009968,2025-12-07,Uroda,Facebook Ads,56.01
ZAM-2025-003610,2025-06-18,Odzież,Facebook Ads,143.45
ZAM-2025-008282,2025-04-19,Uroda,Sklep internetowy,53.8
ZAM-2025-003579,2025-06-24,Odzież,Marketplace,123.3
ZAM-2025-011260,2025-06-29,Sport,Facebook Ads,232.1
ZAM-2025-003372,2025-05-06,Odzież,Marketplace,185.07
ZAM-2025-002534,2025-02-16,Odzież,Sklep internetowy,113.84
ZAM-2025-001179,2025-08-14,Elektronika,Facebook Ads,687.53
ZAM-2025-004986,2025-12-06,Odzież,Sklep internetowy,143.4
ZAM-2025-004753,2025-11-30,Odzież,Google Ads,161.21
ZAM-2025-000929,2025-07-24,Elektronika,Marketplace,507.21
ZAM-2025-006175,2025-06-12,Dom i ogród,Google Ads,212.44
ZAM-2025-013020,2025-08-24,Zabawki i prezenty,Marketplace,68.95
ZAM-2025-008693,2025-06-22,Uroda,Facebook Ads,88.77
ZAM-2025-002618,2025-03-17,Odzież,Sklep internetowy,90.77
ZAM-2025-008641,2025-06-26,Uroda,Facebook Ads,77.68
ZAM-2025-004706,2025-11-24,Odzież,Marketplace,197.38
ZAM-2025-001765,2025-11-14,Elektronika,Facebook Ads,425.69
ZAM-2025-007725,2025-02-07,Uroda,Facebook Ads,99.81
ZAM-2025-011299,2025-06-13,Sport,Sklep internetowy,174.4
ZAM-2025-009674,2025-11-22,Uroda,Marketplace,105.46
ZAM-2025-004999,2025-12-01,Odzież,Marketplace,93.65
ZAM-2025-005004,2025-12-30,Odzież,Sklep internetowy,178.1
ZAM-2025-013879,2025-12-08,Zabawki i prezenty,Sklep internetowy,111.94
ZAM-2025-013031,2025-08-27,Zabawki i prezenty,Sklep internetowy,67.85
ZAM-2025-009947,2025-12-21,Uroda,Marketplace,49.73
ZAM-2025-000269,2025-02-21,Elektronika,Marketplace,440.33
ZAM-2025-000506,2025-04-20,Elektronika,Marketplace,526.02
ZAM-2025-012627,2025-04-07,Zabawki i prezenty,Sklep internetowy,62.27
ZAM-2025-010810,2025-04-08,Sport,Facebook Ads,155.95
ZAM-2025-005003,2025-12-16,Odzież,Sklep internetowy,152.52
ZAM-2025-009841,2025-12-25,Uroda,Marketplace,61.08
ZAM-2025-005253,2025-01-27,Dom i ogród,Facebook Ads,30.39
ZAM-2025-008935,2025-07-16,Uroda,Google Ads,136.38
ZAM-2025-010475,2025-02-03,Sport,Marketplace,168.0
ZAM-2025-008001,2025-03-09,Uroda,Sklep internetowy,124.18
ZAM-2025-010059,2025-12-01,Uroda,Google Ads,53.63
ZAM-2025-010275,2025-01-01,Sport,Sklep internetowy,134.12
ZAM-2025-007380,2025-12-26,Dom i ogród,Marketplace,158.0
ZAM-2025-009054,2025-08-20,Uroda,Sklep internetowy,105.83
ZAM-2025-004901,2025-12-23,Odzież,Sklep internetowy,182.77
ZAM-2025-008138,2025-04-28,Uroda,Sklep internetowy,47.65
ZAM-2025-002184,2025-12-31,Elektronika,Facebook Ads,445.77
ZAM-2025-007766,2025-02-17,Uroda,Sklep internetowy,88.02
ZAM-2025-005882,2025-05-29,Dom i ogród,Facebook Ads,195.91
ZAM-2025-009135,2025-08-10,Uroda,Sklep internetowy,115.59
ZAM-2025-011511,2025-07-20,Sport,Sklep internetowy,212.42
ZAM-2025-002353,2025-01-08,Odzież,Marketplace,183.22
ZAM-2025-010815,2025-04-17,Sport,Marketplace,131.01
ZAM-2025-011588,2025-07-12,Sport,Google Ads,114.64
ZAM-2025-012030,2025-10-06,Sport,Marketplace,134.36
ZAM-2025-004691,2025-11-30,Odzież,Sklep internetowy,151.88
ZAM-2025-013013,2025-08-15,Zabawki i prezenty,Google Ads,75.89
ZAM-2025-002470,2025-02-03,Odzież,Sklep internetowy,92.39
ZAM-2025-002963,2025-04-11,Odzież,Sklep internetowy,170.0
ZAM-2025-000671,2025-05-22,Elektronika,Google Ads,191.0
ZAM-2025-012783,2025-05-13,Zabawki i prezenty,Google Ads,109.65
ZAM-2025-010040,2025-12-09,Uroda,Sklep internetowy,135.55
ZAM-2025-009932,2025-12-23,Uroda,Facebook Ads,113.03
ZAM-2025-013967,2025-12-20,Zabawki i prezenty,Sklep internetowy,32.36
ZAM-2025-010145,2025-01-27,Sport,Sklep internetowy,159.98
ZAM-2025-010013,2025-12-23,Uroda,Google Ads,114.87
ZAM-2025-001914,2025-11-13,Elektronika,Marketplace,240.25
ZAM-2025-010960,2025-05-29,Sport,Sklep internetowy,178.3
ZAM-2025-011223,2025-06-15,Sport,Sklep internetowy,229.37
ZAM-2025-000285,2025-03-20,Elektronika,Sklep internetowy,411.15
ZAM-2025-000455,2025-04-01,Elektronika,Facebook Ads,539.19
ZAM-2025-009866,2025-12-15,Uroda,Marketplace,161.62
ZAM-2025-006124,2025-06-29,Dom i ogród,Google Ads,240.43
ZAM-2025-013496,2025-11-03,Zabawki i prezenty,Facebook Ads,75.93
ZAM-2025-007222,2025-11-16,Dom i ogród,Sklep internetowy,159.35
ZAM-2025-013159,2025-10-11,Zabawki i prezenty,Facebook Ads,50.01
ZAM-2025-008506,2025-05-12,Uroda,Facebook Ads,86.12
ZAM-2025-008013,2025-03-03,Uroda,Facebook Ads,24.7
ZAM-2025-010768,2025-04-25,Sport,Sklep internetowy,223.7
ZAM-2025-004717,2025-11-30,Odzież,Google Ads,137.38
ZAM-2025-008584,2025-06-16,Uroda,Sklep internetowy,104.48
ZAM-2025-005160,2025-12-16,Odzież,Facebook Ads,226.97
ZAM-2025-002393,2025-01-10,Odzież,Sklep internetowy,143.42
ZAM-2025-006617,2025-08-05,Dom i ogród,Google Ads,206.57
ZAM-2025-007713,2025-02-04,Uroda,Facebook Ads,112.2
ZAM-2025-003666,2025-06-22,Odzież,Marketplace,124.7
ZAM-2025-013641,2025-11-28,Zabawki i prezenty,Marketplace,58.51
ZAM-2025-002538,2025-02-23,Odzież,Facebook Ads,188.0
ZAM-2025-006901,2025-09-19,Dom i ogród,Google Ads,189.18
ZAM-2025-007970,2025-03-23,Uroda,Marketplace,72.36
ZAM-2025-004866,2025-12-27,Odzież,Google Ads,160.43
ZAM-2025-003174,2025-04-12,Odzież,Google Ads,97.44
ZAM-2025-003491,2025-06-11,Odzież,Facebook Ads,118.54
ZAM-2025-004680,2025-11-25,Odzież,Google Ads,146.07
ZAM-2025-010947,2025-04-06,Sport,Facebook Ads,181.54
ZAM-2025-009181,2025-09-24,Uroda,Facebook Ads,96.23
ZAM-2025-001327,2025-09-05,Elektronika,Marketplace,672.09
ZAM-2025-013006,2025-08-03,Zabawki i prezenty,Sklep internetowy,78.81
ZAM-2025-000386,2025-03-15,Elektronika,Facebook Ads,389.8
ZAM-2025-000500,2025-04-29,Elektronika,Google Ads,440.24
ZAM-2025-001383,2025-09-01,Elektronika,Google Ads,474.38
ZAM-2025-010407,2025-02-13,Sport,Google Ads,96.46
ZAM-2025-005148,2025-12-13,Odzież,Sklep internetowy,141.4
ZAM-2025-013407,2025-11-11,Zabawki i prezenty,Facebook Ads,77.45
ZAM-2025-010371,2025-02-11,Sport,Google Ads,106.06
ZAM-2025-000818,2025-06-12,Elektronika,Sklep internetowy,292.16
ZAM-2025-012585,2025-03-06,Zabawki i prezenty,Sklep internetowy,90.18
ZAM-2025-006457,2025-07-27,Dom i ogród,Sklep internetowy,25.64
ZAM-2025-002344,2025-01-08,Odzież,Facebook Ads,176.81
ZAM-2025-003085,2025-04-10,Odzież,Sklep internetowy,76.66
ZAM-2025-006309,2025-06-25,Dom i ogród,Google Ads,163.97
ZAM-2025-001093,2025-08-18,Elektronika,Sklep internetowy,470.19
ZAM-2025-012495,2025-02-01,Zabawki i prezenty,Sklep internetowy,40.48
ZAM-2025-010668,2025-03-20,Sport,Facebook Ads,141.89
ZAM-2025-004123,2025-09-13,Odzież,Marketplace,124.27
ZAM-2025-000374,2025-03-07,Elektronika,Facebook Ads,213.99
ZAM-2025-012827,2025-06-02,Zabawki i prezenty,Facebook Ads,119.17
ZAM-2025-005467,2025-03-27,Dom i ogród,Marketplace,173.03
ZAM-2025-000572,2025-04-11,Elektronika,Facebook Ads,422.41
ZAM-2025-009053,2025-08-13,Uroda,Sklep internetowy,83.31
ZAM-2025-013921,2025-12-02,Zabawki i prezenty,Sklep internetowy,85.4
ZAM-2025-011144,2025-05-18,Sport,Sklep internetowy,198.58
ZAM-2025-008416,2025-05-24,Uroda,Marketplace,122.15
ZAM-2025-008749,2025-06-26,Uroda,Sklep internetowy,171.99
ZAM-2025-011782,2025-08-04,Sport,Sklep internetowy,111.59
ZAM-2025-004399,2025-10-23,Odzież,Google Ads,94.55
ZAM-2025-005806,2025-04-26,Dom i ogród,Google Ads,404.42
ZAM-2025-012738,2025-05-17,Zabawki i prezenty,Sklep internetowy,67.93
ZAM-2025-012497,2025-02-19,Zabawki i prezenty,Marketplace,114.12
ZAM-2025-005383,2025-02-26,Dom i ogród,Sklep internetowy,219.79
ZAM-2025-001461,2025-10-26,Elektronika,Marketplace,564.99
ZAM-2025-011878,2025-09-18,Sport,Google Ads,239.71
ZAM-2025-008333,2025-05-16,Uroda,Marketplace,49.65
ZAM-2025-012190,2025-11-30,Sport,Facebook Ads,223.28
ZAM-2025-003514,2025-06-06,Odzież,Marketplace,203.65
ZAM-2025-006149,2025-06-05,Dom i ogród,Marketplace,236.91
ZAM-2025-005191,2025-01-17,Dom i ogród,Sklep internetowy,384.6
ZAM-2025-014053,2025-12-16,Zabawki i prezenty,Marketplace,62.42
ZAM-2025-002766,2025-03-01,Odzież,Marketplace,109.38
ZAM-2025-000061,2025-01-06,Elektronika,Google Ads,277.52
ZAM-2025-011881,2025-09-24,Sport,Marketplace,141.22
ZAM-2025-002119,2025-12-01,Elektronika,Sklep internetowy,520.11
ZAM-2025-002219,2025-12-24,Elektronika,Marketplace,396.92
ZAM-2025-006514,2025-07-14,Dom i ogród,Marketplace,307.56
ZAM-2025-007189,2025-11-27,Dom i ogród,Facebook Ads,183.98
ZAM-2025-002297,2025-01-23,Odzież,Marketplace,111.88
ZAM-2025-013035,2025-08-13,Zabawki i prezenty,Sklep internetowy,78.96
ZAM-2025-013845,2025-12-26,Zabawki i prezenty,Marketplace,59.62
ZAM-2025-010856,2025-04-18,Sport,Sklep internetowy,152.08
ZAM-2025-005226,2025-01-08,Dom i ogród,Sklep internetowy,125.36
ZAM-2025-006279,2025-06-19,Dom i ogród,Sklep internetowy,262.07
ZAM-2025-002346,2025-01-16,Odzież,Facebook Ads,119.57
ZAM-2025-006336,2025-06-30,Dom i ogród,Marketplace,94.13
ZAM-2025-001173,2025-08-03,Elektronika,Sklep internetowy,366.34
ZAM-2025-008987,2025-08-24,Uroda,Sklep internetowy,68.51
ZAM-2025-006058,2025-05-27,Dom i ogród,Marketplace,88.59
ZAM-2025-011358,2025-06-10,Sport,Marketplace,154.46
ZAM-2025-012958,2025-08-30,Zabawki i prezenty,Sklep internetowy,81.71
ZAM-2025-008466,2025-05-06,Uroda,Sklep internetowy,73.45
ZAM-2025-011092,2025-05-16,Sport,Facebook Ads,219.38
ZAM-2025-012527,2025-02-17,Zabawki i prezenty,Sklep internetowy,107.08
ZAM-2025-009419,2025-10-08,Uroda,Facebook Ads,125.85
ZAM-2025-002130,2025-12-17,Elektronika,Marketplace,556.7
ZAM-2025-008425,2025-05-26,Uroda,Facebook Ads,83.26
ZAM-2025-014110,2025-12-24,Zabawki i prezenty,Facebook Ads,74.78
ZAM-2025-006596,2025-08-21,Dom i ogród,Sklep internetowy,287.58
ZAM-2025-011595,2025-08-09,Sport,Sklep internetowy,187.86
ZAM-2025-007689,2025-02-27,Uroda,Marketplace,68.37
ZAM-2025-005746,2025-04-05,Dom i ogród,Facebook Ads,311.77
ZAM-2025-006943,2025-09-20,Dom i ogród,Sklep internetowy,256.65
ZAM-2025-000256,2025-02-26,Elektronika,Sklep internetowy,350.25
ZAM-2025-000510,2025-04-09,Elektronika,Marketplace,531.86
ZAM-2025-012093,2025-11-29,Sport,Sklep internetowy,210.28
ZAM-2025-013889,2025-12-21,Zabawki i prezenty,Sklep internetowy,57.17
ZAM-2025-006218,2025-06-27,Dom i ogród,Facebook Ads,230.28
ZAM-2025-006465,2025-07-03,Dom i ogród,Google Ads,159.67
ZAM-2025-007346,2025-12-26,Dom i ogród,Google Ads,120.69
ZAM-2025-007978,2025-03-28,Uroda,Facebook Ads,125.75
ZAM-2025-012889,2025-07-17,Zabawki i prezenty,Google Ads,103.7
ZAM-2025-014091,2025-12-12,Zabawki i prezenty,Marketplace,54.27
ZAM-2025-007273,2025-12-10,Dom i ogród,Marketplace,155.4
ZAM-2025-004652,2025-11-01,Odzież,Facebook Ads,192.17
ZAM-2025-002326,2025-01-03,Odzież,Sklep internetowy,146.65
ZAM-2025-012767,2025-05-17,Zabawki i prezenty,Marketplace,81.44
ZAM-2025-003973,2025-08-01,Odzież,Marketplace,147.14
ZAM-2025-008189,2025-04-25,Uroda,Sklep internetowy,55.43
ZAM-2025-004604,2025-10-30,Odzież,Marketplace,88.29
ZAM-2025-008726,2025-06-13,Uroda,Sklep internetowy,84.01
ZAM-2025-004619,2025-10-07,Odzież,Google Ads,138.1
ZAM-2025-011112,2025-05-04,Sport,Google Ads,105.5
ZAM-2025-004357,2025-10-24,Odzież,Google Ads,166.23
ZAM-2025-005850,2025-05-31,Dom i ogród,Sklep internetowy,19
ZAM-2025-005328,2025-02-08,Dom i ogród,Marketplace,219.47
ZAM-2025-000692,2025-05-01,Elektronika,Sklep internetowy,796.73
ZAM-2025-012513,2025-02-21,Zabawki i prezenty,Sklep internetowy,71.83
ZAM-2025-013044,2025-09-27,Zabawki i prezenty,Sklep internetowy,84.43
ZAM-2025-006369,2025-07-31,Dom i ogród,Facebook Ads,89.71
ZAM-2025-000122,2025-01-31,Elektronika,Sklep internetowy,112.76
ZAM-2025-010625,2025-03-06,Sport,Sklep internetowy,201.91
ZAM-2025-008679,2025-06-19,Uroda,Sklep internetowy,46.59
ZAM-2025-007872,2025-03-12,Uroda,Google Ads,125.23
ZAM-2025-001725,2025-11-19,Elektronika,Marketplace,535.68
ZAM-2025-006736,2025-08-18,Dom i ogród,Marketplace,163.63
ZAM-2025-005883,2025-05-08,Dom i ogród,Google Ads,114.94
ZAM-2025-004081,2025-09-10,Odzież,Facebook Ads,99.28
ZAM-2025-011562,2025-07-22,Sport,Google Ads,208.91
ZAM-2025-002307,2025-01-17,Odzież,Marketplace,160.36
ZAM-2025-005831,2025-05-19,Dom i ogród,Sklep internetowy,178.41
ZAM-2025-002966,2025-04-02,Odzież,Google Ads,198.25
ZAM-2025-006060,2025-05-20,Dom i ogród,Facebook Ads,111.72
ZAM-2025-011575,2025-07-09,Sport,Facebook Ads,220.76
ZAM-2025-002271,2025-01-01,Odzież,Facebook Ads,151.71
ZAM-2025-005498,2025-03-15,Dom i ogród,Sklep internetowy,226.19
ZAM-2025-005239,2025-01-14,Dom i ogród,Sklep internetowy,238.88
ZAM-2025-008173,2025-04-19,Uroda,Facebook Ads,142.38
ZAM-2025-003872,2025-08-15,Odzież,Marketplace,65.0
ZAM-2025-011512,2025-07-18,Sport,Sklep internetowy,194.13
ZAM-2025-010738,2025-03-20,Sport,Google Ads,212.31
ZAM-2025-012725,2025-05-15,Zabawki i prezenty,Sklep internetowy,90.43
ZAM-2025-002207,2025-12-09,Elektronika,Marketplace,437.33
ZAM-2025-008258,2025-04-18,Uroda,Marketplace,124.71
ZAM-2025-007021,2025-10-28,Dom i ogród,Sklep internetowy,164.74
ZAM-2025-013197,2025-10-17,Zabawki i prezenty,Facebook Ads,85.97
ZAM-2025-007144,2025-11-02,Dom i ogród,Facebook Ads,73.45
ZAM-2025-007732,2025-02-26,Uroda,Sklep internetowy,78.07
ZAM-2025-010632,2025-03-24,Sport,Google Ads,191.04
ZAM-2025-009312,2025-09-23,Uroda,Sklep internetowy,95.92
ZAM-2025-011428,2025-07-17,Sport,Google Ads,139.79
ZAM-2025-004044,2025-09-01,Odzież,Marketplace,76.95
ZAM-2025-013877,2025-12-09,Zabawki i prezenty,Sklep internetowy,107.9
ZAM-2025-008124,2025-04-30,Uroda,Marketplace,98.21
ZAM-2025-004098,2025-09-20,Odzież,Sklep internetowy,135.57
ZAM-2025-011202,2025-06-21,Sport,Marketplace,146.13
ZAM-2025-001510,2025-10-07,Elektronika,Google Ads,53.22
ZAM-2025-012448,2025-01-17,Zabawki i prezenty,Google Ads,77.15
ZAM-2025-007376,2025-12-16,Dom i ogród,Sklep internetowy,219.16
ZAM-2025-010078,2025-12-17,Uroda,Google Ads,93.35
ZAM-2025-012267,2025-12-15,Sport,Google Ads,141.98
ZAM-2025-000899,2025-06-15,Elektronika,Sklep internetowy,521.84
ZAM-2025-001693,2025-11-04,Elektronika,Marketplace,460.13
ZAM-2025-009912,2025-12-17,Uroda,Marketplace,40.87
ZAM-2025-011580,2025-07-29,Sport,Google Ads,182.44
ZAM-2025-013881,2025-12-25,Zabawki i prezenty,Google Ads,68.98
ZAM-2025-006561,2025-07-28,Dom i ogród,Facebook Ads,212.04
ZAM-2025-013076,2025-09-09,Zabawki i prezenty,Google Ads,68.03
ZAM-2025-007880,2025-03-24,Uroda,Sklep internetowy,93.32
ZAM-2025-012437,2025-01-03,Zabawki i prezenty,Sklep internetowy,75.38
ZAM-2025-010681,2025-03-23,Sport,Google Ads,172.83
ZAM-2025-002095,2025-12-09,Elektronika,Sklep internetowy,591.44
ZAM-2025-002659,2025-03-01,Odzież,Marketplace,137.93
ZAM-2025-008853,2025-07-29,Uroda,Marketplace,97.79
ZAM-2025-005921,2025-05-09,Dom i ogród,Marketplace,283.53
ZAM-2025-008216,2025-04-23,Uroda,Sklep internetowy,50.84
ZAM-2025-000590,2025-04-15,Elektronika,Facebook Ads,366.72
ZAM-2025-003936,2025-08-12,Odzież,Marketplace,94.14
ZAM-2025-008900,2025-07-12,Uroda,Sklep internetowy,99.99
ZAM-2025-007920,2025-03-25,Uroda,Sklep internetowy,68.94
ZAM-2025-007526,2025-01-27,Uroda,Sklep internetowy,85.39
ZAM-2025-013417,2025-11-02,Zabawki i prezenty,Sklep internetowy,51.92
ZAM-2025-010635,2025-03-10,Sport,Sklep internetowy,170.71
ZAM-2025-006755,2025-08-05,Dom i ogród,Sklep internetowy,152.8
ZAM-2025-008543,2025-05-22,Uroda,Marketplace,103.0
ZAM-2025-010263,2025-01-21,Sport,Marketplace,89.84
ZAM-2025-000729,2025-05-22,Elektronika,Facebook Ads,553.66
ZAM-2025-011832,2025-09-17,Sport,Sklep internetowy,149.28
ZAM-2025-004787,2025-11-24,Odzież,Facebook Ads,139.79
ZAM-2025-001532,2025-10-26,Elektronika,Marketplace,339.85
ZAM-2025-011803,2025-09-14,Sport,Marketplace,120.53
ZAM-2025-003486,2025-06-09,Odzież,Marketplace,64.92
ZAM-2025-006443,2025-07-08,Dom i ogród,Sklep internetowy,267.0
ZAM-2025-011766,2025-08-15,Sport,Sklep internetowy,177.04
ZAM-2025-011455,2025-07-12,Sport,Sklep internetowy,123.54
ZAM-2025-005892,2025-05-30,Dom i ogród,Sklep internetowy,158.1
ZAM-2025-013457,2025-11-08,Zabawki i prezenty,Marketplace,96.71
ZAM-2025-000806,2025-06-20,Elektronika,Marketplace,216.25
ZAM-2025-000512,2025-04-17,Elektronika,Sklep internetowy,568.36
ZAM-2025-008020,2025-03-14,Uroda,Marketplace,151.54
ZAM-2025-007166,2025-11-17,Dom i ogród,Google Ads,246.71
ZAM-2025-008477,2025-05-17,Uroda,Google Ads,49.73
ZAM-2025-012929,2025-07-11,Zabawki i prezenty,Sklep internetowy,59.46
ZAM-2025-012657,2025-04-03,Zabawki i prezenty,Google Ads,78.12
ZAM-2025-001683,2025-11-07,Elektronika,Sklep internetowy,251.88
ZAM-2025-000505,2025-04-15,Elektronika,Facebook Ads,522.61
ZAM-2025-012972,2025-08-24,Zabawki i prezenty,Google Ads,65.16
ZAM-2025-010698,2025-03-15,Sport,Marketplace,226.01
ZAM-2025-009550,2025-10-07,Uroda,Sklep internetowy,64.15
ZAM-2025-007453,2025-01-30,Uroda,Google Ads,130.86
ZAM-2025-004658,2025-11-28,Odzież,Facebook Ads,104.49
ZAM-2025-008988,2025-08-13,Uroda,Facebook Ads,103.5
ZAM-2025-004299,2025-09-29,Odzież,Google Ads,207.93
ZAM-2025-012130,2025-11-01,Sport,Marketplace,154.67
ZAM-2025-004075,2025-09-01,Odzież,Marketplace,52.17
ZAM-2025-000588,2025-04-16,Elektronika,Sklep internetowy,397.43
ZAM-2025-007927,2025-03-22,Uroda,Facebook Ads,93.35
ZAM-2025-000923,2025-06-23,Elektronika,Facebook Ads,343.99
ZAM-2025-004984,2025-12-24,Odzież,Facebook Ads,222.83
ZAM-2025-005938,2025-05-21,Dom i ogród,Facebook Ads,162.65
ZAM-2025-004157,2025-09-03,Odzież,Sklep internetowy,182.89
ZAM-2025-002755,2025-03-02,Odzież,Facebook Ads,141.23
ZAM-2025-004125,2025-09-06,Odzież,Sklep internetowy,98.71
ZAM-2025-011273,2025-06-18,Sport,Sklep internetowy,133.48
ZAM-2025-009453,2025-10-05,Uroda,Sklep internetowy,80.86
ZAM-2025-001352,2025-09-27,Elektronika,Facebook Ads,253.15
ZAM-2025-000054,2025-01-03,Elektronika,Google Ads,295.44
ZAM-2025-011106,2025-05-27,Sport,Sklep internetowy,225.83
ZAM-2025-010526,2025-02-08,Sport,Sklep internetowy,208.14
ZAM-2025-010714,2025-03-22,Sport,Sklep internetowy,282.73
ZAM-2025-006046,2025-05-20,Dom i ogród,Sklep internetowy,266.71
ZAM-2025-013944,2025-12-16,Zabawki i prezenty,Sklep internetowy,45.24
ZAM-2025-005822,2025-04-09,Dom i ogród,Facebook Ads,92.47
ZAM-2025-007205,2025-11-01,Dom i ogród,Google Ads,250.83
ZAM-2025-001755,2025-11-03,Elektronika,Sklep internetowy,299.82
ZAM-2025-006111,2025-06-18,Dom i ogród,Facebook Ads,201.55
ZAM-2025-003819,2025-07-01,Odzież,Marketplace,113.77
ZAM-2025-001918,2025-11-26,Elektronika,Google Ads,535.83
ZAM-2025-007170,2025-11-26,Dom i ogród,Marketplace,372.33
ZAM-2025-008875,2025-07-25,Uroda,Google Ads,130.08
ZAM-2025-001873,2025-11-22,Elektronika,Google Ads,468.69
ZAM-2025-005238,2025-01-22,Dom i ogród,Facebook Ads,198.36
ZAM-2025-012039,2025-10-20,Sport,Marketplace,132.83
ZAM-2025-010482,2025-02-17,Sport,Marketplace,144.18
ZAM-2025-012649,2025-04-19,Zabawki i prezenty,Marketplace,89.74
ZAM-2025-013751,2025-12-15,Zabawki i prezenty,Facebook Ads,84.53
ZAM-2025-001834,2025-11-29,Elektronika,Facebook Ads,411.92
ZAM-2025-013956,2025-12-25,Zabawki i prezenty,Marketplace,99.24
ZAM-2025-002905,2025-04-12,Odzież,Sklep internetowy,66.2
ZAM-2025-010287,2025-01-22,Sport,Sklep internetowy,150.55
ZAM-2025-013768,2025-12-02,Zabawki i prezenty,Marketplace,83.77
ZAM-2025-013674,2025-12-06,Zabawki i prezenty,Google Ads,48.63
ZAM-2025-012317,2025-12-04,Sport,Facebook Ads,107.02
ZAM-2025-007036,2025-10-04,Dom i ogród,Sklep internetowy,206.54
ZAM-2025-002208,2025-12-07,Elektronika,Sklep internetowy,457.78
ZAM-2025-009766,2025-11-04,Uroda,Sklep internetowy,54.85
ZAM-2025-010133,2025-01-17,Sport,Sklep internetowy,275.46
ZAM-2025-010589,2025-03-22,Sport,Facebook Ads,232.78
ZAM-2025-009577,2025-10-20,Uroda,Facebook Ads,100.27
ZAM-2025-013584,2025-11-23,Zabawki i prezenty,Facebook Ads,39.76
ZAM-2025-001449,2025-10-27,Elektronika,Sklep internetowy,514.79
ZAM-2025-002708,2025-03-22,Odzież,Marketplace,92.11
ZAM-2025-009472,2025-10-18,Uroda,Marketplace,92.23
ZAM-2025-006050,2025-05-24,Dom i ogród,Sklep internetowy,209.05
ZAM-2025-009972,2025-12-28,Uroda,Sklep internetowy,123.43
ZAM-2025-009436,2025-10-07,Uroda,Marketplace,109.69
ZAM-2025-004785,2025-11-19,Odzież,Sklep internetowy,153.51
ZAM-2025-013839,2025-12-26,Zabawki i prezenty,Sklep internetowy,81.96
ZAM-2025-000753,2025-05-06,Elektronika,Sklep internetowy,19
ZAM-2025-013525,2025-11-23,Zabawki i prezenty,Sklep internetowy,67.94
ZAM-2025-005327,2025-02-14,Dom i ogród,Google Ads,71.43
ZAM-2025-005610,2025-04-16,Dom i ogród,Sklep internetowy,182.94
ZAM-2025-010752,2025-03-19,Sport,Sklep internetowy,166.04
ZAM-2025-013392,2025-11-09,Zabawki i prezenty,Sklep internetowy,64.47
ZAM-2025-009755,2025-11-07,Uroda,Sklep internetowy,93.06
ZAM-2025-009551,2025-10-19,Uroda,Facebook Ads,83.52
ZAM-2025-002549,2025-02-14,Odzież,Sklep internetowy,163.83
ZAM-2025-002756,2025-03-04,Odzież,Marketplace,208.92
ZAM-2025-011137,2025-05-21,Sport,Sklep internetowy,226.66
ZAM-2025-006461,2025-07-15,Dom i ogród,Facebook Ads,175.49
ZAM-2025-000057,2025-01-04,Elektronika,Google Ads,511.68
ZAM-2025-007275,2025-12-31,Dom i ogród,Facebook Ads,291.52
ZAM-2025-010189,2025-01-16,Sport,Google Ads,137.11
ZAM-2025-013688,2025-12-10,Zabawki i prezenty,Sklep internetowy,51.29
ZAM-2025-006614,2025-08-18,Dom i ogród,Sklep internetowy,228.69
ZAM-2025-003914,2025-08-09,Odzież,Marketplace,100.79
ZAM-2025-003674,2025-06-11,Odzież,Marketplace,200.94
ZAM-2025-011210,2025-06-21,Sport,Sklep internetowy,87.53
ZAM-2025-013251,2025-10-15,Zabawki i prezenty,Google Ads,88.14
ZAM-2025-012619,2025-04-08,Zabawki i prezenty,Marketplace,123.07
ZAM-2025-011108,2025-05-01,Sport,Facebook Ads,203.53
ZAM-2025-008062,2025-03-12,Uroda,Sklep internetowy,52.54
ZAM-2025-011553,2025-07-01,Sport,Sklep internetowy,50.3
ZAM-2025-002303,2025-01-07,Odzież,Facebook Ads,83.56
ZAM-2025-001618,2025-11-15,Elektronika,Marketplace,416.96
ZAM-2025-009107,2025-08-13,Uroda,Sklep internetowy,131.22
ZAM-2025-007055,2025-10-29,Dom i ogród,Facebook Ads,70.98
ZAM-2025-003635,2025-06-14,Odzież,Sklep internetowy,204.62
ZAM-2025-013301,2025-11-02,Zabawki i prezenty,Sklep internetowy,78.11
ZAM-2025-000191,2025-02-24,Elektronika,Facebook Ads,107.05
ZAM-2025-005313,2025-02-25,Dom i ogród,Marketplace,173.67
ZAM-2025-001245,2025-08-01,Elektronika,Facebook Ads,432.45
ZAM-2025-011760,2025-08-02,Sport,Sklep internetowy,148.11
ZAM-2025-009140,2025-08-16,Uroda,Google Ads,105.6
ZAM-2025-008266,2025-04-06,Uroda,Marketplace,147.59
ZAM-2025-013096,2025-09-11,Zabawki i prezenty,Sklep internetowy,78.84
ZAM-2025-000689,2025-05-31,Elektronika,Marketplace,187.41
ZAM-2025-001577,2025-10-25,Elektronika,Sklep internetowy,444.5
ZAM-2025-008884,2025-07-20,Uroda,Google Ads,85.64
ZAM-2025-005153,2025-12-24,Odzież,Sklep internetowy,180.39
ZAM-2025-012197,2025-11-17,Sport,Google Ads,102.09
ZAM-2025-010864,2025-04-12,Sport,Marketplace,124.69
ZAM-2025-001340,2025-09-26,Elektronika,Sklep internetowy,525.86
ZAM-2025-000079,2025-01-01,Elektronika,Facebook Ads,160.69
ZAM-2025-000340,2025-03-28,Elektronika,Sklep internetowy,204.91
ZAM-2025-004185,2025-09-05,Odzież,Google Ads,207.11
ZAM-2025-005943,2025-05-14,Dom i ogród,Sklep internetowy,247.7
ZAM-2025-005476,2025-03-16,Dom i ogród,Sklep internetowy,140.33
ZAM-2025-008473,2025-05-01,Uroda,Google Ads,77.99
ZAM-2025-007185,2025-11-28,Dom i ogród,Marketplace,144.86
ZAM-2025-006034,2025-05-19,Dom i ogród,Marketplace,289.64
ZAM-2025-003013,2025-04-13,Odzież,Marketplace,49.34
ZAM-2025-006981,2025-10-19,Dom i ogród,Marketplace,213.86
ZAM-2025-004835,2025-11-19,Odzież,Sklep internetowy,83.47
ZAM-2025-006606,2025-08-23,Dom i ogród,Facebook Ads,221.81
ZAM-2025-010352,2025-02-01,Sport,Sklep internetowy,170.47
ZAM-2025-007218,2025-11-11,Dom i ogród,Facebook Ads,253.65
ZAM-2025-013988,2025-12-26,Zabawki i prezenty,Google Ads,69.16
ZAM-2025-012673,2025-04-17,Zabawki i prezenty,Facebook Ads,64.59
ZAM-2025-012986,2025-08-26,Zabawki i prezenty,Google Ads,70.79
ZAM-2025-003541,2025-06-14,Odzież,Marketplace,125.69
ZAM-2025-008957,2025-07-01,Uroda,Google Ads,113.79
ZAM-2025-012886,2025-07-13,Zabawki i prezenty,Sklep internetowy,63.97
ZAM-2025-004445,2025-10-15,Odzież,Marketplace,94.56
ZAM-2025-004932,2025-12-21,Odzież,Facebook Ads,154.24
ZAM-2025-011503,2025-07-19,Sport,Sklep internetowy,155.32
ZAM-2025-003284,2025-05-19,Odzież,Marketplace,112.81
ZAM-2025-014065,2025-12-26,Zabawki i prezenty,Marketplace,112.85
ZAM-2025-003927,2025-08-05,Odzież,Facebook Ads,114.41
ZAM-2025-001202,2025-08-30,Elektronika,Facebook Ads,395.73
ZAM-2025-008139,2025-04-30,Uroda,Sklep internetowy,130.4
ZAM-2025-009301,2025-09-07,Uroda,Sklep internetowy,105.15
ZAM-2025-013589,2025-11-05,Zabawki i prezenty,Sklep internetowy,94.22
ZAM-2025-013284,2025-11-15,Zabawki i prezenty,Facebook Ads,107.23
ZAM-2025-012533,2025-02-08,Zabawki i prezenty,Facebook Ads,37.12
ZAM-2025-000661,2025-05-01,Elektronika,Sklep internetowy,327.84
ZAM-2025-006636,2025-08-16,Dom i ogród,Google Ads,184.29
ZAM-2025-005034,2025-12-16,Odzież,Sklep internetowy,207.47
ZAM-2025-005166,2025-01-17,Dom i ogród,Marketplace,180.19
ZAM-2025-012709,2025-05-17,Zabawki i prezenty,Facebook Ads,31.5
ZAM-2025-013883,2025-12-16,Zabawki i prezenty,Marketplace,101.45
ZAM-2025-008339,2025-05-12,Uroda,Marketplace,104.7
ZAM-2025-013176,2025-10-11,Zabawki i prezenty,Sklep internetowy,82.69
ZAM-2025-000066,2025-01-12,Elektronika,Facebook Ads,228.32
ZAM-2025-012211,2025-11-15,Sport,Facebook Ads,214.61
ZAM-2025-000399,2025-03-06,Elektronika,Sklep internetowy,285.12
ZAM-2025-011458,2025-07-23,Sport,Marketplace,170.9
ZAM-2025-013146,2025-10-19,Zabawki i prezenty,Marketplace,46.55
ZAM-2025-005400,2025-02-26,Dom i ogród,Sklep internetowy,220.87
ZAM-2025-003868,2025-08-08,Odzież,Sklep internetowy,133.64
ZAM-2025-005168,2025-01-10,Dom i ogród,Facebook Ads,106.3
ZAM-2025-003538,2025-06-15,Odzież,Facebook Ads,159.46
ZAM-2025-005305,2025-02-06,Dom i ogród,Facebook Ads,190.62
ZAM-2025-006597,2025-08-03,Dom i ogród,Marketplace,156.77
ZAM-2025-011884,2025-09-04,Sport,Marketplace,171.35
ZAM-2025-013151,2025-10-13,Zabawki i prezenty,Sklep internetowy,87.03
ZAM-2025-008169,2025-04-21,Uroda,Sklep internetowy,118.09
ZAM-2025-004672,2025-11-26,Odzież,Google Ads,107.53
ZAM-2025-000858,2025-06-21,Elektronika,Marketplace,376.99
ZAM-2025-000605,2025-04-09,Elektronika,Sklep internetowy,477.57
ZAM-2025-002186,2025-12-25,Elektronika,Facebook Ads,368.91
ZAM-2025-003185,2025-04-14,Odzież,Sklep internetowy,104.45
ZAM-2025-011501,2025-07-02,Sport,Sklep internetowy,149.11
ZAM-2025-004979,2025-12-15,Odzież,Facebook Ads,140.92
ZAM-2025-006007,2025-05-19,Dom i ogród,Facebook Ads,118.18
ZAM-2025-014023,2025-12-25,Zabawki i prezenty,Marketplace,39.27
ZAM-2025-012512,2025-02-11,Zabawki i prezenty,Facebook Ads,38.0
ZAM-2025-010425,2025-02-15,Sport,Sklep internetowy,183.67
ZAM-2025-004347,2025-10-30,Odzież,Facebook Ads,209.21
ZAM-2025-002329,2025-01-04,Odzież,Marketplace,140.79
ZAM-2025-008941,2025-07-23,Uroda,Sklep internetowy,108.61
ZAM-2025-003851,2025-07-25,Odzież,Facebook Ads,155.3
ZAM-2025-010061,2025-12-06,Uroda,Sklep internetowy,57.56
ZAM-2025-009512,2025-10-07,Uroda,Sklep internetowy,80.81
ZAM-2025-010809,2025-04-26,Sport,Facebook Ads,160.89
ZAM-2025-011406,2025-07-22,Sport,Facebook Ads,74.61
ZAM-2025-010603,2025-03-21,Sport,Marketplace,215.11
ZAM-2025-010243,2025-01-12,Sport,Facebook Ads,129.4
ZAM-2025-000337,2025-03-12,Elektronika,Sklep internetowy,502.7
ZAM-2025-012081,2025-10-15,Sport,Sklep internetowy,180.04
ZAM-2025-000361,2025-03-15,Elektronika,Sklep internetowy,391.58
ZAM-2025-003745,2025-07-02,Odzież,Marketplace,72.98
ZAM-2025-010212,2025-01-24,Sport,Google Ads,99.8
ZAM-2025-010447,2025-02-25,Sport,Facebook Ads,303.57
ZAM-2025-005076,2025-12-19,Odzież,Sklep internetowy,114.97
ZAM-2025-012547,2025-03-18,Zabawki i prezenty,Sklep internetowy,58.59
ZAM-2025-007134,2025-11-02,Dom i ogród,Sklep internetowy,90.06
ZAM-2025-013454,2025-11-05,Zabawki i prezenty,Facebook Ads,89.31
ZAM-2025-005336,2025-02-18,Dom i ogród,Facebook Ads,285.69
ZAM-2025-009120,2025-08-08,Uroda,Sklep internetowy,122.63
ZAM-2025-005637,2025-04-06,Dom i ogród,Google Ads,299.51
ZAM-2025-007416,2025-01-01,Uroda,Facebook Ads,80.68
ZAM-2025-013488,2025-11-04,Zabawki i prezenty,Sklep internetowy,82.81
ZAM-2025-005795,2025-04-11,Dom i ogród,Sklep internetowy,71.94
ZAM-2025-007833,2025-02-27,Uroda,Facebook Ads,122.8
ZAM-2025-013093,2025-09-01,Zabawki i prezenty,Google Ads,105.21
ZAM-2025-005381,2025-02-28,Dom i ogród,Marketplace,411.1
ZAM-2025-008898,2025-07-14,Uroda,Sklep internetowy,119.83
ZAM-2025-008009,2025-03-11,Uroda,Sklep internetowy,106.27
ZAM-2025-008538,2025-05-05,Uroda,Google Ads,36.32
ZAM-2025-008662,2025-06-28,Uroda,Facebook Ads,87.63
ZAM-2025-006803,2025-09-21,Dom i ogród,Marketplace,126.87
ZAM-2025-013376,2025-11-23,Zabawki i prezenty,Marketplace,72.74
ZAM-2025-005085,2025-12-29,Odzież,Sklep internetowy,97.03
ZAM-2025-013180,2025-10-20,Zabawki i prezenty,Marketplace,97.47
ZAM-2025-001724,2025-11-16,Elektronika,Sklep internetowy,393.69
ZAM-2025-010537,2025-02-07,Sport,Marketplace,147.92
ZAM-2025-010235,2025-01-17,Sport,Sklep internetowy,241.47
ZAM-2025-005689,2025-04-19,Dom i ogród,Facebook Ads,230.82
ZAM-2025-000413,2025-03-21,Elektronika,Sklep internetowy,534.43
ZAM-2025-012617,2025-04-09,Zabawki i prezenty,Sklep internetowy,104.32
ZAM-2025-008663,2025-06-09,Uroda,Sklep internetowy,122.5
ZAM-2025-005318,2025-02-28,Dom i ogród,Sklep internetowy,314.43
ZAM-2025-010776,2025-04-30,Sport,Marketplace,132.07
ZAM-2025-000076,2025-01-08,Elektronika,Sklep internetowy,351.58
ZAM-2025-009632,2025-11-22,Uroda,Facebook Ads,58.56
ZAM-2025-013955,2025-12-03,Zabawki i prezenty,Marketplace,65.09
ZAM-2025-005184,2025-01-18,Dom i ogród,Sklep internetowy,224.11
ZAM-2025-012518,2025-02-12,Zabawki i prezenty,Google Ads,100.75
ZAM-2025-002281,2025-01-19,Odzież,Facebook Ads,113.16
ZAM-2025-010813,2025-04-17,Sport,Sklep internetowy,233.77
ZAM-2025-002647,2025-03-28,Odzież,Facebook Ads,140.08
ZAM-2025-012615,2025-04-17,Zabawki i prezenty,Facebook Ads,67.58
ZAM-2025-008893,2025-07-10,Uroda,Sklep internetowy,147.7
ZAM-2025-011386,2025-07-09,Sport,Facebook Ads,83.62
ZAM-2025-013744,2025-12-26,Zabawki i prezenty,Facebook Ads,49.99
ZAM-2025-011048,2025-05-29,Sport,Marketplace,117.09
ZAM-2025-000709,2025-05-04,Elektronika,Sklep internetowy,235.93
ZAM-2025-007323,2025-12-11,Dom i ogród,Marketplace,282.02
ZAM-2025-008969,2025-08-19,Uroda,Marketplace,129.73
ZAM-2025-011925,2025-09-15,Sport,Marketplace,173.86
ZAM-2025-010250,2025-01-26,Sport,Marketplace,269.38
ZAM-2025-007704,2025-02-26,Uroda,Sklep internetowy,116.69
ZAM-2025-006288,2025-06-24,Dom i ogród,Sklep internetowy,284.86
ZAM-2025-008291,2025-04-14,Uroda,Facebook Ads,62.18
ZAM-2025-005575,2025-03-21,Dom i ogród,Google Ads,192.49
ZAM-2025-007270,2025-12-06,Dom i ogród,Google Ads,19
ZAM-2025-012062,2025-10-06,Sport,Sklep internetowy,187.74
ZAM-2025-009033,2025-08-15,Uroda,Sklep internetowy,98.12
ZAM-2025-002914,2025-04-27,Odzież,Sklep internetowy,178.97
ZAM-2025-005623,2025-04-18,Dom i ogród,Sklep internetowy,245.5
ZAM-2025-002298,2025-01-23,Odzież,Facebook Ads,114.3
ZAM-2025-013573,2025-11-13,Zabawki i prezenty,Sklep internetowy,83.8
ZAM-2025-012433,2025-01-08,Zabawki i prezenty,Marketplace,74.34
ZAM-2025-000722,2025-05-29,Elektronika,Sklep internetowy,284.54
ZAM-2025-004687,2025-11-11,Odzież,Sklep internetowy,166.73
ZAM-2025-011690,2025-08-19,Sport,Facebook Ads,171.28
ZAM-2025-013840,2025-12-14,Zabawki i prezenty,Facebook Ads,102.49
ZAM-2025-004549,2025-10-18,Odzież,Facebook Ads,115.35
ZAM-2025-011252,2025-06-19,Sport,Marketplace,176.56
ZAM-2025-009909,2025-12-02,Uroda,Facebook Ads,134.1
ZAM-2025-004978,2025-12-18,Odzież,Sklep internetowy,114.53
ZAM-2025-013460,2025-11-08,Zabawki i prezenty,Marketplace,79.77
ZAM-2025-013378,2025-11-15,Zabawki i prezenty,Marketplace,59.05
ZAM-2025-000408,2025-03-26,Elektronika,Facebook Ads,513.36
ZAM-2025-011394,2025-07-30,Sport,Facebook Ads,125.81
ZAM-2025-001744,2025-11-15,Elektronika,Sklep internetowy,666.49
ZAM-2025-005676,2025-04-15,Dom i ogród,Marketplace,156.15
ZAM-2025-010327,2025-01-14,Sport,Google Ads,162.13
ZAM-2025-002662,2025-03-27,Odzież,Sklep internetowy,102.19
ZAM-2025-013260,2025-10-19,Zabawki i prezenty,Facebook Ads,79.41
ZAM-2025-000292,2025-03-06,Elektronika,Sklep internetowy,481.62
ZAM-2025-011775,2025-08-31,Sport,Sklep internetowy,198.13
ZAM-2025-005310,2025-02-12,Dom i ogród,Google Ads,152.72
ZAM-2025-002728,2025-03-17,Odzież,Marketplace,140.54
ZAM-2025-003608,2025-06-24,Odzież,Sklep internetowy,212.32
ZAM-2025-003501,2025-06-17,Odzież,Marketplace,81.1
ZAM-2025-007734,2025-02-17,Uroda,Sklep internetowy,70.5
ZAM-2025-012948,2025-08-06,Zabawki i prezenty,Sklep internetowy,67.64
ZAM-2025-011094,2025-05-01,Sport,Marketplace,125.91
ZAM-2025-008454,2025-05-11,Uroda,Sklep internetowy,72.91
ZAM-2025-002392,2025-01-18,Odzież,Google Ads,205.16
ZAM-2025-009694,2025-11-24,Uroda,Sklep internetowy,105.02
ZAM-2025-009579,2025-10-14,Uroda,Sklep internetowy,117.66
ZAM-2025-011838,2025-09-21,Sport,Sklep internetowy,230.81
ZAM-2025-007789,2025-02-14,Uroda,Marketplace,73.93
ZAM-2025-012546,2025-03-06,Zabawki i prezenty,Facebook Ads,54.94
ZAM-2025-013980,2025-12-11,Zabawki i prezenty,Marketplace,81.6
ZAM-2025-001936,2025-11-29,Elektronika,Sklep internetowy,336.83
ZAM-2025-004196,2025-09-08,Odzież,Marketplace,204.65
ZAM-2025-002564,2025-02-25,Odzież,Marketplace,100.49
ZAM-2025-012705,2025-05-06,Zabawki i prezenty,Google Ads,74.79
ZAM-2025-010046,2025-12-21,Uroda,Sklep internetowy,104.51
ZAM-2025-003575,2025-06-12,Odzież,Marketplace,198.21
ZAM-2025-009896,2025-12-21,Uroda,Facebook Ads,129.46
ZAM-2025-001138,2025-08-13,Elektronika,Marketplace,254.46
ZAM-2025-007341,2025-12-28,Dom i ogród,Sklep internetowy,175.09
ZAM-2025-000645,2025-05-10,Elektronika,Google Ads,301.25
ZAM-2025-003056,2025-04-19,Odzież,Facebook Ads,178.99
ZAM-2025-001172,2025-08-29,Elektronika,Sklep internetowy,568.41
ZAM-2025-008833,2025-07-17,Uroda,Google Ads,123.61
ZAM-2025-010303,2025-01-12,Sport,Facebook Ads,257.65
ZAM-2025-000207,2025-02-13,Elektronika,Sklep internetowy,471.57
ZAM-2025-008952,2025-07-07,Uroda,Marketplace,113.7
ZAM-2025-001679,2025-11-28,Elektronika,Sklep internetowy,338.44
ZAM-2025-013471,2025-11-14,Zabawki i prezenty,Marketplace,89.89
ZAM-2025-008959,2025-07-08,Uroda,Google Ads,76.05
ZAM-2025-005454,2025-03-25,Dom i ogród,Sklep internetowy,317.56
ZAM-2025-008918,2025-07-10,Uroda,Google Ads,97.07
ZAM-2025-010577,2025-03-20,Sport,Sklep internetowy,141.38
ZAM-2025-003287,2025-05-10,Odzież,Marketplace,114.39
ZAM-2025-001598,2025-10-26,Elektronika,Sklep internetowy,284.19
ZAM-2025-006095,2025-06-16,Dom i ogród,Facebook Ads,275.86
ZAM-2025-007000,2025-10-31,Dom i ogród,Google Ads,113.25
ZAM-2025-004538,2025-10-09,Odzież,Sklep internetowy,115.96
ZAM-2025-004584,2025-10-21,Odzież,Sklep internetowy,211.23
ZAM-2025-007493,2025-01-31,Uroda,Marketplace,102.86
ZAM-2025-001231,2025-08-28,Elektronika,Facebook Ads,345.21
ZAM-2025-005186,2025-01-28,Dom i ogród,Sklep internetowy,172.03
ZAM-2025-006356,2025-07-16,Dom i ogród,Google Ads,253.48
ZAM-2025-006159,2025-06-25,Dom i ogród,Sklep internetowy,208.11
ZAM-2025-009471,2025-10-15,Uroda,Sklep internetowy,138.12
ZAM-2025-014078,2025-12-02,Zabawki i prezenty,Marketplace,47.36
ZAM-2025-002275,2025-01-17,Odzież,Google Ads,170.31
ZAM-2025-012479,2025-02-09,Zabawki i prezenty,Facebook Ads,45.84
ZAM-2025-003347,2025-05-05,Odzież,Sklep internetowy,191.36
ZAM-2025-004990,2025-12-25,Odzież,Facebook Ads,181.83
ZAM-2025-013430,2025-11-15,Zabawki i prezenty,Sklep internetowy,66.81
ZAM-2025-006560,2025-07-14,Dom i ogród,Sklep internetowy,183.4
ZAM-2025-001248,2025-09-23,Elektronika,Facebook Ads,210.66
ZAM-2025-011667,2025-08-23,Sport,Facebook Ads,75.01
ZAM-2025-002573,2025-02-02,Odzież,Google Ads,179.99
ZAM-2025-002980,2025-04-09,Odzież,Facebook Ads,119.22
ZAM-2025-002736,2025-03-16,Odzież,Google Ads,71.18
ZAM-2025-001759,2025-11-22,Elektronika,Sklep internetowy,401.21
ZAM-2025-000427,2025-03-10,Elektronika,Marketplace,292.95
ZAM-2025-007567,2025-01-25,Uroda,Sklep internetowy,126.13
ZAM-2025-013868,2025-12-13,Zabawki i prezenty,Google Ads,54.82
ZAM-2025-006300,2025-06-27,Dom i ogród,Sklep internetowy,143.4
ZAM-2025-010661,2025-03-26,Sport,Sklep internetowy,216.05
ZAM-2025-005627,2025-04-24,Dom i ogród,Marketplace,206.55
ZAM-2025-004031,2025-08-09,Odzież,Sklep internetowy,148.64
ZAM-2025-003894,2025-08-19,Odzież,Marketplace,111.64
ZAM-2025-003771,2025-07-13,Odzież,Facebook Ads,90.61
ZAM-2025-001307,2025-09-24,Elektronika,Marketplace,316.49
ZAM-2025-006524,2025-07-28,Dom i ogród,Sklep internetowy,215.74
ZAM-2025-006826,2025-09-19,Dom i ogród,Facebook Ads,217.19
ZAM-2025-004531,2025-10-10,Odzież,Marketplace,152.32
ZAM-2025-009547,2025-10-17,Uroda,Sklep internetowy,138.03
ZAM-2025-000734,2025-05-27,Elektronika,Facebook Ads,480.32
ZAM-2025-012643,2025-04-20,Zabawki i prezenty,Sklep internetowy,51.94
ZAM-2025-009933,2025-12-05,Uroda,Marketplace,116.89
ZAM-2025-008602,2025-06-25,Uroda,Sklep internetowy,81.25
ZAM-2025-006649,2025-08-07,Dom i ogród,Google Ads,180.79
ZAM-2025-007319,2025-12-10,Dom i ogród,Marketplace,298.54
ZAM-2025-000094,2025-01-07,Elektronika,Sklep internetowy,670.91
ZAM-2025-002888,2025-04-01,Odzież,Sklep internetowy,132.58
ZAM-2025-007504,2025-01-08,Uroda,Marketplace,96.41
ZAM-2025-008051,2025-03-29,Uroda,Sklep internetowy,90.0
ZAM-2025-010596,2025-03-29,Sport,Sklep internetowy,172.02
ZAM-2025-003570,2025-06-16,Odzież,Facebook Ads,82.95
ZAM-2025-001974,2025-12-11,Elektronika,Google Ads,386.49
ZAM-2025-001793,2025-11-10,Elektronika,Sklep internetowy,506.37
ZAM-2025-000581,2025-04-29,Elektronika,Facebook Ads,590.44
ZAM-2025-003291,2025-05-11,Odzież,Sklep internetowy,175.16
ZAM-2025-011267,2025-06-05,Sport,Sklep internetowy,109.0
ZAM-2025-006434,2025-07-04,Dom i ogród,Sklep internetowy,322.51
ZAM-2025-005791,2025-04-06,Dom i ogród,Facebook Ads,161.05
ZAM-2025-002927,2025-04-07,Odzież,Google Ads,42.08
ZAM-2025-005259,2025-01-20,Dom i ogród,Sklep internetowy,195.05
ZAM-2025-000096,2025-01-27,Elektronika,Sklep internetowy,245.48
ZAM-2025-006219,2025-06-21,Dom i ogród,Marketplace,42.99
ZAM-2025-003358,2025-05-12,Odzież,Facebook Ads,140.43
ZAM-2025-005458,2025-03-02,Dom i ogród,Google Ads,248.51
ZAM-2025-003252,2025-05-21,Odzież,Marketplace,167.09
ZAM-2025-007499,2025-01-19,Uroda,Sklep internetowy,93.63
ZAM-2025-002677,2025-03-20,Odzież,Sklep internetowy,213.88
ZAM-2025-005688,2025-04-14,Dom i ogród,Marketplace,305.97
ZAM-2025-013706,2025-12-24,Zabawki i prezenty,Sklep internetowy,81.45
ZAM-2025-007026,2025-10-11,Dom i ogród,Google Ads,139.46
ZAM-2025-008605,2025-06-09,Uroda,Marketplace,164.81
ZAM-2025-006273,2025-06-08,Dom i ogród,Marketplace,297.2
ZAM-2025-001843,2025-11-18,Elektronika,Sklep internetowy,373.53
ZAM-2025-008092,2025-04-27,Uroda,Sklep internetowy,108.93
ZAM-2025-003431,2025-05-18,Odzież,Marketplace,192.44
ZAM-2025-014060,2025-12-31,Zabawki i prezenty,Marketplace,110.15
ZAM-2025-007042,2025-10-22,Dom i ogród,Sklep internetowy,255.77
ZAM-2025-008379,2025-05-14,Uroda,Facebook Ads,116.5
ZAM-2025-011268,2025-06-12,Sport,Sklep internetowy,170.42
ZAM-2025-003705,2025-07-31,Odzież,Sklep internetowy,109.47
ZAM-2025-011286,2025-06-19,Sport,Marketplace,148.19
ZAM-2025-003940,2025-08-19,Odzież,Facebook Ads,109.95
ZAM-2025-007762,2025-02-03,Uroda,Marketplace,87.26
ZAM-2025-008199,2025-04-13,Uroda,Marketplace,94.96
ZAM-2025-005595,2025-04-25,Dom i ogród,Sklep internetowy,19
ZAM-2025-002585,2025-02-19,Odzież,Marketplace,196.96
ZAM-2025-004746,2025-11-16,Odzież,Facebook Ads,200.78
ZAM-2025-003369,2025-05-25,Odzież,Google Ads,176.94
ZAM-2025-008951,2025-07-18,Uroda,Sklep internetowy,79.36
ZAM-2025-006178,2025-06-10,Dom i ogród,Sklep internetowy,286.89
ZAM-2025-005335,2025-02-20,Dom i ogród,Sklep internetowy,99.23
ZAM-2025-003416,2025-05-11,Odzież,Facebook Ads,140.45
ZAM-2025-014085,2025-12-24,Zabawki i prezenty,Sklep internetowy,45.3
ZAM-2025-013399,2025-11-18,Zabawki i prezenty,Sklep internetowy,68.04
ZAM-2025-011275,2025-06-05,Sport,Facebook Ads,155.01
ZAM-2025-013237,2025-10-10,Zabawki i prezenty,Facebook Ads,61.67
ZAM-2025-010557,2025-03-15,Sport,Sklep internetowy,119.21
ZAM-2025-000634,2025-05-28,Elektronika,Sklep internetowy,393.25
ZAM-2025-010027,2025-12-20,Uroda,Sklep internetowy,129.32
ZAM-2025-003395,2025-05-04,Odzież,Sklep internetowy,146.11
ZAM-2025-000956,2025-07-30,Elektronika,Marketplace,562.71
ZAM-2025-003550,2025-06-11,Odzież,Sklep internetowy,146.06
ZAM-2025-005817,2025-04-02,Dom i ogród,Sklep internetowy,155.08
ZAM-2025-000584,2025-04-29,Elektronika,Sklep internetowy,331.89
ZAM-2025-008971,2025-08-01,Uroda,Google Ads,79.49
ZAM-2025-004121,2025-09-06,Odzież,Google Ads,166.62
ZAM-2025-007534,2025-01-06,Uroda,Marketplace,91.81
ZAM-2025-007764,2025-02-25,Uroda,Marketplace,56.12
ZAM-2025-007940,2025-03-19,Uroda,Facebook Ads,63.25
ZAM-2025-006433,2025-07-21,Dom i ogród,Google Ads,93.03
ZAM-2025-005724,2025-04-19,Dom i ogród,Marketplace,209.92
ZAM-2025-003428,2025-05-29,Odzież,Sklep internetowy,93.96
ZAM-2025-014163,2025-12-02,Zabawki i prezenty,Facebook Ads,70.91
ZAM-2025-011732,2025-08-26,Sport,Sklep internetowy,146.91
ZAM-2025-000117,2025-01-11,Elektronika,Sklep internetowy,481.27
ZAM-2025-001629,2025-11-11,Elektronika,Sklep internetowy,394.82
ZAM-2025-011357,2025-06-08,Sport,Sklep internetowy,223.71
ZAM-2025-013723,2025-12-23,Zabawki i prezenty,Marketplace,64.35
ZAM-2025-007964,2025-03-10,Uroda,Google Ads,120.7
ZAM-2025-008703,2025-06-11,Uroda,Google Ads,89.11
ZAM-2025-010835,2025-04-12,Sport,Sklep internetowy,241.3
ZAM-2025-013789,2025-12-09,Zabawki i prezenty,Google Ads,61.62
ZAM-2025-012552,2025-03-09,Zabawki i prezenty,Marketplace,58.16
ZAM-2025-003786,2025-07-05,Odzież,Facebook Ads,121.91
ZAM-2025-001698,2025-11-01,Elektronika,Facebook Ads,416.28
ZAM-2025-000573,2025-04-05,Elektronika,Marketplace,242.72
ZAM-2025-013498,2025-11-03,Zabawki i prezenty,Sklep internetowy,123.25
ZAM-2025-003396,2025-05-19,Odzież,Marketplace,163.93
ZAM-2025-003920,2025-08-25,Odzież,Google Ads,181.34
ZAM-2025-009389,2025-10-14,Uroda,Marketplace,88.04
ZAM-2025-007879,2025-03-08,Uroda,Sklep internetowy,91.87
ZAM-2025-007043,2025-10-06,Dom i ogród,Sklep internetowy,168.27
ZAM-2025-007825,2025-02-01,Uroda,Sklep internetowy,155.58
ZAM-2025-009491,2025-10-10,Uroda,Facebook Ads,92.45
ZAM-2025-008974,2025-08-01,Uroda,Marketplace,90.72
ZAM-2025-002631,2025-03-23,Odzież,Marketplace,158.78
ZAM-2025-000895,2025-06-14,Elektronika,Sklep internetowy,599.19
ZAM-2025-002001,2025-12-01,Elektronika,Google Ads,641.13
ZAM-2025-011342,2025-06-07,Sport,Facebook Ads,199.16
ZAM-2025-003912,2025-08-24,Odzież,Google Ads,144.08
ZAM-2025-007770,2025-02-13,Uroda,Google Ads,117.88
ZAM-2025-000549,2025-04-30,Elektronika,Sklep internetowy,695.24
ZAM-2025-013578,2025-11-01,Zabawki i prezenty,Marketplace,92.15
ZAM-2025-011835,2025-09-07,Sport,Sklep internetowy,185.45
ZAM-2025-002709,2025-03-05,Odzież,Marketplace,56.13
ZAM-2025-007667,2025-02-16,Uroda,Facebook Ads,80.79
ZAM-2025-011565,2025-07-09,Sport,Facebook Ads,132.73
ZAM-2025-001121,2025-08-12,Elektronika,Sklep internetowy,22.31
ZAM-2025-001128,2025-08-20,Elektronika,Sklep internetowy,632.98
ZAM-2025-001438,2025-10-06,Elektronika,Facebook Ads,551.95
ZAM-2025-005240,2025-01-18,Dom i ogród,Facebook Ads,368.78
ZAM-2025-001887,2025-11-01,Elektronika,Facebook Ads,357.93
ZAM-2025-003406,2025-05-19,Odzież,Facebook Ads,151.37
ZAM-2025-006674,2025-08-02,Dom i ogród,Sklep internetowy,206.31
ZAM-2025-008790,2025-07-08,Uroda,Marketplace,33.13
ZAM-2025-003355,2025-05-02,Odzież,Sklep internetowy,70.84
ZAM-2025-000236,2025-02-04,Elektronika,Sklep internetowy,554.2
ZAM-2025-007247,2025-12-10,Dom i ogród,Marketplace,97.26
ZAM-2025-010692,2025-03-17,Sport,Facebook Ads,135.03
ZAM-2025-006242,2025-06-14,Dom i ogród,Sklep internetowy,135.42
ZAM-2025-012733,2025-05-20,Zabawki i prezenty,Marketplace,59.74
ZAM-2025-005840,2025-05-10,Dom i ogród,Marketplace,199.13
ZAM-2025-004564,2025-10-23,Odzież,Sklep internetowy,50.02
ZAM-2025-013564,2025-11-18,Zabawki i prezenty,Sklep internetowy,69.74
ZAM-2025-009018,2025-08-05,Uroda,Facebook Ads,103.01
ZAM-2025-006212,2025-06-28,Dom i ogród,Marketplace,172.36
ZAM-2025-012981,2025-08-26,Zabawki i prezenty,Sklep internetowy,98.84
ZAM-2025-002971,2025-04-05,Odzież,Sklep internetowy,68.66
ZAM-2025-004396,2025-10-23,Odzież,Facebook Ads,145.8
ZAM-2025-003255,2025-05-15,Odzież,Marketplace,170.91
ZAM-2025-001955,2025-11-29,Elektronika,Sklep internetowy,331.99
ZAM-2025-003642,2025-06-29,Odzież,Facebook Ads,141.32
ZAM-2025-013836,2025-12-29,Zabawki i prezenty,Facebook Ads,82.93
ZAM-2025-005465,2025-03-24,Dom i ogród,Google Ads,266.16
ZAM-2025-007921,2025-03-12,Uroda,Facebook Ads,88.15
ZAM-2025-014111,2025-12-06,Zabawki i prezenty,Marketplace,71.23
ZAM-2025-004937,2025-12-30,Odzież,Sklep internetowy,84.65
ZAM-2025-011379,2025-07-24,Sport,Marketplace,150.13
ZAM-2025-013390,2025-11-02,Zabawki i prezenty,Google Ads,72.17
ZAM-2025-009634,2025-11-15,Uroda,Google Ads,86.31
ZAM-2025-010743,2025-03-07,Sport,Facebook Ads,241.78
ZAM-2025-001481,2025-10-23,Elektronika,Sklep internetowy,368.59
ZAM-2025-014155,2025-12-06,Zabawki i prezenty,Facebook Ads,33.11
ZAM-2025-004003,2025-08-13,Odzież,Marketplace,112.07
ZAM-2025-007609,2025-02-21,Uroda,Marketplace,85.66
ZAM-2025-007592,2025-01-23,Uroda,Sklep internetowy,89.8
ZAM-2025-000543,2025-04-07,Elektronika,Marketplace,310.34
ZAM-2025-013560,2025-11-23,Zabawki i prezenty,Sklep internetowy,78.03
ZAM-2025-006360,2025-07-30,Dom i ogród,Google Ads,119.71
ZAM-2025-002675,2025-03-25,Odzież,Marketplace,53.92
ZAM-2025-012816,2025-06-13,Zabawki i prezenty,Facebook Ads,43.14
ZAM-2025-001934,2025-11-23,Elektronika,Google Ads,445.03
ZAM-2025-002245,2025-01-22,Odzież,Facebook Ads,121.71
ZAM-2025-010842,2025-04-04,Sport,Marketplace,87.05
ZAM-2025-000489,2025-04-27,Elektronika,Marketplace,342.41
ZAM-2025-008303,2025-05-18,Uroda,Sklep internetowy,127.05
ZAM-2025-001650,2025-11-24,Elektronika,Marketplace,552.1
ZAM-2025-009452,2025-10-22,Uroda,Facebook Ads,98.98
ZAM-2025-011787,2025-08-31,Sport,Google Ads,190.34
ZAM-2025-009962,2025-12-28,Uroda,Facebook Ads,121.67
ZAM-2025-009186,2025-09-04,Uroda,Sklep internetowy,138.19
ZAM-2025-012928,2025-07-12,Zabawki i prezenty,Sklep internetowy,72.85
ZAM-2025-008910,2025-07-29,Uroda,Facebook Ads,87.4
ZAM-2025-000329,2025-03-09,Elektronika,Sklep internetowy,372.41
ZAM-2025-009905,2025-12-28,Uroda,Marketplace,126.46
ZAM-2025-009635,2025-11-03,Uroda,Sklep internetowy,98.09
ZAM-2025-009285,2025-09-07,Uroda,Google Ads,115.88
ZAM-2025-009319,2025-09-04,Uroda,Marketplace,94.82
ZAM-2025-009441,2025-10-17,Uroda,Sklep internetowy,70.18
ZAM-2025-001911,2025-11-29,Elektronika,Facebook Ads,539.95
ZAM-2025-008798,2025-07-12,Uroda,Google Ads,54.22
ZAM-2025-000968,2025-07-03,Elektronika,Sklep internetowy,408.24
ZAM-2025-002531,2025-02-26,Odzież,Sklep internetowy,96.34
ZAM-2025-011300,2025-06-27,Sport,Marketplace,85.18
ZAM-2025-002796,2025-03-21,Odzież,Facebook Ads,205.38
ZAM-2025-008550,2025-05-09,Uroda,Google Ads,106.73
ZAM-2025-002704,2025-03-09,Odzież,Sklep internetowy,87.41
ZAM-2025-002684,2025-03-15,Odzież,Facebook Ads,157.74
ZAM-2025-007736,2025-02-24,Uroda,Google Ads,143.58
ZAM-2025-009083,2025-08-21,Uroda,Facebook Ads,64.1
ZAM-2025-013221,2025-10-18,Zabawki i prezenty,Marketplace,103.14
ZAM-2025-000390,2025-03-17,Elektronika,Marketplace,492.5
ZAM-2025-006928,2025-09-17,Dom i ogród,Google Ads,337.56
ZAM-2025-000368,2025-03-10,Elektronika,Sklep internetowy,110.64
ZAM-2025-001300,2025-09-08,Elektronika,Marketplace,698.56
ZAM-2025-002028,2025-12-19,Elektronika,Sklep internetowy,492.89
ZAM-2025-007401,2025-01-18,Uroda,Marketplace,95.52
ZAM-2025-005331,2025-02-05,Dom i ogród,Sklep internetowy,342.52
ZAM-2025-012278,2025-12-23,Sport,Marketplace,227.88
ZAM-2025-008572,2025-05-02,Uroda,Facebook Ads,83.76
ZAM-2025-007269,2025-12-22,Dom i ogród,Sklep internetowy,103.97
ZAM-2025-007831,2025-02-01,Uroda,Facebook Ads,57.43
ZAM-2025-009723,2025-11-27,Uroda,Sklep internetowy,121.18
ZAM-2025-006659,2025-08-12,Dom i ogród,Sklep internetowy,178.19
ZAM-2025-002230,2025-12-18,Elektronika,Sklep internetowy,518.88
ZAM-2025-004642,2025-11-02,Odzież,Marketplace,179.49
ZAM-2025-012976,2025-08-08,Zabawki i prezenty,Sklep internetowy,75.49
ZAM-2025-009678,2025-11-13,Uroda,Sklep internetowy,71.45
ZAM-2025-005416,2025-02-27,Dom i ogród,Google Ads,263.09
ZAM-2025-003474,2025-05-01,Odzież,Facebook Ads,175.53
ZAM-2025-001729,2025-11-07,Elektronika,Facebook Ads,476.89
ZAM-2025-003763,2025-07-25,Odzież,Marketplace,89.04
ZAM-2025-001131,2025-08-01,Elektronika,Marketplace,238.49
ZAM-2025-008040,2025-03-15,Uroda,Google Ads,30.72
ZAM-2025-010593,2025-03-25,Sport,Sklep internetowy,134.47
ZAM-2025-004184,2025-09-04,Odzież,Marketplace,157.33
ZAM-2025-007579,2025-01-04,Uroda,Sklep internetowy,105.04
ZAM-2025-009640,2025-11-17,Uroda,Google Ads,78.21
ZAM-2025-012063,2025-10-07,Sport,Marketplace,114.42
ZAM-2025-008903,2025-07-05,Uroda,Sklep internetowy,139.73
ZAM-2025-008152,2025-04-23,Uroda,Sklep internetowy,74.57
ZAM-2025-007951,2025-03-18,Uroda,Marketplace,97.93
ZAM-2025-002648,2025-03-26,Odzież,Google Ads,87.7
ZAM-2025-005954,2025-05-22,Dom i ogród,Marketplace,148.15
ZAM-2025-001662,2025-11-17,Elektronika,Sklep internetowy,358.65
ZAM-2025-006727,2025-08-31,Dom i ogród,Sklep internetowy,274.96
ZAM-2025-000261,2025-02-26,Elektronika,Sklep internetowy,518.95
ZAM-2025-012904,2025-07-08,Zabawki i prezenty,Marketplace,42.99
ZAM-2025-003738,2025-07-23,Odzież,Sklep internetowy,107.1
ZAM-2025-007378,2025-12-02,Dom i ogród,Sklep internetowy,219.03
ZAM-2025-005007,2025-12-04,Odzież,Marketplace,186.4
ZAM-2025-012683,2025-04-12,Zabawki i prezenty,Sklep internetowy,91.52
ZAM-2025-013310,2025-11-08,Zabawki i prezenty,Marketplace,78.83
ZAM-2025-001806,2025-11-21,Elektronika,Marketplace,380.67
ZAM-2025-014101,2025-12-07,Zabawki i prezenty,Marketplace,101.63
ZAM-2025-007451,2025-01-20,Uroda,Facebook Ads,126.59
ZAM-2025-010539,2025-02-06,Sport,Facebook Ads,164.84
ZAM-2025-000852,2025-06-03,Elektronika,Facebook Ads,459.02
ZAM-2025-013495,2025-11-23,Zabawki i prezenty,Sklep internetowy,105.54
ZAM-2025-001314,2025-09-11,Elektronika,Sklep internetowy,459.46
ZAM-2025-004690,2025-11-25,Odzież,Google Ads,101.33
ZAM-2025-011054,2025-05-02,Sport,Sklep internetowy,19
ZAM-2025-006411,2025-07-17,Dom i ogród,Sklep internetowy,292.18
ZAM-2025-013153,2025-10-09,Zabawki i prezenty,Google Ads,89.83
ZAM-2025-003024,2025-04-25,Odzież,Sklep internetowy,111.38
ZAM-2025-001889,2025-11-13,Elektronika,Sklep internetowy,478.65
ZAM-2025-010376,2025-02-09,Sport,Sklep internetowy,148.43
ZAM-2025-009315,2025-09-04,Uroda,Marketplace,104.91
ZAM-2025-003899,2025-08-25,Odzież,Marketplace,101.24
ZAM-2025-010110,2025-01-03,Sport,Facebook Ads,137.47
ZAM-2025-010129,2025-01-20,Sport,Facebook Ads,252.42
ZAM-2025-002025,2025-12-30,Elektronika,Sklep internetowy,161.36
ZAM-2025-010174,2025-01-17,Sport,Facebook Ads,206.8
ZAM-2025-012233,2025-12-27,Sport,Sklep internetowy,68.9
ZAM-2025-011850,2025-09-17,Sport,Google Ads,160.71
ZAM-2025-013890,2025-12-16,Zabawki i prezenty,Sklep internetowy,75.91
ZAM-2025-010431,2025-02-20,Sport,Sklep internetowy,83.87
ZAM-2025-012053,2025-10-09,Sport,Sklep internetowy,150.55
ZAM-2025-002715,2025-03-01,Odzież,Sklep internetowy,126.44
ZAM-2025-004643,2025-11-29,Odzież,Facebook Ads,183.04
ZAM-2025-000731,2025-05-07,Elektronika,Sklep internetowy,538.95
ZAM-2025-000204,2025-02-03,Elektronika,Google Ads,598.07
ZAM-2025-002859,2025-03-16,Odzież,Sklep internetowy,166.55
ZAM-2025-012285,2025-12-06,Sport,Google Ads,150.36
ZAM-2025-001874,2025-11-26,Elektronika,Sklep internetowy,494.81
ZAM-2025-005235,2025-01-23,Dom i ogród,Sklep internetowy,126.79
ZAM-2025-002921,2025-04-19,Odzież,Sklep internetowy,41.83
ZAM-2025-009862,2025-12-07,Uroda,Marketplace,113.89
ZAM-2025-012794,2025-06-20,Zabawki i prezenty,Sklep internetowy,47.82
ZAM-2025-008624,2025-06-18,Uroda,Sklep internetowy,122.64
ZAM-2025-004219,2025-09-04,Odzież,Facebook Ads,125.76
ZAM-2025-004288,2025-09-08,Odzież,Sklep internetowy,169.12
ZAM-2025-001039,2025-07-24,Elektronika,Marketplace,238.88
ZAM-2025-005484,2025-03-30,Dom i ogród,Marketplace,237.3
ZAM-2025-001237,2025-08-23,Elektronika,Marketplace,463.97
ZAM-2025-008626,2025-06-12,Uroda,Sklep internetowy,37.08
ZAM-2025-006361,2025-07-12,Dom i ogród,Marketplace,167.77
ZAM-2025-000026,2025-01-26,Elektronika,Marketplace,499.1
ZAM-2025-002658,2025-03-04,Odzież,Marketplace,133.01
ZAM-2025-012067,2025-10-31,Sport,Sklep internetowy,200.07
ZAM-2025-009917,2025-12-17,Uroda,Facebook Ads,104.19
ZAM-2025-004179,2025-09-09,Odzież,Google Ads,168.91
ZAM-2025-006895,2025-09-08,Dom i ogród,Sklep internetowy,280.59
ZAM-2025-009036,2025-08-24,Uroda,Sklep internetowy,98.76
ZAM-2025-006155,2025-06-13,Dom i ogród,Sklep internetowy,209.46
ZAM-2025-005555,2025-03-07,Dom i ogród,Marketplace,223.71
ZAM-2025-004803,2025-11-03,Odzież,Sklep internetowy,98.26
ZAM-2025-003460,2025-05-07,Odzież,Facebook Ads,172.37
ZAM-2025-004703,2025-11-06,Odzież,Facebook Ads,145.49
ZAM-2025-010028,2025-12-13,Uroda,Sklep internetowy,139.67
ZAM-2025-012109,2025-11-27,Sport,Facebook Ads,145.58
ZAM-2025-013805,2025-12-11,Zabawki i prezenty,Google Ads,77.56
ZAM-2025-008922,2025-07-06,Uroda,Facebook Ads,113.99
ZAM-2025-004529,2025-10-22,Odzież,Sklep internetowy,133.13
ZAM-2025-013818,2025-12-03,Zabawki i prezenty,Marketplace,55.56
ZAM-2025-001630,2025-11-30,Elektronika,Google Ads,441.55
ZAM-2025-011847,2025-09-14,Sport,Google Ads,194.93
ZAM-2025-010870,2025-04-20,Sport,Marketplace,94.6
ZAM-2025-011943,2025-09-08,Sport,Sklep internetowy,68.77
ZAM-2025-009786,2025-11-08,Uroda,Sklep internetowy,85.34
ZAM-2025-009894,2025-12-17,Uroda,Marketplace,101.34
ZAM-2025-003198,2025-04-03,Odzież,Facebook Ads,172.25
ZAM-2025-007164,2025-11-07,Dom i ogród,Sklep internetowy,181.68
ZAM-2025-006010,2025-05-17,Dom i ogród,Sklep internetowy,200.46
ZAM-2025-010849,2025-04-25,Sport,Sklep internetowy,108.18
ZAM-2025-002105,2025-12-01,Elektronika,Sklep internetowy,205.95
ZAM-2025-010972,2025-05-16,Sport,Sklep internetowy,210.01
ZAM-2025-004797,2025-11-17,Odzież,Google Ads,159.01
ZAM-2025-013932,2025-12-24,Zabawki i prezenty,Google Ads,102.37
ZAM-2025-012201,2025-11-11,Sport,Facebook Ads,174.14
ZAM-2025-005741,2025-04-02,Dom i ogród,Marketplace,57.63
ZAM-2025-006143,2025-06-05,Dom i ogród,Marketplace,188.86
ZAM-2025-008390,2025-05-08,Uroda,Sklep internetowy,80.34
ZAM-2025-001924,2025-11-07,Elektronika,Sklep internetowy,368.23
ZAM-2025-000647,2025-05-02,Elektronika,Facebook Ads,230.11
ZAM-2025-009067,2025-08-13,Uroda,Facebook Ads,118.37
ZAM-2025-004197,2025-09-04,Odzież,Marketplace,157.82
ZAM-2025-000409,2025-03-04,Elektronika,Google Ads,385.49
ZAM-2025-001798,2025-11-26,Elektronika,Google Ads,244.01
ZAM-2025-000824,2025-06-01,Elektronika,Marketplace,339.5
ZAM-2025-006471,2025-07-30,Dom i ogród,Sklep internetowy,184.99
ZAM-2025-006306,2025-06-21,Dom i ogród,Google Ads,129.86
ZAM-2025-006838,2025-09-01,Dom i ogród,Marketplace,19
ZAM-2025-002968,2025-04-27,Odzież,Marketplace,187.81
ZAM-2025-012668,2025-04-06,Zabawki i prezenty,Sklep internetowy,41.82
ZAM-2025-001271,2025-09-03,Elektronika,Sklep internetowy,450.06
ZAM-2025-005877,2025-05-11,Dom i ogród,Facebook Ads,322.47
ZAM-2025-000124,2025-01-06,Elektronika,Facebook Ads,416.83
ZAM-2025-006171,2025-06-14,Dom i ogród,Facebook Ads,135.14
ZAM-2025-008225,2025-04-13,Uroda,Facebook Ads,138.75
ZAM-2025-000349,2025-03-26,Elektronika,Marketplace,205.34
ZAM-2025-013160,2025-10-25,Zabawki i prezenty,Google Ads,56.34
ZAM-2025-005695,2025-04-14,Dom i ogród,Facebook Ads,200.25
ZAM-2025-003172,2025-04-12,Odzież,Facebook Ads,149.49
ZAM-2025-004666,2025-11-17,Odzież,Google Ads,194.0
ZAM-2025-003628,2025-06-28,Odzież,Sklep internetowy,177.94
ZAM-2025-006354,2025-07-13,Dom i ogród,Sklep internetowy,176.92
ZAM-2025-003583,2025-06-17,Odzież,Facebook Ads,217.13
ZAM-2025-006331,2025-06-15,Dom i ogród,Sklep internetowy,129.52
ZAM-2025-005755,2025-04-04,Dom i ogród,Facebook Ads,79.13
ZAM-2025-006327,2025-06-19,Dom i ogród,Sklep internetowy,272.53
ZAM-2025-001587,2025-10-20,Elektronika,Sklep internetowy,517.83
ZAM-2025-005471,2025-03-18,Dom i ogród,Sklep internetowy,278.98
ZAM-2025-013060,2025-09-20,Zabawki i prezenty,Sklep internetowy,107.96
ZAM-2025-006590,2025-08-03,Dom i ogród,Marketplace,139.21
ZAM-2025-006458,2025-07-01,Dom i ogród,Google Ads,212.37
ZAM-2025-005116,2025-12-24,Odzież,Marketplace,125.53
ZAM-2025-012313,2025-12-13,Sport,Facebook Ads,211.27
ZAM-2025-002306,2025-01-31,Odzież,Sklep internetowy,110.93
ZAM-2025-008856,2025-07-30,Uroda,Google Ads,104.8
ZAM-2025-012015,2025-10-10,Sport,Facebook Ads,168.65
ZAM-2025-003100,2025-04-17,Odzież,Sklep internetowy,47.2
ZAM-2025-013693,2025-12-18,Zabawki i prezenty,Facebook Ads,70.89
ZAM-2025-001588,2025-10-24,Elektronika,Sklep internetowy,442.68
ZAM-2025-011016,2025-05-28,Sport,Facebook Ads,134.67
ZAM-2025-012055,2025-10-23,Sport,Marketplace,120.67
ZAM-2025-001406,2025-09-13,Elektronika,Marketplace,158.91
ZAM-2025-012997,2025-08-09,Zabawki i prezenty,Sklep internetowy,69.73
ZAM-2025-007502,2025-01-29,Uroda,Sklep internetowy,84.62
ZAM-2025-003683,2025-07-12,Odzież,Sklep internetowy,116.3
ZAM-2025-003398,2025-05-03,Odzież,Sklep internetowy,54.65
ZAM-2025-011559,2025-07-19,Sport,Marketplace,159.89
ZAM-2025-013802,2025-12-21,Zabawki i prezenty,Marketplace,82.47
ZAM-2025-005566,2025-03-03,Dom i ogród,Marketplace,297.1
ZAM-2025-005624,2025-04-26,Dom i ogród,Marketplace,116.24
ZAM-2025-001898,2025-11-25,Elektronika,Sklep internetowy,424.22
ZAM-2025-013336,2025-11-13,Zabawki i prezenty,Sklep internetowy,94.36
ZAM-2025-007636,2025-02-07,Uroda,Sklep internetowy,110.04
ZAM-2025-013632,2025-11-24,Zabawki i prezenty,Facebook Ads,96.5
ZAM-2025-007908,2025-03-29,Uroda,Sklep internetowy,133.53
ZAM-2025-012107,2025-11-08,Sport,Sklep internetowy,200.04
ZAM-2025-008259,2025-04-06,Uroda,Sklep internetowy,79.01
ZAM-2025-005871,2025-05-30,Dom i ogród,Sklep internetowy,287.78
ZAM-2025-012304,2025-12-17,Sport,Marketplace,165.69
ZAM-2025-011534,2025-07-23,Sport,Facebook Ads,102.9
ZAM-2025-005494,2025-03-24,Dom i ogród,Facebook Ads,361.7
ZAM-2025-007090,2025-10-03,Dom i ogród,Sklep internetowy,66.68
ZAM-2025-003481,2025-06-20,Odzież,Marketplace,118.05
ZAM-2025-006260,2025-06-19,Dom i ogród,Google Ads,196.61
ZAM-2025-004814,2025-11-11,Odzież,Sklep internetowy,112.14
ZAM-2025-011367,2025-06-17,Sport,Facebook Ads,148.91
ZAM-2025-003093,2025-04-17,Odzież,Sklep internetowy,176.47
ZAM-2025-003177,2025-04-04,Odzież,Marketplace,144.43
ZAM-2025-000501,2025-04-03,Elektronika,Sklep internetowy,186.68
ZAM-2025-002857,2025-03-04,Odzież,Marketplace,211.87
ZAM-2025-007808,2025-02-25,Uroda,Facebook Ads,115.04
ZAM-2025-013227,2025-10-26,Zabawki i prezenty,Sklep internetowy,82.06
ZAM-2025-003202,2025-05-03,Odzież,Marketplace,162.63
ZAM-2025-003319,2025-05-10,Odzież,Sklep internetowy,101.57
ZAM-2025-007616,2025-02-18,Uroda,Marketplace,50.89
ZAM-2025-011103,2025-05-10,Sport,Sklep internetowy,234.8
ZAM-2025-002597,2025-02-08,Odzież,Google Ads,51.32
ZAM-2025-005586,2025-03-19,Dom i ogród,Facebook Ads,348.51
ZAM-2025-010339,2025-01-14,Sport,Sklep internetowy,229.64
ZAM-2025-006846,2025-09-30,Dom i ogród,Sklep internetowy,176.14
ZAM-2025-006790,2025-09-13,Dom i ogród,Sklep internetowy,253.44
ZAM-2025-010404,2025-02-02,Sport,Sklep internetowy,175.26
ZAM-2025-000629,2025-05-19,Elektronika,Sklep internetowy,602.88
ZAM-2025-001014,2025-07-15,Elektronika,Sklep internetowy,329.81
ZAM-2025-011699,2025-08-20,Sport,Sklep internetowy,211.59
ZAM-2025-011142,2025-05-27,Sport,Sklep internetowy,136.62
ZAM-2025-008723,2025-06-22,Uroda,Marketplace,100.04
ZAM-2025-005214,2025-01-20,Dom i ogród,Sklep internetowy,178.9
ZAM-2025-009249,2025-09-23,Uroda,Marketplace,40.45
ZAM-2025-002421,2025-02-13,Odzież,Facebook Ads,165.8
ZAM-2025-011993,2025-10-18,Sport,Facebook Ads,171.23
ZAM-2025-010523,2025-02-13,Sport,Sklep internetowy,197.29
ZAM-2025-012663,2025-04-28,Zabawki i prezenty,Marketplace,34.97
ZAM-2025-001948,2025-11-02,Elektronika,Marketplace,294.95
ZAM-2025-008536,2025-05-02,Uroda,Sklep internetowy,66.35
ZAM-2025-012330,2025-12-19,Sport,Facebook Ads,37.05
ZAM-2025-008465,2025-05-25,Uroda,Marketplace,96.48
ZAM-2025-005967,2025-05-13,Dom i ogród,Google Ads,231.13
ZAM-2025-002522,2025-02-08,Odzież,Google Ads,171.48
ZAM-2025-000793,2025-06-26,Elektronika,Sklep internetowy,568.35
ZAM-2025-014122,2025-12-19,Zabawki i prezenty,Sklep internetowy,83.64
ZAM-2025-003162,2025-04-25,Odzież,Marketplace,195.23
ZAM-2025-003654,2025-06-20,Odzież,Sklep internetowy,103.99
ZAM-2025-002641,2025-03-21,Odzież,Sklep internetowy,101.4
ZAM-2025-009553,2025-10-09,Uroda,Sklep internetowy,102.52
ZAM-2025-002812,2025-03-27,Odzież,Marketplace,153.52
ZAM-2025-009584,2025-11-27,Uroda,Sklep internetowy,67.05
ZAM-2025-009805,2025-12-27,Uroda,Google Ads,143.68
ZAM-2025-010834,2025-04-16,Sport,Google Ads,198.15
ZAM-2025-001916,2025-11-05,Elektronika,Marketplace,119.26
ZAM-2025-012373,2025-12-14,Sport,Facebook Ads,236.65
ZAM-2025-004816,2025-11-12,Odzież,Sklep internetowy,27.83
ZAM-2025-003453,2025-05-04,Odzież,Marketplace,120.43
ZAM-2025-007603,2025-02-05,Uroda,Marketplace,87.65
ZAM-2025-008378,2025-05-31,Uroda,Marketplace,152.36
ZAM-2025-003391,2025-05-01,Odzież,Sklep internetowy,149.73
ZAM-2025-008511,2025-05-08,Uroda,Facebook Ads,142.17
ZAM-2025-001317,2025-09-08,Elektronika,Marketplace,511.95
ZAM-2025-012188,2025-11-25,Sport,Sklep internetowy,116.64
ZAM-2025-011674,2025-08-03,Sport,Google Ads,187.88
ZAM-2025-011250,2025-06-05,Sport,Marketplace,231.86
ZAM-2025-013916,2025-12-18,Zabawki i prezenty,Sklep internetowy,100.77
ZAM-2025-012920,2025-07-03,Zabawki i prezenty,Sklep internetowy,91.77
ZAM-2025-009980,2025-12-13,Uroda,Google Ads,75.54
ZAM-2025-000576,2025-04-05,Elektronika,Google Ads,284.25
ZAM-2025-001660,2025-11-08,Elektronika,Marketplace,289.13
ZAM-2025-012589,2025-03-22,Zabawki i prezenty,Sklep internetowy,81.97
ZAM-2025-007949,2025-03-26,Uroda,Facebook Ads,88.71
ZAM-2025-009438,2025-10-09,Uroda,Sklep internetowy,57.29
ZAM-2025-001421,2025-09-14,Elektronika,Sklep internetowy,208.07
ZAM-2025-008133,2025-04-05,Uroda,Facebook Ads,121.47
ZAM-2025-007559,2025-01-19,Uroda,Google Ads,102.74
ZAM-2025-004341,2025-10-16,Odzież,Facebook Ads,55.11
ZAM-2025-008016,2025-03-27,Uroda,Facebook Ads,97.09
ZAM-2025-012632,2025-04-04,Zabawki i prezenty,Marketplace,94.41
ZAM-2025-014043,2025-12-01,Zabawki i prezenty,Sklep internetowy,75.21
ZAM-2025-005990,2025-05-13,Dom i ogród,Sklep internetowy,275.52
ZAM-2025-010794,2025-04-18,Sport,Marketplace,175.14
ZAM-2025-007076,2025-10-01,Dom i ogród,Facebook Ads,178.52
ZAM-2025-011354,2025-06-15,Sport,Google Ads,187.01
ZAM-2025-013432,2025-11-01,Zabawki i prezenty,Sklep internetowy,33.7
ZAM-2025-001982,2025-12-30,Elektronika,Marketplace,291.22
ZAM-2025-007053,2025-10-12,Dom i ogród,Google Ads,289.47
ZAM-2025-009993,2025-12-27,Uroda,Sklep internetowy,97.91
ZAM-2025-004351,2025-10-21,Odzież,Sklep internetowy,155.49
ZAM-2025-003424,2025-05-30,Odzież,Google Ads,196.09
ZAM-2025-008912,2025-07-22,Uroda,Marketplace,131.4
ZAM-2025-004309,2025-09-21,Odzież,Marketplace,214.89
ZAM-2025-011642,2025-08-24,Sport,Google Ads,158.81
ZAM-2025-007193,2025-11-25,Dom i ogród,Facebook Ads,108.12
ZAM-2025-007379,2025-12-17,Dom i ogród,Google Ads,355.55
ZAM-2025-001562,2025-10-04,Elektronika,Sklep internetowy,513.67
ZAM-2025-001219,2025-08-18,Elektronika,Sklep internetowy,440.06
ZAM-2025-012187,2025-11-30,Sport,Marketplace,38.74
ZAM-2025-002301,2025-01-14,Odzież,Google Ads,164.65
ZAM-2025-001251,2025-09-11,Elektronika,Sklep internetowy,287.15
ZAM-2025-005384,2025-02-17,Dom i ogród,Google Ads,78.32
ZAM-2025-010926,2025-04-30,Sport,Marketplace,193.78
ZAM-2025-000248,2025-02-28,Elektronika,Facebook Ads,507.87
ZAM-2025-009900,2025-12-18,Uroda,Sklep internetowy,103.01
ZAM-2025-008644,2025-06-08,Uroda,Sklep internetowy,127.61
ZAM-2025-009216,2025-09-01,Uroda,Facebook Ads,63.4
ZAM-2025-008404,2025-05-29,Uroda,Marketplace,122.3
ZAM-2025-010148,2025-01-27,Sport,Sklep internetowy,130.72
ZAM-2025-007680,2025-02-11,Uroda,Marketplace,99.3
ZAM-2025-005373,2025-02-28,Dom i ogród,Sklep internetowy,178.22
ZAM-2025-003554,2025-06-08,Odzież,Sklep internetowy,19.93
ZAM-2025-003314,2025-05-19,Odzież,Facebook Ads,103.23
ZAM-2025-014129,2025-12-30,Zabawki i prezenty,Sklep internetowy,58.97
ZAM-2025-012480,2025-02-22,Zabawki i prezenty,Sklep internetowy,134.86
ZAM-2025-008676,2025-06-05,Uroda,Google Ads,149.6
ZAM-2025-002333,2025-01-09,Odzież,Sklep internetowy,119.17
ZAM-2025-014106,2025-12-11,Zabawki i prezenty,Marketplace,42.64
ZAM-2025-002407,2025-01-26,Odzież,Facebook Ads,176.92
ZAM-2025-010097,2025-01-27,Sport,Marketplace,202.79
ZAM-2025-000242,2025-02-09,Elektronika,Facebook Ads,435.65
ZAM-2025-005917,2025-05-17,Dom i ogród,Sklep internetowy,57.18
ZAM-2025-009647,2025-11-10,Uroda,Marketplace,146.76
ZAM-2025-004971,2025-12-21,Odzież,Sklep internetowy,143.08
ZAM-2025-010518,2025-02-11,Sport,Marketplace,221.01
ZAM-2025-007295,2025-12-31,Dom i ogród,Sklep internetowy,184.77
ZAM-2025-002066,2025-12-07,Elektronika,Sklep internetowy,89.38
ZAM-2025-011875,2025-09-22,Sport,Facebook Ads,154.25
ZAM-2025-005229,2025-01-03,Dom i ogród,Google Ads,276.16
ZAM-2025-001384,2025-09-15,Elektronika,Marketplace,380.21
ZAM-2025-000948,2025-07-23,Elektronika,Facebook Ads,565.09
ZAM-2025-013926,2025-12-07,Zabawki i prezenty,Facebook Ads,91.48
ZAM-2025-000410,2025-03-31,Elektronika,Google Ads,332.35
ZAM-2025-000617,2025-05-22,Elektronika,Sklep internetowy,237.75
ZAM-2025-008868,2025-07-21,Uroda,Sklep internetowy,68.18
ZAM-2025-000070,2025-01-24,Elektronika,Facebook Ads,159.97
ZAM-2025-010775,2025-04-16,Sport,Facebook Ads,178.69
ZAM-2025-004295,2025-09-21,Odzież,Marketplace,226.86
ZAM-2025-009953,2025-12-27,Uroda,Sklep internetowy,105.33
ZAM-2025-008053,2025-03-17,Uroda,Sklep internetowy,108.99
ZAM-2025-000438,2025-04-25,Elektronika,Sklep internetowy,442.37
ZAM-2025-002510,2025-02-07,Odzież,Facebook Ads,138.49
ZAM-2025-013065,2025-09-02,Zabawki i prezenty,Marketplace,106.01
ZAM-2025-010734,2025-03-03,Sport,Sklep internetowy,151.52
ZAM-2025-004343,2025-10-06,Odzież,Facebook Ads,227.95
ZAM-2025-009183,2025-09-06,Uroda,Marketplace,57.31
ZAM-2025-006148,2025-06-21,Dom i ogród,Marketplace,104.46
ZAM-2025-008023,2025-03-07,Uroda,Sklep internetowy,92.75
ZAM-2025-012261,2025-12-23,Sport,Google Ads,297.11
ZAM-2025-010314,2025-01-27,Sport,Marketplace,156.43
ZAM-2025-013423,2025-11-19,Zabawki i prezenty,Google Ads,67.59
ZAM-2025-010512,2025-02-19,Sport,Sklep internetowy,109.24
ZAM-2025-004050,2025-09-09,Odzież,Facebook Ads,156.91
ZAM-2025-001020,2025-07-23,Elektronika,Sklep internetowy,546.52
ZAM-2025-003699,2025-07-06,Odzież,Marketplace,227.07
ZAM-2025-007031,2025-10-05,Dom i ogród,Sklep internetowy,206.54
ZAM-2025-000759,2025-06-13,Elektronika,Sklep internetowy,91.82
ZAM-2025-006135,2025-06-08,Dom i ogród,Google Ads,186.02
ZAM-2025-010310,2025-01-21,Sport,Sklep internetowy,98.78
ZAM-2025-012516,2025-02-06,Zabawki i prezenty,Marketplace,52.26
ZAM-2025-003620,2025-06-22,Odzież,Sklep internetowy,158.16
ZAM-2025-004474,2025-10-09,Odzież,Facebook Ads,167.12
ZAM-2025-006849,2025-09-14,Dom i ogród,Facebook Ads,204.87
ZAM-2025-014026,2025-12-25,Zabawki i prezenty,Marketplace,64.78
ZAM-2025-011923,2025-09-02,Sport,Sklep internetowy,220.51
ZAM-2025-003259,2025-05-12,Odzież,Google Ads,66.35
ZAM-2025-011894,2025-09-06,Sport,Sklep internetowy,151.68
ZAM-2025-007309,2025-12-04,Dom i ogród,Sklep internetowy,151.78
ZAM-2025-006709,2025-08-21,Dom i ogród,Google Ads,83.4
ZAM-2025-007928,2025-03-29,Uroda,Sklep internetowy,73.23
ZAM-2025-000502,2025-04-10,Elektronika,Sklep internetowy,482.93
ZAM-2025-003974,2025-08-05,Odzież,Marketplace,198.51
ZAM-2025-013666,2025-12-29,Zabawki i prezenty,Google Ads,54.56
ZAM-2025-006684,2025-08-17,Dom i ogród,Google Ads,125.79
ZAM-2025-011742,2025-08-29,Sport,Sklep internetowy,162.8
ZAM-2025-011228,2025-06-14,Sport,Facebook Ads,98.4
ZAM-2025-002244,2025-01-13,Odzież,Facebook Ads,52.24
ZAM-2025-012214,2025-11-09,Sport,Google Ads,165.7
ZAM-2025-007497,2025-01-25,Uroda,Facebook Ads,64.28
ZAM-2025-008709,2025-06-26,Uroda,Sklep internetowy,71.55
ZAM-2025-010724,2025-03-07,Sport,Sklep internetowy,82.55
ZAM-2025-005520,2025-03-29,Dom i ogród,Marketplace,155.94
ZAM-2025-007755,2025-02-21,Uroda,Sklep internetowy,121.34
ZAM-2025-006033,2025-05-10,Dom i ogród,Sklep internetowy,319.04
ZAM-2025-009840,2025-12-18,Uroda,Google Ads,94.15
ZAM-2025-000127,2025-01-01,Elektronika,Facebook Ads,291.58
ZAM-2025-000785,2025-06-21,Elektronika,Sklep internetowy,452.84
ZAM-2025-007263,2025-12-15,Dom i ogród,Marketplace,152.96
ZAM-2025-003182,2025-04-07,Odzież,Marketplace,108.48
ZAM-2025-005193,2025-01-02,Dom i ogród,Marketplace,183.01
ZAM-2025-005490,2025-03-30,Dom i ogród,Marketplace,202.74
ZAM-2025-013773,2025-12-05,Zabawki i prezenty,Sklep internetowy,31.9
ZAM-2025-009987,2025-12-11,Uroda,Sklep internetowy,97.87
ZAM-2025-011873,2025-09-02,Sport,Facebook Ads,305.41
ZAM-2025-010600,2025-03-25,Sport,Sklep internetowy,152.12
ZAM-2025-014099,2025-12-28,Zabawki i prezenty,Facebook Ads,48.86
ZAM-2025-009889,2025-12-25,Uroda,Sklep internetowy,103.17
ZAM-2025-001752,2025-11-12,Elektronika,Marketplace,414.71
ZAM-2025-011830,2025-09-25,Sport,Marketplace,185.4
ZAM-2025-003935,2025-08-15,Odzież,Sklep internetowy,95.24
ZAM-2025-010716,2025-03-11,Sport,Marketplace,254.9
ZAM-2025-006199,2025-06-22,Dom i ogród,Sklep internetowy,217.64
ZAM-2025-005392,2025-02-07,Dom i ogród,Facebook Ads,277.06
ZAM-2025-009185,2025-09-28,Uroda,Sklep internetowy,79.65
ZAM-2025-011490,2025-07-09,Sport,Sklep internetowy,106.8
ZAM-2025-008424,2025-05-06,Uroda,Sklep internetowy,119.15
ZAM-2025-008604,2025-06-22,Uroda,Facebook Ads,39.19
ZAM-2025-010162,2025-01-18,Sport,Google Ads,256.75
ZAM-2025-004067,2025-09-19,Odzież,Sklep internetowy,61.65
ZAM-2025-010247,2025-01-28,Sport,Sklep internetowy,281.19
ZAM-2025-004699,2025-11-17,Odzież,Google Ads,138.43
ZAM-2025-007999,2025-03-27,Uroda,Google Ads,91.17
ZAM-2025-011409,2025-07-27,Sport,Sklep internetowy,172.59
ZAM-2025-007859,2025-02-09,Uroda,Marketplace,124.02
ZAM-2025-013795,2025-12-28,Zabawki i prezenty,Sklep internetowy,74.31
ZAM-2025-005369,2025-02-24,Dom i ogród,Marketplace,170.11
ZAM-2025-004740,2025-11-01,Odzież,Marketplace,102.01
ZAM-2025-005272,2025-01-14,Dom i ogród,Marketplace,166.95
ZAM-2025-005208,2025-01-27,Dom i ogród,Sklep internetowy,216.94
ZAM-2025-003928,2025-08-15,Odzież,Facebook Ads,182.12
ZAM-2025-005936,2025-05-05,Dom i ogród,Sklep internetowy,294.3
ZAM-2025-004223,2025-09-15,Odzież,Marketplace,131.93
ZAM-2025-003718,2025-07-03,Odzież,Marketplace,125.23
ZAM-2025-011324,2025-06-06,Sport,Sklep internetowy,136.24
ZAM-2025-011215,2025-06-24,Sport,Facebook Ads,161.1
ZAM-2025-001350,2025-09-05,Elektronika,Sklep internetowy,331.49
ZAM-2025-004761,2025-11-21,Odzież,Sklep internetowy,93.05
ZAM-2025-001190,2025-08-22,Elektronika,Sklep internetowy,296.97
ZAM-2025-012086,2025-10-02,Sport,Sklep internetowy,180.77
ZAM-2025-006358,2025-07-20,Dom i ogród,Sklep internetowy,115.93
ZAM-2025-000317,2025-03-26,Elektronika,Sklep internetowy,392.41
ZAM-2025-006630,2025-08-25,Dom i ogród,Facebook Ads,126.32
ZAM-2025-005564,2025-03-20,Dom i ogród,Marketplace,188.73
ZAM-2025-013395,2025-11-29,Zabawki i prezenty,Marketplace,93.56
ZAM-2025-013330,2025-11-01,Zabawki i prezenty,Google Ads,50.08
ZAM-2025-005059,2025-12-27,Odzież,Sklep internetowy,229.17
ZAM-2025-003212,2025-05-02,Odzież,Facebook Ads,162.45
ZAM-2025-003399,2025-05-18,Odzież,Sklep internetowy,124.55
ZAM-2025-002833,2025-03-08,Odzież,Sklep internetowy,141.22
ZAM-2025-005142,2025-12-17,Odzież,Sklep internetowy,65.88
ZAM-2025-010333,2025-01-25,Sport,Marketplace,203.09
ZAM-2025-008156,2025-04-06,Uroda,Facebook Ads,64.44
ZAM-2025-000357,2025-03-12,Elektronika,Marketplace,286.87
ZAM-2025-004653,2025-11-12,Odzież,Facebook Ads,69.78
ZAM-2025-009343,2025-09-01,Uroda,Facebook Ads,138.72
ZAM-2025-009243,2025-09-30,Uroda,Sklep internetowy,110.91
ZAM-2025-005126,2025-12-18,Odzież,Marketplace,120.75
ZAM-2025-005870,2025-05-04,Dom i ogród,Sklep internetowy,106.19
ZAM-2025-011134,2025-05-03,Sport,Sklep internetowy,204.39
ZAM-2025-001010,2025-07-28,Elektronika,Sklep internetowy,240.02
ZAM-2025-005086,2025-12-07,Odzież,Marketplace,74.47
ZAM-2025-003074,2025-04-03,Odzież,Sklep internetowy,79.83
ZAM-2025-009760,2025-11-03,Uroda,Sklep internetowy,122.01
ZAM-2025-004992,2025-12-07,Odzież,Marketplace,204.06
ZAM-2025-006547,2025-07-08,Dom i ogród,Sklep internetowy,209.04
ZAM-2025-012850,2025-06-13,Zabawki i prezenty,Sklep internetowy,85.81
ZAM-2025-000672,2025-05-19,Elektronika,Facebook Ads,525.66
ZAM-2025-004412,2025-10-25,Odzież,Marketplace,157.46
ZAM-2025-009454,2025-10-10,Uroda,Google Ads,117.77
ZAM-2025-009854,2025-12-19,Uroda,Google Ads,64.3
ZAM-2025-007886,2025-03-14,Uroda,Sklep internetowy,44.19
ZAM-2025-001591,2025-10-17,Elektronika,Facebook Ads,333.53
ZAM-2025-010831,2025-04-12,Sport,Facebook Ads,231.85
ZAM-2025-007462,2025-01-19,Uroda,Marketplace,43.87
ZAM-2025-013156,2025-10-01,Zabawki i prezenty,Facebook Ads,56.11
ZAM-2025-001263,2025-09-02,Elektronika,Sklep internetowy,377.42
ZAM-2025-009710,2025-11-21,Uroda,Marketplace,76.19
ZAM-2025-009318,2025-09-17,Uroda,Marketplace,99.67
ZAM-2025-009165,2025-09-21,Uroda,Sklep internetowy,92.05
ZAM-2025-010934,2025-04-05,Sport,Marketplace,227.45
ZAM-2025-000370,2025-03-20,Elektronika,Google Ads,470.62
ZAM-2025-010767,2025-04-04,Sport,Google Ads,115.56
ZAM-2025-002196,2025-12-07,Elektronika,Sklep internetowy,396.32
ZAM-2025-011657,2025-08-07,Sport,Marketplace,269.01
ZAM-2025-005468,2025-03-17,Dom i ogród,Marketplace,141.87
ZAM-2025-007794,2025-02-22,Uroda,Facebook Ads,68.71
ZAM-2025-007865,2025-02-14,Uroda,Marketplace,100.34
ZAM-2025-004408,2025-10-21,Odzież,Sklep internetowy,231.82
ZAM-2025-001845,2025-11-28,Elektronika,Facebook Ads,439.93
ZAM-2025-011537,2025-07-22,Sport,Google Ads,84.34
ZAM-2025-004942,2025-12-21,Odzież,Marketplace,169.3
ZAM-2025-012916,2025-07-25,Zabawki i prezenty,Marketplace,95.07
ZAM-2025-008781,2025-06-06,Uroda,Marketplace,124.94
ZAM-2025-001575,2025-10-22,Elektronika,Marketplace,31.99
ZAM-2025-003922,2025-08-17,Odzież,Marketplace,105.15
ZAM-2025-009523,2025-10-29,Uroda,Google Ads,86.34
ZAM-2025-008743,2025-06-08,Uroda,Marketplace,106.22
ZAM-2025-003511,2025-06-19,Odzież,Marketplace,226.73
ZAM-2025-011522,2025-07-12,Sport,Google Ads,160.05
ZAM-2025-003670,2025-06-09,Odzież,Sklep internetowy,136.64
ZAM-2025-013480,2025-11-04,Zabawki i prezenty,Facebook Ads,82.9
ZAM-2025-000791,2025-06-28,Elektronika,Facebook Ads,304.76
ZAM-2025-004383,2025-10-30,Odzież,Sklep internetowy,112.43
ZAM-2025-013062,2025-09-26,Zabawki i prezenty,Google Ads,95.29
ZAM-2025-007994,2025-03-01,Uroda,Sklep internetowy,126.04
ZAM-2025-003082,2025-04-26,Odzież,Facebook Ads,154.74
ZAM-2025-003278,2025-05-29,Odzież,Google Ads,57.84
ZAM-2025-008489,2025-05-01,Uroda,Facebook Ads,82.77
ZAM-2025-003410,2025-05-10,Odzież,Sklep internetowy,195.71
ZAM-2025-001262,2025-09-23,Elektronika,Marketplace,321.18
ZAM-2025-010892,2025-04-08,Sport,Facebook Ads,217.07
ZAM-2025-012110,2025-11-14,Sport,Google Ads,185.66
ZAM-2025-012011,2025-10-14,Sport,Marketplace,116.65
ZAM-2025-011836,2025-09-27,Sport,Facebook Ads,197.3
ZAM-2025-009286,2025-09-04,Uroda,Marketplace,103.22
ZAM-2025-000414,2025-03-13,Elektronika,Google Ads,184.99
ZAM-2025-006689,2025-08-04,Dom i ogród,Facebook Ads,201.72
ZAM-2025-012564,2025-03-02,Zabawki i prezenty,Sklep internetowy,62.3
ZAM-2025-005066,2025-12-26,Odzież,Facebook Ads,229.47
ZAM-2025-003040,2025-04-25,Odzież,Sklep internetowy,163.0
ZAM-2025-006820,2025-09-11,Dom i ogród,Facebook Ads,170.75
ZAM-2025-014050,2025-12-20,Zabawki i prezenty,Sklep internetowy,37.25
ZAM-2025-011218,2025-06-02,Sport,Sklep internetowy,139.2
ZAM-2025-001183,2025-08-26,Elektronika,Sklep internetowy,718.81
ZAM-2025-002462,2025-02-16,Odzież,Marketplace,185.53
ZAM-2025-013391,2025-11-23,Zabawki i prezenty,Sklep internetowy,66.49
ZAM-2025-002817,2025-03-21,Odzież,Facebook Ads,75.05
ZAM-2025-010678,2025-03-02,Sport,Sklep internetowy,224.74
ZAM-2025-003883,2025-08-04,Odzież,Sklep internetowy,122.29
ZAM-2025-006022,2025-05-03,Dom i ogród,Facebook Ads,255.64
ZAM-2025-000934,2025-07-25,Elektronika,Facebook Ads,385.45
ZAM-2025-004035,2025-08-30,Odzież,Facebook Ads,33.75
ZAM-2025-013817,2025-12-17,Zabawki i prezenty,Sklep internetowy,85.68
ZAM-2025-001341,2025-09-05,Elektronika,Facebook Ads,479.13
ZAM-2025-005781,2025-04-05,Dom i ogród,Google Ads,74.52
ZAM-2025-009105,2025-08-09,Uroda,Facebook Ads,101.59
ZAM-2025-005556,2025-03-23,Dom i ogród,Facebook Ads,149.49
ZAM-2025-011472,2025-07-02,Sport,Facebook Ads,122.37
ZAM-2025-002701,2025-03-13,Odzież,Sklep internetowy,55.51
ZAM-2025-004379,2025-10-25,Odzież,Marketplace,245.09
ZAM-2025-001827,2025-11-06,Elektronika,Sklep internetowy,126.49
ZAM-2025-004602,2025-10-03,Odzież,Marketplace,119.16
ZAM-2025-010023,2025-12-19,Uroda,Marketplace,54.13
ZAM-2025-012579,2025-03-26,Zabawki i prezenty,Facebook Ads,57.29
ZAM-2025-012325,2025-12-27,Sport,Marketplace,116.59
ZAM-2025-003959,2025-08-08,Odzież,Sklep internetowy,178.39
ZAM-2025-008596,2025-06-05,Uroda,Sklep internetowy,110.43
ZAM-2025-013188,2025-10-10,Zabawki i prezenty,Marketplace,33.31
ZAM-2025-010050,2025-12-11,Uroda,Sklep internetowy,63.47
